evaluation_period,group_type,group_value,model,n,mae,rmse,wape,smape,uncensored_n
2024-06-26 to 2024-07-02,store,0,seasonal_naive,238,0.5415126050420168,0.8378569100274057,0.41028906150515726,0.5420689947241958,121
2024-06-26 to 2024-07-02,store,0,xgb_observed_sales,238,0.4299955788179606,0.6677106025647425,0.3257957078781186,0.48795337626346746,121
2024-06-26 to 2024-07-02,store,0,xgb_stockout_aware,238,0.4272807416682985,0.6286940024527385,0.3237387511685185,0.4791034714640788,121
2024-06-26 to 2024-07-02,store,1,seasonal_naive,14,0.5499999999999999,0.8259194011178435,0.6416666666666665,1.2057040998217468,13
2024-06-26 to 2024-07-02,store,1,xgb_observed_sales,14,0.6116477672542845,0.7609274883411522,0.7135890617966651,1.0389224432034099,13
2024-06-26 to 2024-07-02,store,1,xgb_stockout_aware,14,0.5567741176911764,0.7129374174186074,0.649569803973039,1.023426183253424,13
2024-06-26 to 2024-07-02,store,2,seasonal_naive,14,0.5685714285714286,0.8303871730360828,1.206060606060606,0.8514786800501087,11
2024-06-26 to 2024-07-02,store,2,xgb_observed_sales,14,0.29196301251649853,0.35701399657093186,0.6193154810956029,0.6633472064572892,11
2024-06-26 to 2024-07-02,store,2,xgb_stockout_aware,14,0.3255816957780292,0.3731877905143821,0.6906278395291529,0.7413454117864394,11
2024-06-26 to 2024-07-02,store,3,seasonal_naive,266,0.6563157894736842,1.1202624558222114,0.5646914219174537,0.7621927336254064,145
2024-06-26 to 2024-07-02,store,3,xgb_observed_sales,266,0.5228250001135625,0.8891567058111793,0.4498364925288123,0.5489174062027208,145
2024-06-26 to 2024-07-02,store,3,xgb_stockout_aware,266,0.5301075400176801,0.8902948462725904,0.4561023600876663,0.5477575169932009,145
2024-06-26 to 2024-07-02,store,4,seasonal_naive,7,0.41428571428571426,0.44561354172806344,0.7073170731707318,0.7347284294652716,5
2024-06-26 to 2024-07-02,store,4,xgb_observed_sales,7,0.35684761830738615,0.4024766039022556,0.609252031256513,0.7018831460656262,5
2024-06-26 to 2024-07-02,store,4,xgb_stockout_aware,7,0.3996205415044512,0.44149043712663105,0.6822789733002826,0.7364384253571493,5
2024-06-26 to 2024-07-02,store,5,seasonal_naive,252,0.5067063492063492,0.8094263596807505,0.32549069589599794,0.6438624081786547,159
2024-06-26 to 2024-07-02,store,5,xgb_observed_sales,252,0.4359117773648292,0.8915326476979849,0.2800147027681289,0.5016193976985728,159
2024-06-26 to 2024-07-02,store,5,xgb_stockout_aware,252,0.4469328692537688,0.8376677626995824,0.2870942723730557,0.5210054778457668,159
2024-06-26 to 2024-07-02,store,6,seasonal_naive,14,0.4907142857142856,0.7581226813649622,0.5994764397905757,0.6500624643592358,12
2024-06-26 to 2024-07-02,store,6,xgb_observed_sales,14,0.41034209966659546,0.49671579078367706,0.5012905231529089,0.6087722901865334,12
2024-06-26 to 2024-07-02,store,6,xgb_stockout_aware,14,0.3953286624806268,0.4614011102937951,0.48294950041263307,0.5757846392287727,12
2024-06-26 to 2024-07-02,store,7,seasonal_naive,21,0.5047619047619046,0.7211102550927979,0.3533333333333333,0.6388768604474705,20
2024-06-26 to 2024-07-02,store,7,xgb_observed_sales,21,0.4619057016713279,0.7108792899135244,0.3233339911699295,0.4932268397195931,20
2024-06-26 to 2024-07-02,store,7,xgb_stockout_aware,21,0.43939163471971243,0.6721195336764071,0.3075741443037987,0.4832549907333128,20
2024-06-26 to 2024-07-02,store,8,seasonal_naive,7,0.3957142857142858,0.4615037532737023,0.9651567944250873,0.8874405288198393,5
2024-06-26 to 2024-07-02,store,8,xgb_observed_sales,7,0.2049858469622476,0.23694612914489938,0.4999654803957258,0.6224709623186296,5
2024-06-26 to 2024-07-02,store,8,xgb_stockout_aware,7,0.23991190808159965,0.2608192481771997,0.5851509953209747,0.6970628948339852,5
2024-06-26 to 2024-07-02,store,9,seasonal_naive,259,0.42625482625482625,0.641414941682159,0.4616928738708598,0.5888428216943766,128
2024-06-26 to 2024-07-02,store,9,xgb_observed_sales,259,0.33792571641073266,0.5007271961314257,0.36602024318492704,0.4398343211775366,128
2024-06-26 to 2024-07-02,store,9,xgb_stockout_aware,259,0.33495718014976694,0.5132039988140894,0.3628049082418436,0.4334009397336998,128
2024-06-26 to 2024-07-02,store,10,seasonal_naive,147,0.8053061224489797,1.3943354792055709,0.3957079823505817,0.7260183497731654,75
2024-06-26 to 2024-07-02,store,10,xgb_observed_sales,147,0.6513959967198015,1.3717030912661927,0.3200802631294652,0.5646451208981657,75
2024-06-26 to 2024-07-02,store,10,xgb_stockout_aware,147,0.6051052185588953,1.1216143442753816,0.2973340925530071,0.553471305028448,75
2024-06-26 to 2024-07-02,store,11,seasonal_naive,91,0.8151648351648353,1.6343658245177692,0.5691268988798527,0.676235177669733,55
2024-06-26 to 2024-07-02,store,11,xgb_observed_sales,91,0.5697089487838221,1.1974641220606372,0.39775597927978984,0.469667958330275,55
2024-06-26 to 2024-07-02,store,11,xgb_stockout_aware,91,0.6090406947214524,1.324447102677759,0.4252163819215296,0.4726327053423182,55
2024-06-26 to 2024-07-02,store,12,seasonal_naive,14,0.9285714285714285,1.44023807555755,2.063492063492063,1.0001027960379143,14
2024-06-26 to 2024-07-02,store,12,xgb_observed_sales,14,0.41209171031202585,0.5065302096825065,0.9157593562489462,0.7912087692411439,14
2024-06-26 to 2024-07-02,store,12,xgb_stockout_aware,14,0.45069902581827986,0.5768743572857092,1.0015533907072884,0.829372842614314,14
2024-06-26 to 2024-07-02,store,13,seasonal_naive,182,0.3437967032967033,0.4840798510553834,0.3892683837252707,0.5469234720471499,133
2024-06-26 to 2024-07-02,store,13,xgb_observed_sales,182,0.2871833892346738,0.3707331677318764,0.3251672069224253,0.4416423055495231,133
2024-06-26 to 2024-07-02,store,13,xgb_stockout_aware,182,0.27802065778237117,0.35950545915996857,0.31479258253323106,0.43755894437972515,133
2024-06-26 to 2024-07-02,store,14,seasonal_naive,56,0.34375,0.5472055633593546,0.4249448123620309,0.5669667973830871,35
2024-06-26 to 2024-07-02,store,14,xgb_observed_sales,56,0.2935510178761823,0.41139011294600863,0.3628886755202254,0.42579830725467616,35
2024-06-26 to 2024-07-02,store,14,xgb_stockout_aware,56,0.2828671917319298,0.39148927266597894,0.3496812966222532,0.41875334985519974,35
2024-06-26 to 2024-07-02,store,16,seasonal_naive,7,0.3,0.4259443290250164,1.05,0.8047619047619047,4
2024-06-26 to 2024-07-02,store,16,xgb_observed_sales,7,0.15653780443327767,0.22636355489626692,0.5478823155164718,0.683394572231964,4
2024-06-26 to 2024-07-02,store,16,xgb_stockout_aware,7,0.14052818417549132,0.21123828174473538,0.4918486446142196,0.681435123812295,4
2024-06-26 to 2024-07-02,store,17,seasonal_naive,14,0.3642857142857143,0.44158804331639234,0.6296296296296298,1.0764128728414444,10
2024-06-26 to 2024-07-02,store,17,xgb_observed_sales,14,0.22078053025262698,0.30327133556911684,0.38159597821441704,0.6323387572276304,10
2024-06-26 to 2024-07-02,store,17,xgb_stockout_aware,14,0.21575663941247125,0.2890380368913985,0.3729127100956293,0.5735424006528105,10
2024-06-26 to 2024-07-02,store,18,seasonal_naive,28,0.36392857142857143,0.45759074041580616,0.48408551068883604,0.6866289800663287,25
2024-06-26 to 2024-07-02,store,18,xgb_observed_sales,28,0.36459297657012935,0.489883767682129,0.48496927999827183,0.5336760534955182,25
2024-06-26 to 2024-07-02,store,18,xgb_stockout_aware,28,0.37044179567268914,0.4753516090034188,0.4927491818924131,0.5360107437303575,25
2024-06-26 to 2024-07-02,store,19,seasonal_naive,14,0.4142857142857144,0.5250850271282602,0.39189189189189194,0.5432572982572984,12
2024-06-26 to 2024-07-02,store,19,xgb_observed_sales,14,0.47605697959661486,0.5683250955012696,0.4503241698886897,0.6630693416824934,12
2024-06-26 to 2024-07-02,store,19,xgb_stockout_aware,14,0.4669207721948624,0.5332416452258215,0.4416818115356806,0.650687083876071,12
2024-06-26 to 2024-07-02,store,20,seasonal_naive,245,0.539265306122449,0.9560620763724242,0.44595963005468175,0.49760397729516875,153
2024-06-26 to 2024-07-02,store,20,xgb_observed_sales,245,0.423108790258972,0.7565659664254676,0.3499009438110044,0.405106419772751,153
2024-06-26 to 2024-07-02,store,20,xgb_stockout_aware,245,0.401520011476108,0.7416968458404347,0.33204753531238257,0.4032740361473618,153
2024-06-26 to 2024-07-02,store,21,seasonal_naive,273,0.6756043956043956,1.112715715596874,0.35525935628021654,0.63905647999752,167
2024-06-26 to 2024-07-02,store,21,xgb_observed_sales,273,0.5481434426726876,1.1977210431382328,0.2882353754062132,0.46186642217545937,167
2024-06-26 to 2024-07-02,store,21,xgb_stockout_aware,273,0.5192834316308681,0.9573060289186152,0.27305964681169365,0.4519689432252902,167
2024-06-26 to 2024-07-02,store,22,seasonal_naive,14,0.39999999999999997,0.57196403483336,0.6292134831460675,0.6779366831998411,11
2024-06-26 to 2024-07-02,store,22,xgb_observed_sales,14,0.33129017949104306,0.4065725224481273,0.5211306194241128,0.7487558923333137,11
2024-06-26 to 2024-07-02,store,22,xgb_stockout_aware,14,0.31611013880797795,0.4076620014230147,0.4972519037428867,0.7087991137808772,11
2024-06-26 to 2024-07-02,store,23,seasonal_naive,14,0.45000000000000007,0.49352956200356285,0.5431034482758621,0.5729710417680342,12
2024-06-26 to 2024-07-02,store,23,xgb_observed_sales,14,0.4097759919507163,0.49586388233022743,0.4945572316646576,0.5349315844343254,12
2024-06-26 to 2024-07-02,store,23,xgb_stockout_aware,14,0.3871950737067631,0.4836776164855235,0.4673043993012658,0.5080716795249199,12
2024-06-26 to 2024-07-02,store,24,seasonal_naive,14,0.25000000000000006,0.29880715233359845,0.4861111111111112,0.7054992393227687,6
2024-06-26 to 2024-07-02,store,24,xgb_observed_sales,14,0.25052512756415773,0.29274586125066326,0.48713219248586237,0.7737907441467365,6
2024-06-26 to 2024-07-02,store,24,xgb_stockout_aware,14,0.2796684056520462,0.33515698683676065,0.5437996776567565,0.7571612109366698,6
2024-06-26 to 2024-07-02,store,25,seasonal_naive,238,0.37924369747899156,0.555413389839897,0.45645797511884295,0.6010205856962497,135
2024-06-26 to 2024-07-02,store,25,xgb_observed_sales,238,0.3231354324657376,0.4922761603665114,0.3889260287592068,0.4656724993669496,135
2024-06-26 to 2024-07-02,store,25,xgb_stockout_aware,238,0.30668446170682667,0.45145908825042963,0.3691256290392675,0.4426576527940336,135
2024-06-26 to 2024-07-02,store,29,seasonal_naive,49,0.4653061224489796,0.7131419413913535,1.0961538461538463,0.8854254642389686,44
2024-06-26 to 2024-07-02,store,29,xgb_observed_sales,49,0.28906525627766944,0.4022890577089385,0.6809710364233559,0.8133287186663603,44
2024-06-26 to 2024-07-02,store,29,xgb_stockout_aware,49,0.3315721287183007,0.46128888856306355,0.7811074186152276,0.8120719518310783,44
2024-06-26 to 2024-07-02,store,34,seasonal_naive,42,0.35357142857142854,0.4718075677141911,0.5351351351351351,0.6539796170491226,33
2024-06-26 to 2024-07-02,store,34,xgb_observed_sales,42,0.28310684513478057,0.38052256868156314,0.4284860358796679,0.5431237109666485,33
2024-06-26 to 2024-07-02,store,34,xgb_stockout_aware,42,0.28753243784109755,0.379771872722197,0.43518423024598546,0.5423837724707007,33
2024-06-26 to 2024-07-02,store,36,seasonal_naive,238,0.5191596638655462,0.9544772866633876,0.4962248995983936,0.5524668663807984,124
2024-06-26 to 2024-07-02,store,36,xgb_observed_sales,238,0.3756156941822597,0.6825225094629379,0.35902222978063375,0.40444433202967783,124
2024-06-26 to 2024-07-02,store,36,xgb_stockout_aware,238,0.34131657084497086,0.5675854291638167,0.3262383287594501,0.3935921496234878,124
2024-06-26 to 2024-07-02,store,41,seasonal_naive,14,0.6214285714285716,0.7787352383375054,0.32462686567164184,0.3955080561744379,14
2024-06-26 to 2024-07-02,store,41,xgb_observed_sales,14,0.5849158108234406,0.7538636095359533,0.3055530355047824,0.34846413956305206,14
2024-06-26 to 2024-07-02,store,41,xgb_stockout_aware,14,0.5104747823306492,0.6471453490161141,0.26666593106824965,0.3294294671466684,14
2024-06-26 to 2024-07-02,store,42,seasonal_naive,245,0.4244081632653061,0.7157048759005036,0.4647150837988827,0.5804595845554594,142
2024-06-26 to 2024-07-02,store,42,xgb_observed_sales,245,0.3522973727620378,0.5753086231552678,0.38575578246569503,0.45538241918348943,142
2024-06-26 to 2024-07-02,store,42,xgb_stockout_aware,245,0.37619725245845564,0.6097967297708652,0.4119254831388676,0.44884435009049234,142
2024-06-26 to 2024-07-02,store,43,seasonal_naive,7,0.5285714285714286,0.7662524761087935,0.5522388059701491,0.4344058905026542,7
2024-06-26 to 2024-07-02,store,43,xgb_observed_sales,7,0.2452235238892691,0.2738636521557057,0.25620368167535573,0.25168655364668263,7
2024-06-26 to 2024-07-02,store,43,xgb_stockout_aware,7,0.27045371021543224,0.2953204843105425,0.28256357783701874,0.2733076995682569,7
2024-06-26 to 2024-07-02,store,46,seasonal_naive,28,0.7999999999999999,1.2032693559037988,0.9781659388646288,0.7493063895132666,26
2024-06-26 to 2024-07-02,store,46,xgb_observed_sales,28,0.444730452980314,0.5482543346066746,0.5437752263514757,0.5814513740248638,26
2024-06-26 to 2024-07-02,store,46,xgb_stockout_aware,28,0.4511209309101104,0.5792153561303046,0.5515889111564669,0.5661896968508546,26
2024-06-26 to 2024-07-02,store,49,seasonal_naive,7,1.4714285714285715,1.64880909403467,0.8240000000000001,0.7761610938081526,7
2024-06-26 to 2024-07-02,store,49,xgb_observed_sales,7,0.6392373391560146,0.829007014756464,0.35797290992736813,0.34822906804964876,7
2024-06-26 to 2024-07-02,store,49,xgb_stockout_aware,7,0.8228792497089931,1.0208408093481478,0.4608123798370361,0.423471502051527,7
2024-06-26 to 2024-07-02,store,50,seasonal_naive,7,0.4428571428571429,0.5028490259085154,1.1923076923076923,0.9353341336534615,7
2024-06-26 to 2024-07-02,store,50,xgb_observed_sales,7,0.20927297919988633,0.25164970856852303,0.5634272516920016,1.0282350720879332,7
2024-06-26 to 2024-07-02,store,50,xgb_stockout_aware,7,0.24237116623137678,0.2740135326958789,0.652537755238322,1.2126308923570035,7
2024-06-26 to 2024-07-02,store,51,seasonal_naive,14,0.37142857142857144,0.4309458036856673,0.8125000000000001,0.9273448773448775,11
2024-06-26 to 2024-07-02,store,51,xgb_observed_sales,14,0.24351599748645514,0.2846712558608526,0.5326912445016206,0.7917615101420233,11
2024-06-26 to 2024-07-02,store,51,xgb_stockout_aware,14,0.24802340716123586,0.2870525153547235,0.5425512031652034,0.7793909881743147,11
2024-06-26 to 2024-07-02,store,52,seasonal_naive,252,0.5400396825396826,0.8922859442741472,0.35264699023088286,0.6095673656181151,149
2024-06-26 to 2024-07-02,store,52,xgb_observed_sales,252,0.410367370195805,0.717167912343986,0.26797071153725704,0.4466020563823498,149
2024-06-26 to 2024-07-02,store,52,xgb_stockout_aware,252,0.38829848846509346,0.65459348253169,0.2535596877334185,0.44008658445399845,149
2024-06-26 to 2024-07-02,store,63,seasonal_naive,21,0.5285714285714286,0.6290582530372569,0.8604651162790699,1.25857915815899,21
2024-06-26 to 2024-07-02,store,63,xgb_observed_sales,21,0.3464492869785144,0.4469790051532893,0.5639872113603723,0.9901365010063946,21
2024-06-26 to 2024-07-02,store,63,xgb_stockout_aware,21,0.3323996456251258,0.4497052794139377,0.5411157021804375,0.9582301116493294,21
2024-06-26 to 2024-07-02,store,64,seasonal_naive,245,0.5406122448979591,0.9055923757521417,0.509344716197508,0.6607400447832479,140
2024-06-26 to 2024-07-02,store,64,xgb_observed_sales,245,0.46927521059464433,0.9270276452411151,0.4421336201956924,0.5060746656589924,140
2024-06-26 to 2024-07-02,store,64,xgb_stockout_aware,245,0.4697138570121356,0.9477359363253817,0.44254689650812645,0.49570104567566264,140
2024-06-26 to 2024-07-02,store,68,seasonal_naive,245,0.5840408163265307,0.9294582578369104,0.391255605381166,0.628174394619016,158
2024-06-26 to 2024-07-02,store,68,xgb_observed_sales,245,0.507964919878512,0.83726735415743,0.3402914945046359,0.4943433505476242,158
2024-06-26 to 2024-07-02,store,68,xgb_stockout_aware,245,0.4946442259331139,0.8005771729212928,0.33136780967300916,0.4851653315842263,158
2024-06-26 to 2024-07-02,store,70,seasonal_naive,189,0.37316931216931215,0.5394390629584612,0.5613176388192505,0.720153882335762,101
2024-06-26 to 2024-07-02,store,70,xgb_observed_sales,189,0.34260469535166627,0.538502587569633,0.5153426403828516,0.5884324029819614,101
2024-06-26 to 2024-07-02,store,70,xgb_stockout_aware,189,0.3346706693328562,0.4806080081798669,0.5034083558477173,0.5756872873994054,101
2024-06-26 to 2024-07-02,store,71,seasonal_naive,140,0.31585714285714284,0.4913814346164436,0.43472276838379864,0.5454964133060621,72
2024-06-26 to 2024-07-02,store,71,xgb_observed_sales,140,0.24915020203164642,0.378782696182281,0.34291219312259635,0.41727811973870477,72
2024-06-26 to 2024-07-02,store,71,xgb_stockout_aware,140,0.2663955769922052,0.5142704772874882,0.3666474712830193,0.4128211318610169,72
2024-06-26 to 2024-07-02,store,72,seasonal_naive,105,0.41733333333333344,0.6208059278067503,0.43837535014005613,0.6376242548416171,53
2024-06-26 to 2024-07-02,store,72,xgb_observed_sales,105,0.326098750330153,0.45873534838598057,0.34254070412831195,0.4574681647650425,53
2024-06-26 to 2024-07-02,store,72,xgb_stockout_aware,105,0.31258935313565395,0.45361564133462,0.3283501608567793,0.43694854548095025,53
2024-06-26 to 2024-07-02,store,76,seasonal_naive,7,0.22857142857142856,0.27774602993176545,0.6153846153846154,0.619047619047619,6
2024-06-26 to 2024-07-02,store,76,xgb_observed_sales,7,0.17264033896582465,0.2036188908223333,0.4648009126002972,0.5021042578378128,6
2024-06-26 to 2024-07-02,store,76,xgb_stockout_aware,7,0.20087052924292428,0.22734642326846197,0.5408052710386424,0.5494172999496046,6
2024-06-26 to 2024-07-02,store,77,seasonal_naive,7,0.24285714285714288,0.3273268353539886,0.3695652173913043,0.6017986141825151,7
2024-06-26 to 2024-07-02,store,77,xgb_observed_sales,7,0.32150179828916275,0.37298288427740217,0.48924186696176936,0.5737318919187565,7
2024-06-26 to 2024-07-02,store,77,xgb_stockout_aware,7,0.36821068014417374,0.4160401047777344,0.5603206002193948,0.6700163556096566,7
2024-06-26 to 2024-07-02,store,79,seasonal_naive,14,0.3642857142857143,0.391881906409863,0.6296296296296295,0.6969570112427256,14
2024-06-26 to 2024-07-02,store,79,xgb_observed_sales,14,0.2955539486237934,0.3774763871025638,0.5108339852756922,0.5259105258883014,14
2024-06-26 to 2024-07-02,store,79,xgb_stockout_aware,14,0.2770438913788114,0.35840347944180184,0.47884129374115547,0.5036991365274688,14
2024-06-26 to 2024-07-02,store,80,seasonal_naive,7,0.3,0.511300861947808,0.39622641509433965,0.5145868624129494,7
2024-06-26 to 2024-07-02,store,80,xgb_observed_sales,7,0.35975076130458294,0.420464474430632,0.47514251493058124,0.5255040841575048,7
2024-06-26 to 2024-07-02,store,80,xgb_stockout_aware,7,0.3821723767689297,0.4518459991443709,0.5047559693174544,0.5546238607474153,7
2024-06-26 to 2024-07-02,store,85,seasonal_naive,56,0.2942857142857143,0.43493431359557866,0.6144668158090977,0.7896668683079617,29
2024-06-26 to 2024-07-02,store,85,xgb_observed_sales,56,0.24249890348740985,0.3163341366778263,0.5063362638066723,0.8639519930146163,29
2024-06-26 to 2024-07-02,store,85,xgb_stockout_aware,56,0.2904918913649661,0.35934429749562713,0.6065453361833745,0.8477259693125866,29
2024-06-26 to 2024-07-02,store,86,seasonal_naive,7,0.3714285714285714,0.48107023544236394,1.083333333333333,0.8786848072562359,7
2024-06-26 to 2024-07-02,store,86,xgb_observed_sales,7,0.23065237488065446,0.2638694893234361,0.6727360934019088,0.5946991187727321,7
2024-06-26 to 2024-07-02,store,86,xgb_stockout_aware,7,0.19101071783474513,0.21786782512443625,0.5571145936846732,0.5302452981811937,7
2024-06-26 to 2024-07-02,store,87,seasonal_naive,14,0.7642857142857143,0.8276472678623426,0.955357142857143,0.9534843146430211,11
2024-06-26 to 2024-07-02,store,87,xgb_observed_sales,14,0.4476438492536544,0.5607835545212567,0.5595548115670681,0.6018071246598345,11
2024-06-26 to 2024-07-02,store,87,xgb_stockout_aware,14,0.4715935766696929,0.5958744383300629,0.5894919708371162,0.6060392102466906,11
2024-06-26 to 2024-07-02,store,89,seasonal_naive,217,0.4777926267281106,0.87829915491816,0.24506877128789872,0.48422737642735236,131
2024-06-26 to 2024-07-02,store,89,xgb_observed_sales,217,0.5145558029286872,1.1932439841314164,0.26392529170306767,0.37877536963809366,131
2024-06-26 to 2024-07-02,store,89,xgb_stockout_aware,217,0.5080632687202796,1.2432155247296721,0.26059514952005625,0.38315032719110603,131
2024-06-26 to 2024-07-02,store,98,seasonal_naive,7,0.7857142857142857,1.0371664696249516,0.625,1.0553850312054647,5
2024-06-26 to 2024-07-02,store,98,xgb_observed_sales,7,0.8580605702740806,0.9478338365607638,0.6825481808998368,1.0093315857129725,5
2024-06-26 to 2024-07-02,store,98,xgb_stockout_aware,7,0.8379994988441467,0.8917227001380461,0.6665905104442076,1.0123686138579537,5
2024-06-26 to 2024-07-02,store,101,seasonal_naive,21,0.8428571428571429,1.0412904082366812,0.6344086021505376,0.6284684190101592,18
2024-06-26 to 2024-07-02,store,101,xgb_observed_sales,21,0.7136467859858557,0.8719256768849672,0.5371534948280635,0.6046635203725712,18
2024-06-26 to 2024-07-02,store,101,xgb_stockout_aware,21,0.8628612098239715,1.0559386283789656,0.6494654267492259,0.6670245444159322,18
2024-06-26 to 2024-07-02,store,102,seasonal_naive,35,0.6028571428571428,0.8347796971998916,0.8439999999999999,0.950280893709465,28
2024-06-26 to 2024-07-02,store,102,xgb_observed_sales,35,0.40295230678149635,0.5245973452415218,0.564133229494095,0.8434514266679275,28
2024-06-26 to 2024-07-02,store,102,xgb_stockout_aware,35,0.43423183211258476,0.5516804428679769,0.6079245649576187,0.8644802649522475,28
2024-06-26 to 2024-07-02,store,103,seasonal_naive,42,0.8035714285714286,1.1781472541159497,0.8033801475839085,0.7612690553598276,28
2024-06-26 to 2024-07-02,store,103,xgb_observed_sales,42,0.5641461870641936,0.8184526347241287,0.5640118985169277,0.7095052394605704,28
2024-06-26 to 2024-07-02,store,103,xgb_stockout_aware,42,0.5733006102840106,0.8022757716826087,0.5731641426310031,0.6831147823927646,28
2024-06-26 to 2024-07-02,store,105,seasonal_naive,14,0.3714285714285714,0.5084991923016482,0.7222222222222221,0.8261181503782893,14
2024-06-26 to 2024-07-02,store,105,xgb_observed_sales,14,0.2203922605940274,0.2980361759620986,0.4285405067106088,0.6799907278212008,14
2024-06-26 to 2024-07-02,store,105,xgb_stockout_aware,14,0.19631667584180829,0.29819243046969884,0.381726869692405,0.4877433178397509,14
2024-06-26 to 2024-07-02,store,106,seasonal_naive,14,0.32142857142857145,0.5175491695067657,0.7894736842105263,0.9845856524427953,9
2024-06-26 to 2024-07-02,store,106,xgb_observed_sales,14,0.4503538042306901,0.6731677748600652,1.1061321507420458,0.9244309138931256,9
2024-06-26 to 2024-07-02,store,106,xgb_stockout_aware,14,0.3860660203865597,0.5394968514071166,0.9482323307740063,0.9181971789607969,9
2024-06-26 to 2024-07-02,store,107,seasonal_naive,21,0.39142857142857146,0.5715642696020407,0.566896551724138,0.9228512873313435,13
2024-06-26 to 2024-07-02,store,107,xgb_observed_sales,21,0.5618650037617909,0.9225570874182967,0.8137355226894903,0.7963613226420113,13
2024-06-26 to 2024-07-02,store,107,xgb_stockout_aware,21,0.46588740433965414,0.6063179015808828,0.6747334821470853,0.7741535804458698,13
2024-06-26 to 2024-07-02,store,108,seasonal_naive,7,0.45714285714285713,0.4956957592256421,0.9696969696969695,0.9259121830550401,7
2024-06-26 to 2024-07-02,store,108,xgb_observed_sales,7,0.17663961563791547,0.20459663716866952,0.3746900937773964,0.40291703727659633,7
2024-06-26 to 2024-07-02,store,108,xgb_stockout_aware,7,0.1808041751384735,0.21228798051654546,0.3835240078694892,0.4069616995755586,7
2024-06-26 to 2024-07-02,store,110,seasonal_naive,14,0.3857142857142858,0.48989794855663565,0.5684210526315789,0.808260195632476,9
2024-06-26 to 2024-07-02,store,110,xgb_observed_sales,14,0.3830983183213643,0.4550926705273966,0.5645659427893789,0.6744580530166248,9
2024-06-26 to 2024-07-02,store,110,xgb_stockout_aware,14,0.3781270759446281,0.4509622712389147,0.5572399013920833,0.6372602598120951,9
2024-06-26 to 2024-07-02,store,111,seasonal_naive,7,0.4571428571428572,0.5879747322073337,1.0666666666666667,1.073020212869837,6
2024-06-26 to 2024-07-02,store,111,xgb_observed_sales,7,0.28745607478278024,0.337787848490319,0.6707308411598206,0.8118458914005809,6
2024-06-26 to 2024-07-02,store,111,xgb_stockout_aware,7,0.25681134079183854,0.30035324613489933,0.5992264618476232,0.7995133167182199,6
2024-06-26 to 2024-07-02,store,113,seasonal_naive,35,0.7599999999999999,0.9627342015619591,0.7964071856287425,1.016096768498155,30
2024-06-26 to 2024-07-02,store,113,xgb_observed_sales,35,0.48651023430483686,0.6455310965171953,0.5098161137924937,0.7860885648819752,30
2024-06-26 to 2024-07-02,store,113,xgb_stockout_aware,35,0.4763014711652483,0.6239493493318281,0.4991183081072961,0.7886300328605198,30
2024-06-26 to 2024-07-02,store,116,seasonal_naive,7,0.15714285714285717,0.21044171232366052,0.47826086956521746,0.8222222222222223,7
2024-06-26 to 2024-07-02,store,116,xgb_observed_sales,7,0.18820576667785646,0.24027789128898439,0.5728001594543458,0.7011939668661203,7
2024-06-26 to 2024-07-02,store,116,xgb_stockout_aware,7,0.22739985074315752,0.2591095334087183,0.6920865022617838,0.8069659320143826,7
2024-06-26 to 2024-07-02,store,117,seasonal_naive,7,0.6142857142857142,0.7260460434041749,0.4725274725274725,0.663518233905897,6
2024-06-26 to 2024-07-02,store,117,xgb_observed_sales,7,0.4166414311953953,0.5005719307502126,0.32049340861184256,0.395498571367585,6
2024-06-26 to 2024-07-02,store,117,xgb_stockout_aware,7,0.42225763968059,0.503103368234748,0.32481356898506925,0.3991395718950091,6
2024-06-26 to 2024-07-02,store,122,seasonal_naive,7,0.34285714285714286,0.459813626840888,0.7999999999999999,0.7028653885796742,7
2024-06-26 to 2024-07-02,store,122,xgb_observed_sales,7,0.2810338727065495,0.3615215022442862,0.6557457029819488,0.6047848750029606,7
2024-06-26 to 2024-07-02,store,122,xgb_stockout_aware,7,0.2746959022113255,0.36959569292967087,0.6409571051597595,0.5880431704435266,7
2024-06-26 to 2024-07-02,store,127,seasonal_naive,7,0.6857142857142857,0.8652002245558126,0.6000000000000001,0.6366552987242642,7
2024-06-26 to 2024-07-02,store,127,xgb_observed_sales,7,0.3581711445535932,0.48168486608845995,0.31339975148439414,0.35037676687108427,7
2024-06-26 to 2024-07-02,store,127,xgb_stockout_aware,7,0.28493500266756333,0.3787490052858712,0.24931812733411793,0.2915213037122008,7
2024-06-26 to 2024-07-02,store,130,seasonal_naive,7,0.32857142857142857,0.4053217416888888,0.7419354838709677,1.1122448979591837,4
2024-06-26 to 2024-07-02,store,130,xgb_observed_sales,7,0.321496423919286,0.3814844624500361,0.7259596669145169,1.1302356525890018,4
2024-06-26 to 2024-07-02,store,130,xgb_stockout_aware,7,0.31305596317563733,0.35748561097079296,0.7069005620095037,1.0217168374055883,4
2024-06-26 to 2024-07-02,store,133,seasonal_naive,7,0.32857142857142857,0.44561354172806344,0.43396226415094336,0.576138147566719,3
2024-06-26 to 2024-07-02,store,133,xgb_observed_sales,7,0.33349113549504966,0.41293803171438254,0.4404599902764807,0.5123686727497029,3
2024-06-26 to 2024-07-02,store,133,xgb_stockout_aware,7,0.3139191457203457,0.42337502614921446,0.4146101924608339,0.45989997420353873,3
2024-06-26 to 2024-07-02,store,136,seasonal_naive,7,0.21428571428571427,0.24201534780139167,0.21739130434782608,0.27495361781076066,6
2024-06-26 to 2024-07-02,store,136,xgb_observed_sales,7,0.24784278358731954,0.2857482220118641,0.25143470798713574,0.2733202084746463,6
2024-06-26 to 2024-07-02,store,136,xgb_stockout_aware,7,0.2424751469067165,0.2682718460038621,0.24598927947058194,0.2614509575011518,6
2024-06-26 to 2024-07-02,store,139,seasonal_naive,14,0.4142857142857143,0.5424810727442151,0.8285714285714287,0.810050127277018,14
2024-06-26 to 2024-07-02,store,139,xgb_observed_sales,14,0.2998078771999904,0.3656733046138576,0.5996157543999809,0.6642649217954929,14
2024-06-26 to 2024-07-02,store,139,xgb_stockout_aware,14,0.332246687582561,0.4257053994648207,0.664493375165122,0.6774594835354082,14
2024-06-26 to 2024-07-02,store,156,seasonal_naive,14,0.6785714285714286,0.8172252705693472,1.25,1.2297738419039113,11
2024-06-26 to 2024-07-02,store,156,xgb_observed_sales,14,0.3211230433412961,0.44676263519747844,0.5915424482602823,0.7596240894480036,11
2024-06-26 to 2024-07-02,store,156,xgb_stockout_aware,14,0.3862454280523318,0.5067572974571887,0.7115047358858744,0.8914648986339581,11
2024-06-26 to 2024-07-02,store,163,seasonal_naive,21,0.6728571428571428,0.8875031857756369,0.7776554760594386,1.1374984292944943,17
2024-06-26 to 2024-07-02,store,163,xgb_observed_sales,21,0.29677421615237276,0.43024366929345026,0.34299716781507034,0.53772260135903,17
2024-06-26 to 2024-07-02,store,163,xgb_stockout_aware,21,0.3250148843583606,0.45043373279141713,0.3756363550646986,0.5755772355511669,17
2024-06-26 to 2024-07-02,store,206,seasonal_naive,7,1.5857142857142856,1.9621416870348583,0.5186915887850467,0.6669333491367391,5
2024-06-26 to 2024-07-02,store,206,xgb_observed_sales,7,1.393090091432844,1.8266213249017278,0.4556836747677527,0.47935610556449365,5
2024-06-26 to 2024-07-02,store,206,xgb_stockout_aware,7,1.1456537042345318,1.6185311179986563,0.3747465387683048,0.3868893802572841,5
2024-06-26 to 2024-07-02,store,218,seasonal_naive,7,0.3028571428571429,0.38217423102185066,0.8091603053435115,1.1576994434137293,7
2024-06-26 to 2024-07-02,store,218,xgb_observed_sales,7,0.17118563296539444,0.23770839552524523,0.4573661949457103,0.9978349958019798,7
2024-06-26 to 2024-07-02,store,218,xgb_stockout_aware,7,0.17229384669235775,0.24310976952295738,0.46032707131545963,0.7230171697770758,7
2024-06-26 to 2024-07-02,store,220,seasonal_naive,7,0.7,0.8774964387392122,0.4336283185840708,0.5412188614159057,7
2024-06-26 to 2024-07-02,store,220,xgb_observed_sales,7,0.43637891156332836,0.557020511771376,0.2703232195525043,0.297977016276006,7
2024-06-26 to 2024-07-02,store,220,xgb_stockout_aware,7,0.4145904677254813,0.518239388379072,0.25682595345826276,0.28021444218883473,7
2024-06-26 to 2024-07-02,store,222,seasonal_naive,14,1.0,1.250714081749188,0.9523809523809524,1.107128002716238,7
2024-06-26 to 2024-07-02,store,222,xgb_observed_sales,14,0.6063472489161149,0.9450781643237431,0.5774735703963,0.7238246756481115,7
2024-06-26 to 2024-07-02,store,222,xgb_stockout_aware,14,0.6690615587468657,0.9524102251530511,0.6372014845208245,0.8166685588191566,7
2024-06-26 to 2024-07-02,store,223,seasonal_naive,7,0.2571428571428571,0.2927700218845599,0.36734693877551017,0.4832310252036036,7
2024-06-26 to 2024-07-02,store,223,xgb_observed_sales,7,0.2677151433059147,0.29859287135560386,0.38245020472273533,0.4520300063413029,7
2024-06-26 to 2024-07-02,store,223,xgb_stockout_aware,7,0.23398522308894565,0.27042554292350995,0.3342646044127795,0.4058725208223676,7
2024-06-26 to 2024-07-02,store,224,seasonal_naive,14,0.7785714285714285,1.003920884759921,0.7032258064516128,0.7845308598666969,11
2024-06-26 to 2024-07-02,store,224,xgb_observed_sales,14,0.4174027144908905,0.48467975576667394,0.3770089034111269,0.4058753080989995,11
2024-06-26 to 2024-07-02,store,224,xgb_stockout_aware,14,0.42975818429674423,0.4878999241913908,0.3881686825906077,0.42154905856939023,11
2024-06-26 to 2024-07-02,store,225,seasonal_naive,7,0.24285714285714288,0.2803059552906941,0.29310344827586216,0.3688588722202168,2
2024-06-26 to 2024-07-02,store,225,xgb_observed_sales,7,0.3179673297064645,0.3399770654226422,0.3837536737836641,0.3628786619811745,2
2024-06-26 to 2024-07-02,store,225,xgb_stockout_aware,7,0.32218354088919504,0.4219754201459587,0.38884220452144236,0.3622365835702764,2
2024-06-26 to 2024-07-02,store,226,seasonal_naive,7,0.9142857142857144,1.002853072844814,0.5925925925925927,0.7927129158473126,7
2024-06-26 to 2024-07-02,store,226,xgb_observed_sales,7,0.502301938193185,0.7938190208041489,0.3255660710511385,0.483620225460255,7
2024-06-26 to 2024-07-02,store,226,xgb_stockout_aware,7,0.5592920916421072,0.7532626880339541,0.36250413347173627,0.5181162057090734,7
2024-06-26 to 2024-07-02,store,227,seasonal_naive,14,0.9142857142857145,1.1071198154284323,0.9552238805970149,1.0081387960698305,11
2024-06-26 to 2024-07-02,store,227,xgb_observed_sales,14,0.6089209941881043,0.8190503625083213,0.6361861133308551,0.8641240922530086,11
2024-06-26 to 2024-07-02,store,227,xgb_stockout_aware,14,0.585914828704803,0.7701567092324791,0.6121498210348687,0.8658421268767202,11
2024-06-26 to 2024-07-02,store,228,seasonal_naive,28,0.28250000000000003,0.31893237079803793,0.780078895463511,0.8379828677188926,24
2024-06-26 to 2024-07-02,store,228,xgb_observed_sales,28,0.20543123768908636,0.2450051483233264,0.5672657450980689,0.6798722845719617,24
2024-06-26 to 2024-07-02,store,228,xgb_stockout_aware,28,0.18846956201962062,0.22139040813486804,0.5204287708628578,0.6645144970833907,24
2024-06-26 to 2024-07-02,store,244,seasonal_naive,7,0.2714285714285714,0.30472470011002206,0.41304347826086957,0.5310418904403866,7
2024-06-26 to 2024-07-02,store,244,xgb_observed_sales,7,0.27450402293886456,0.3742545148712124,0.4177235131678374,0.49402814433315134,7
2024-06-26 to 2024-07-02,store,244,xgb_stockout_aware,7,0.22744793721607756,0.35820827453604226,0.3461164261983789,0.4279603887978261,7
2024-06-26 to 2024-07-02,store,247,seasonal_naive,21,0.6571428571428571,0.9416297927883691,0.6272727272727272,0.7966476812320247,16
2024-06-26 to 2024-07-02,store,247,xgb_observed_sales,21,0.4809262172097251,0.5514889331702955,0.4590659346092831,0.7021206865589303,16
2024-06-26 to 2024-07-02,store,247,xgb_stockout_aware,21,0.4823799428485688,0.5641129957769544,0.4604535818099975,0.6683093819984665,16
2024-06-26 to 2024-07-02,store,249,seasonal_naive,14,0.607142857142857,0.7787352383375054,0.6692913385826771,0.7918513300204807,13
2024-06-26 to 2024-07-02,store,249,xgb_observed_sales,14,0.36913621446916034,0.46758418254231726,0.4069218112258461,0.7461468045026427,13
2024-06-26 to 2024-07-02,store,249,xgb_stockout_aware,14,0.38781635761260985,0.48073057710233713,0.42751409500602666,0.8887852078606117,13
2024-06-26 to 2024-07-02,store,250,seasonal_naive,14,0.3071428571428571,0.39910614413425693,0.6056338028169014,0.6711857899827824,14
2024-06-26 to 2024-07-02,store,250,xgb_observed_sales,14,0.25712498713816917,0.27967648134206996,0.5070070168921645,0.5480076505740277,14
2024-06-26 to 2024-07-02,store,250,xgb_stockout_aware,14,0.23942368094410213,0.26602568050669595,0.4721030328475253,0.48202524548207976,14
2024-06-26 to 2024-07-02,store,252,seasonal_naive,7,0.5857142857142857,0.6600865744084528,0.4141414141414142,0.45651882462431004,7
2024-06-26 to 2024-07-02,store,252,xgb_observed_sales,7,0.5823971612112864,0.7469453778053703,0.4117959725736368,0.4707154022382973,7
2024-06-26 to 2024-07-02,store,252,xgb_stockout_aware,7,0.5740996939795358,0.721805531743154,0.40592907655118693,0.4642698537148643,7
2024-06-26 to 2024-07-02,store,264,seasonal_naive,14,0.8214285714285714,0.9632534156997019,0.7232704402515723,0.6451956735380303,13
2024-06-26 to 2024-07-02,store,264,xgb_observed_sales,14,0.3189104535749981,0.41310264785516054,0.2808016572358473,0.30601706287212566,13
2024-06-26 to 2024-07-02,store,264,xgb_stockout_aware,14,0.31587440456662863,0.42854002043951717,0.2781284065366541,0.2931217507098815,13
2024-06-26 to 2024-07-02,store,266,seasonal_naive,14,0.5499999999999999,0.6330199726029865,1.4528301886792447,1.6209663352520496,9
2024-06-26 to 2024-07-02,store,266,xgb_observed_sales,14,0.25570494149412426,0.2956452361544276,0.675447015267498,0.7629376120900447,9
2024-06-26 to 2024-07-02,store,266,xgb_stockout_aware,14,0.24914001268999916,0.30850572419088984,0.6581056938981109,0.7372983555912851,9
2024-06-26 to 2024-07-02,store,268,seasonal_naive,14,0.6714285714285715,0.8742343589025281,0.8468468468468469,1.0624375624375624,11
2024-06-26 to 2024-07-02,store,268,xgb_observed_sales,14,0.3877134610499655,0.5313546997637849,0.4890079688918484,0.8053696951964169,11
2024-06-26 to 2024-07-02,store,268,xgb_stockout_aware,14,0.3787542509181159,0.5073459049027927,0.47770806422104706,0.7793402899097498,11
2024-06-26 to 2024-07-02,store,270,seasonal_naive,7,0.9857142857142857,1.1420532887241797,0.45999999999999996,0.5780990283790303,5
2024-06-26 to 2024-07-02,store,270,xgb_observed_sales,7,0.5781441790716988,0.7123790635875994,0.2698006169001261,0.29892402784853483,5
2024-06-26 to 2024-07-02,store,270,xgb_stockout_aware,7,0.5686040469578334,0.6769319500370234,0.2653485552469889,0.29334329398815334,5
2024-06-26 to 2024-07-02,store,276,seasonal_naive,14,0.20857142857142857,0.25105491715672773,0.4437689969604863,0.5486204271918557,11
2024-06-26 to 2024-07-02,store,276,xgb_observed_sales,14,0.14610796408993856,0.17952913324315423,0.31086800870199693,0.39347469863152423,11
2024-06-26 to 2024-07-02,store,276,xgb_stockout_aware,14,0.1450239748614175,0.17867702284055134,0.30856164864131375,0.3883160277605607,11
2024-06-26 to 2024-07-02,store,277,seasonal_naive,14,0.6857142857142857,0.8228869042236953,0.979591836734694,0.8460903603093756,11
2024-06-26 to 2024-07-02,store,277,xgb_observed_sales,14,0.4294816093785422,0.5502332334394796,0.6135451562550603,0.7489553950972386,11
2024-06-26 to 2024-07-02,store,277,xgb_stockout_aware,14,0.39230343764647835,0.5115076256488547,0.560433482352112,0.8731582639629528,11
2024-06-26 to 2024-07-02,store,278,seasonal_naive,14,0.6228571428571429,0.8930845424706443,1.231638418079096,0.9569501615720103,13
2024-06-26 to 2024-07-02,store,278,xgb_observed_sales,14,0.2878297373439584,0.425646811430541,0.569154847855285,0.770391853220791,13
2024-06-26 to 2024-07-02,store,278,xgb_stockout_aware,14,0.27262668022087644,0.42043475984841033,0.539092305521507,0.7373932728281473,13
2024-06-26 to 2024-07-02,store,279,seasonal_naive,21,0.6904761904761904,0.9727232269204208,0.9294871794871793,1.0858995569079601,20
2024-06-26 to 2024-07-02,store,279,xgb_observed_sales,21,0.32263387626125695,0.49517717161373836,0.4343148334286151,0.7918231278561583,20
2024-06-26 to 2024-07-02,store,279,xgb_stockout_aware,21,0.2921382539329075,0.4673698139437035,0.3932630341404524,0.7858572695969844,20
2024-06-26 to 2024-07-02,store,283,seasonal_naive,7,0.4,0.42761798705987897,0.6666666666666667,1.0531849103277675,7
2024-06-26 to 2024-07-02,store,283,xgb_observed_sales,7,0.2717655445848193,0.3155382581000592,0.4529425743080321,0.7187206457496126,7
2024-06-26 to 2024-07-02,store,283,xgb_stockout_aware,7,0.30795970729419164,0.3567788927624548,0.5132661788236528,0.8152584130356529,7
2024-06-26 to 2024-07-02,store,285,seasonal_naive,7,0.6857142857142857,0.7367883976130072,0.30769230769230765,0.3457203472842186,7
2024-06-26 to 2024-07-02,store,285,xgb_observed_sales,7,0.4215648480824062,0.5850931005596308,0.18916371388313097,0.22110166037037166,7
2024-06-26 to 2024-07-02,store,285,xgb_stockout_aware,7,0.40307229587009974,0.5196002726933939,0.18086577378786525,0.2124300590521477,7
2024-06-26 to 2024-07-02,store,286,seasonal_naive,7,0.3714285714285715,0.48989794855663565,0.7027027027027029,0.666540602254888,7
2024-06-26 to 2024-07-02,store,286,xgb_observed_sales,7,0.2987675155912127,0.33292335755930175,0.5652358403076997,0.6248692808758636,7
2024-06-26 to 2024-07-02,store,286,xgb_stockout_aware,7,0.29462019886289326,0.34070799958532966,0.5573895654162846,0.610164435396697,7
2024-06-26 to 2024-07-02,store,287,seasonal_naive,7,0.21428571428571425,0.30937725468153876,1.2499999999999998,1.2857142857142858,2
2024-06-26 to 2024-07-02,store,287,xgb_observed_sales,7,0.6860184098993029,0.8134459260852206,4.0017740577459335,1.5409222819500263,2
2024-06-26 to 2024-07-02,store,287,xgb_stockout_aware,7,0.7191114376698221,0.9060782288371918,4.194816719740629,1.5135046930773328,2
2024-06-26 to 2024-07-02,store,290,seasonal_naive,14,1.0928571428571427,1.2291111771171417,1.3909090909090909,1.123492592098269,14
2024-06-26 to 2024-07-02,store,290,xgb_observed_sales,14,0.5166766422135488,0.6612840574946548,0.6575884537263349,0.6307933203642982,14
2024-06-26 to 2024-07-02,store,290,xgb_stockout_aware,14,0.5537919095584324,0.6924878927879086,0.7048260667107321,0.6364590495944745,14
2024-06-26 to 2024-07-02,store,292,seasonal_naive,7,0.6142857142857144,0.7991066440541141,0.5733333333333335,0.7334013605442177,7
2024-06-26 to 2024-07-02,store,292,xgb_observed_sales,7,0.38806527853012085,0.511690830742213,0.3621942599614461,0.5086556697006858,7
2024-06-26 to 2024-07-02,store,292,xgb_stockout_aware,7,0.37806802136557444,0.5375004213573451,0.3528634866078695,0.4817834048057259,7
2024-06-26 to 2024-07-02,store,293,seasonal_naive,7,0.9571428571428573,1.0603234008007718,0.582608695652174,0.6230013721553666,6
2024-06-26 to 2024-07-02,store,293,xgb_observed_sales,7,0.5461580685206823,0.7089687670657174,0.3324440417082414,0.3623612911052972,6
2024-06-26 to 2024-07-02,store,293,xgb_stockout_aware,7,0.523772862979344,0.676178784178038,0.3188182644222094,0.3550690804510129,6
2024-06-26 to 2024-07-02,store,295,seasonal_naive,7,0.6714285714285714,0.807995756707387,0.7014925373134328,1.093763379477665,7
2024-06-26 to 2024-07-02,store,295,xgb_observed_sales,7,0.42932054102420814,0.4905798869271349,0.4485438488312622,0.5640690972317329,7
2024-06-26 to 2024-07-02,store,295,xgb_stockout_aware,7,0.4478197855608804,0.49960005400585483,0.4678714177501736,0.6056037756901611,7
2024-06-26 to 2024-07-02,store,296,seasonal_naive,14,0.2642857142857143,0.3535533905932738,0.3775510204081632,0.4940108341932486,10
2024-06-26 to 2024-07-02,store,296,xgb_observed_sales,14,0.2704403511115483,0.36244474747900196,0.38634335873078324,0.4958203100534367,10
2024-06-26 to 2024-07-02,store,296,xgb_stockout_aware,14,0.29391500460250036,0.3911701579682713,0.4198785780035719,0.5204587228780875,10
2024-06-26 to 2024-07-02,store,297,seasonal_naive,14,0.5942857142857143,0.7661778980292837,0.5900709219858157,0.7915017076528502,9
2024-06-26 to 2024-07-02,store,297,xgb_observed_sales,14,0.4509814360312054,0.5968533055743488,0.44778298613027484,0.7476947112314108,9
2024-06-26 to 2024-07-02,store,297,xgb_stockout_aware,14,0.4957250739846911,0.6357131114862695,0.49220929331813307,0.7664951290524431,9
2024-06-26 to 2024-07-02,store,299,seasonal_naive,14,0.65,0.9223417401995238,0.41743119266055045,0.5134281976740557,12
2024-06-26 to 2024-07-02,store,299,xgb_observed_sales,14,0.666385520356042,1.0081258085702018,0.4279540038983756,0.3988417976577953,12
2024-06-26 to 2024-07-02,store,299,xgb_stockout_aware,14,0.6369019082614354,0.9164508537667215,0.4090195741128484,0.388713256939556,12
2024-06-26 to 2024-07-02,store,303,seasonal_naive,7,0.35714285714285715,0.412310562561766,0.6410256410256411,0.6359545216688074,7
2024-06-26 to 2024-07-02,store,303,xgb_observed_sales,7,0.27202455401420594,0.35191287415251055,0.48824919951267737,0.5377074271366477,7
2024-06-26 to 2024-07-02,store,303,xgb_stockout_aware,7,0.24066761902400424,0.3120531446996016,0.4319675213251359,0.48459358165862604,7
2024-06-26 to 2024-07-02,store,304,seasonal_naive,14,1.1071428571428572,1.505466230583925,0.4269972451790634,0.5530968970090122,11
2024-06-26 to 2024-07-02,store,304,xgb_observed_sales,14,1.2926551955086845,1.7099934153102603,0.498544703501972,0.5462848701492418,11
2024-06-26 to 2024-07-02,store,304,xgb_stockout_aware,14,1.1733761497906277,1.5677278232686942,0.4525417657594708,0.4823336309457626,11
2024-06-26 to 2024-07-02,store,306,seasonal_naive,7,1.2857142857142858,1.469693845669907,1.3432835820895521,1.606060606060606,4
2024-06-26 to 2024-07-02,store,306,xgb_observed_sales,7,0.6010354050568172,0.7877198091183968,0.6279474381190627,1.0207045033590476,4
2024-06-26 to 2024-07-02,store,306,xgb_stockout_aware,7,0.5520357889788492,0.7667699649940349,0.5767538093808872,0.9010949906156627,4
2024-06-26 to 2024-07-02,store,310,seasonal_naive,182,0.4327472527472527,0.7253555399531042,0.5417153862026274,0.5823896425973587,120
2024-06-26 to 2024-07-02,store,310,xgb_observed_sales,182,0.31770821459345766,0.45370064104607194,0.3977088868285941,0.511299758036659,120
2024-06-26 to 2024-07-02,store,310,xgb_stockout_aware,182,0.32924238761866487,0.511056583127758,0.41214742792899794,0.49331353293476227,120
2024-06-26 to 2024-07-02,store,315,seasonal_naive,14,0.5357142857142857,0.7146427679017578,0.6250000000000001,0.7396370260753667,11
2024-06-26 to 2024-07-02,store,315,xgb_observed_sales,14,0.34659048941518583,0.5243626793034314,0.40435557098438357,0.6396670055275899,11
2024-06-26 to 2024-07-02,store,315,xgb_stockout_aware,14,0.3560206692133631,0.5368114352099389,0.4153574474155904,0.5972485901110424,11
2024-06-26 to 2024-07-02,store,317,seasonal_naive,42,0.36190476190476195,0.469041575982343,0.8128342245989306,0.9816308447887396,36
2024-06-26 to 2024-07-02,store,317,xgb_observed_sales,42,0.27454844053302496,0.31674171342628465,0.6166328610902164,0.7276831966885281,36
2024-06-26 to 2024-07-02,store,317,xgb_stockout_aware,42,0.26495699776070464,0.30360795551087777,0.5950905832058606,0.7012337342841712,36
2024-06-26 to 2024-07-02,store,318,seasonal_naive,7,0.2857142857142857,0.3545621041711674,0.4081632653061224,0.39889384093718455,7
2024-06-26 to 2024-07-02,store,318,xgb_observed_sales,7,0.29223747594015936,0.3487167850135739,0.4174821084859419,0.4200925184245633,7
2024-06-26 to 2024-07-02,store,318,xgb_stockout_aware,7,0.3023478542055402,0.35624155419947756,0.4319255060079146,0.4370654427123692,7
2024-06-26 to 2024-07-02,store,321,seasonal_naive,7,1.0,1.258116506074514,0.8333333333333335,1.1339228345011167,5
2024-06-26 to 2024-07-02,store,321,xgb_observed_sales,7,0.7949198446103505,0.908283220021813,0.6624332038419588,1.0723285977058714,5
2024-06-26 to 2024-07-02,store,321,xgb_stockout_aware,7,0.7203663187367575,0.824835774059516,0.6003052656139647,0.9998013353731786,5
2024-06-26 to 2024-07-02,store,323,seasonal_naive,7,0.5857142857142857,0.6729466121893645,1.7083333333333333,1.6634920634920636,2
2024-06-26 to 2024-07-02,store,323,xgb_observed_sales,7,0.27853318729570936,0.4607617812974048,0.8123884629458189,1.0649743423464366,2
2024-06-26 to 2024-07-02,store,323,xgb_stockout_aware,7,0.3271145996238504,0.556000077146205,0.9540842489028969,1.3907474070095138,2
2024-06-26 to 2024-07-02,store,326,seasonal_naive,21,0.9523809523809522,1.2351980754981307,0.7812499999999998,1.1161056868735268,21
2024-06-26 to 2024-07-02,store,326,xgb_observed_sales,21,0.4045586049024547,0.6038465134180525,0.3318644805840449,0.5468892902931899,21
2024-06-26 to 2024-07-02,store,326,xgb_stockout_aware,21,0.44231927345196403,0.6443401347784133,0.3628400290035642,0.5963944798765635,21
2024-06-26 to 2024-07-02,store,328,seasonal_naive,7,0.5571428571428572,0.6403124237432849,0.9512195121951221,1.1588744588744588,4
2024-06-26 to 2024-07-02,store,328,xgb_observed_sales,7,0.36399917176791596,0.4261538691012498,0.6214620005793687,1.0454065810766737,4
2024-06-26 to 2024-07-02,store,328,xgb_stockout_aware,7,0.3648077300616673,0.4186694245450356,0.6228424659589441,1.0633422049999048,4
2024-06-26 to 2024-07-02,store,332,seasonal_naive,56,0.40625,0.5647771368298421,0.8168761220825852,1.014325058364512,17
2024-06-26 to 2024-07-02,store,332,xgb_observed_sales,56,0.33849236456943416,0.43465002529938956,0.6806309664591853,0.9844961944427141,17
2024-06-26 to 2024-07-02,store,332,xgb_stockout_aware,56,0.39785024795149054,0.5223412789185229,0.7999861359168212,0.970762658128127,17
2024-06-26 to 2024-07-02,store,333,seasonal_naive,7,0.3285714285714286,0.4088310863215482,1.3529411764705885,1.0285714285714287,3
2024-06-26 to 2024-07-02,store,333,xgb_observed_sales,7,0.24942909223692758,0.263232490650319,1.0270609680344078,1.3536044208340148,3
2024-06-26 to 2024-07-02,store,333,xgb_stockout_aware,7,0.28820977721895485,0.3033846341436636,1.1867461414898142,1.314847421867873,3
2024-06-26 to 2024-07-02,store,339,seasonal_naive,14,0.6357142857142858,0.8556534679079242,0.6357142857142857,0.8387431397627776,13
2024-06-26 to 2024-07-02,store,339,xgb_observed_sales,14,0.37458280197211663,0.5105855385880727,0.37458280197211663,0.577342222012188,13
2024-06-26 to 2024-07-02,store,339,xgb_stockout_aware,14,0.37112570490155894,0.48829903916276957,0.3711257049015589,0.5506040615704809,13
2024-06-26 to 2024-07-02,store,340,seasonal_naive,7,0.4,0.4375255094603873,0.56,0.5502729296846944,7
2024-06-26 to 2024-07-02,store,340,xgb_observed_sales,7,0.1839724097933088,0.24194903034910722,0.2575613737106323,0.2582785902190041,7
2024-06-26 to 2024-07-02,store,340,xgb_stockout_aware,7,0.18229907921382357,0.23938518372337186,0.255218710899353,0.2564636512340099,7
2024-06-26 to 2024-07-02,store,346,seasonal_naive,7,0.17142857142857146,0.22677868380553634,0.7500000000000001,1.4857142857142858,5
2024-06-26 to 2024-07-02,store,346,xgb_observed_sales,7,0.09389585554599764,0.11175248408391221,0.41079436801373964,0.8239773994292224,5
2024-06-26 to 2024-07-02,store,346,xgb_stockout_aware,7,0.18329187078135353,0.19334795190200638,0.8019019346684216,0.9749302261960592,5
2024-06-26 to 2024-07-02,store,351,seasonal_naive,7,0.9857142857142858,1.2288205727444508,0.38121546961325964,0.47565768986341694,4
2024-06-26 to 2024-07-02,store,351,xgb_observed_sales,7,1.0343155315944126,1.466219493618038,0.4000115315558502,0.4997419572690371,4
2024-06-26 to 2024-07-02,store,351,xgb_stockout_aware,7,0.9023754051753452,1.2114716439426676,0.3489849633274816,0.45896413831926725,4
2024-06-26 to 2024-07-02,store,352,seasonal_naive,28,0.46071428571428574,0.6428174590926149,1.34375,1.2427719106290536,15
2024-06-26 to 2024-07-02,store,352,xgb_observed_sales,28,0.43451238349080085,0.7401155535747133,1.2673277851815026,1.1239360186914795,15
2024-06-26 to 2024-07-02,store,352,xgb_stockout_aware,28,0.3619717868311065,0.48033671174630926,1.0557510449240606,1.1022612811577688,15
2024-06-26 to 2024-07-02,store,354,seasonal_naive,7,0.5285714285714287,0.6403124237432849,0.4204545454545456,0.5336010266175436,7
2024-06-26 to 2024-07-02,store,354,xgb_observed_sales,7,0.49948794330869406,0.6080625201972896,0.39731995490464306,0.43529435357995794,7
2024-06-26 to 2024-07-02,store,354,xgb_stockout_aware,7,0.48929862294878274,0.5900361918805129,0.38921481370925903,0.42677748580741437,7
2024-06-26 to 2024-07-02,store,355,seasonal_naive,21,0.6000000000000001,0.7124738925876847,0.8076923076923078,1.1836629185109078,17
2024-06-26 to 2024-07-02,store,355,xgb_observed_sales,21,0.31948638836232324,0.39904239437407096,0.43007783048774284,0.675223803838654,17
2024-06-26 to 2024-07-02,store,355,xgb_stockout_aware,21,0.2947667091996187,0.3758280760780576,0.3968013393071791,0.6421358610787076,17
2024-06-26 to 2024-07-02,store,356,seasonal_naive,28,1.0428571428571427,1.2349089035228469,0.43975903614457823,0.660162360854983,24
2024-06-26 to 2024-07-02,store,356,xgb_observed_sales,28,0.8827359484774725,1.2689588787967965,0.3722380505627896,0.4287000868949194,24
2024-06-26 to 2024-07-02,store,356,xgb_stockout_aware,28,0.8927484980651311,1.1883959618475866,0.3764602100274649,0.49106872276514835,24
2024-06-26 to 2024-07-02,store,360,seasonal_naive,7,0.37142857142857144,0.447213595499958,0.838709677419355,0.9204795204795205,2
2024-06-26 to 2024-07-02,store,360,xgb_observed_sales,7,0.2741203265530722,0.30164310027912633,0.6189813825391954,0.8238390544761659,2
2024-06-26 to 2024-07-02,store,360,xgb_stockout_aware,7,0.2960739289011274,0.360700397336342,0.6685540330025458,0.7859898883413775,2
2024-06-26 to 2024-07-02,store,361,seasonal_naive,28,0.3821428571428571,0.493167604080282,0.4798206278026905,0.8895253637987629,19
2024-06-26 to 2024-07-02,store,361,xgb_observed_sales,28,0.3101395332387516,0.3852679542951783,0.38941286684686294,0.710226345582817,19
2024-06-26 to 2024-07-02,store,361,xgb_stockout_aware,28,0.352381820338113,0.4690678715806258,0.44245250984157686,0.6910407167786828,19
2024-06-26 to 2024-07-02,store,362,seasonal_naive,7,0.7428571428571429,0.8976158898517148,1.9259259259259256,1.185437336990132,4
2024-06-26 to 2024-07-02,store,362,xgb_observed_sales,7,0.3955561339855193,0.405334736995397,1.0255159029254202,1.0101255991023426,4
2024-06-26 to 2024-07-02,store,362,xgb_stockout_aware,7,0.4236632023538861,0.42903592944206026,1.0983860801767416,1.0436121355686658,4
2024-06-26 to 2024-07-02,store,365,seasonal_naive,14,0.49999999999999994,0.7435436388384631,1.458333333333333,1.1398800545859369,10
2024-06-26 to 2024-07-02,store,365,xgb_observed_sales,14,0.20794812909194402,0.2481382347927818,0.60651537651817,0.8012421537313378,10
2024-06-26 to 2024-07-02,store,365,xgb_stockout_aware,14,0.22506562088217055,0.2751613147374055,0.656441394239664,0.7997393799316824,10
2024-06-26 to 2024-07-02,store,369,seasonal_naive,14,0.45000000000000007,0.5325142519890229,0.8873239436619718,0.9109461966604824,14
2024-06-26 to 2024-07-02,store,369,xgb_observed_sales,14,0.18562792316079138,0.23283464696504,0.36602689073958855,0.6939143631152114,14
2024-06-26 to 2024-07-02,store,369,xgb_stockout_aware,14,0.1834068008831569,0.23134542072202244,0.3616472130090417,0.6853529674139424,14
2024-06-26 to 2024-07-02,store,389,seasonal_naive,28,1.0321428571428573,1.4860061526502122,0.7261306532663317,0.6702407505746646,24
2024-06-26 to 2024-07-02,store,389,xgb_observed_sales,28,0.5617045562182154,0.9289304107286925,0.39516903452537766,0.49223329901226676,24
2024-06-26 to 2024-07-02,store,389,xgb_stockout_aware,28,0.6190848791173525,0.9610048862497304,0.43553710088657976,0.4923375979946084,24
2024-06-26 to 2024-07-02,store,392,seasonal_naive,14,0.41428571428571426,0.5631543812693435,0.763157894736842,0.921877915045617,8
2024-06-26 to 2024-07-02,store,392,xgb_observed_sales,14,0.4225623173373086,0.5249329227311778,0.7784042687792526,0.8872344968069307,8
2024-06-26 to 2024-07-02,store,392,xgb_stockout_aware,14,0.43927413565771917,0.5849948299340418,0.8091891972642195,0.9279594917913376,8
2024-06-26 to 2024-07-02,store,393,seasonal_naive,7,0.2571428571428572,0.32071349029490925,0.7500000000000001,1.0952380952380953,5
2024-06-26 to 2024-07-02,store,393,xgb_observed_sales,7,0.3051977140562875,0.3427562718542664,0.8901599993308384,1.1193725711811062,5
2024-06-26 to 2024-07-02,store,393,xgb_stockout_aware,7,0.2953501113823482,0.33927319080341717,0.8614378248651822,1.1143135158387003,5
2024-06-26 to 2024-07-02,store,398,seasonal_naive,14,0.8785714285714287,0.9787017640002202,0.7784810126582279,0.9222829845525695,13
2024-06-26 to 2024-07-02,store,398,xgb_observed_sales,14,0.574870360323361,0.7327724640299413,0.5093788002865224,0.6678144628906474,13
2024-06-26 to 2024-07-02,store,398,xgb_stockout_aware,14,0.587656125000545,0.7555410767915067,0.5207079588612423,0.6750824841261324,13
2024-06-26 to 2024-07-02,store,416,seasonal_naive,7,0.18571428571428572,0.2751622897751175,0.5416666666666666,0.7012987012987013,7
2024-06-26 to 2024-07-02,store,416,xgb_observed_sales,7,0.19953793713024684,0.22621351674985066,0.5819856499632199,0.5661400766136346,7
2024-06-26 to 2024-07-02,store,416,xgb_stockout_aware,7,0.17003167952810014,0.20287936710983126,0.4959257319569587,0.5079295072599244,7
2024-06-26 to 2024-07-02,store,419,seasonal_naive,14,0.47928571428571426,0.581752279140971,4.246835443037975,1.4658627087198517,4
2024-06-26 to 2024-07-02,store,419,xgb_observed_sales,14,0.2574839060647147,0.276090952953866,2.2815029651303838,1.4295939704909344,4
2024-06-26 to 2024-07-02,store,419,xgb_stockout_aware,14,0.39279801683766497,0.4137424601511802,3.4804887567894367,1.4771870608750948,4
2024-06-26 to 2024-07-02,store,427,seasonal_naive,28,0.7321428571428571,0.8946268176492045,0.803921568627451,0.9438621651880154,26
2024-06-26 to 2024-07-02,store,427,xgb_observed_sales,28,0.37837108692952565,0.574444427241293,0.4154662915304595,0.512035992148309,26
2024-06-26 to 2024-07-02,store,427,xgb_stockout_aware,28,0.37803160899451804,0.5349132933220675,0.41509353144496103,0.5914478552215231,26
2024-06-26 to 2024-07-02,store,428,seasonal_naive,28,0.8282142857142855,1.1198867927480116,0.6982836495031615,0.8640813412330409,20
2024-06-26 to 2024-07-02,store,428,xgb_observed_sales,28,0.599205275273749,0.8710700358750556,0.505201677436464,0.6284033926631715,20
2024-06-26 to 2024-07-02,store,428,xgb_stockout_aware,28,0.6583265396314006,0.9298723203863292,0.555047970782271,0.6753978362452652,20
2024-06-26 to 2024-07-02,store,430,seasonal_naive,14,1.214285714285714,1.4466710555123246,0.5592105263157894,0.7597679401862433,13
2024-06-26 to 2024-07-02,store,430,xgb_observed_sales,14,0.7199328098978314,0.9453987777446672,0.3315480045582118,0.46943929008955143,13
2024-06-26 to 2024-07-02,store,430,xgb_stockout_aware,14,0.7688109074320112,0.9897314731131767,0.3540576547384262,0.4697138329856589,13
2024-06-26 to 2024-07-02,store,437,seasonal_naive,7,0.32857142857142857,0.4053217416888888,0.45098039215686275,0.6277231895893154,7
2024-06-26 to 2024-07-02,store,437,xgb_observed_sales,7,0.3651193533624921,0.4050626689530976,0.5011442104975382,0.6443136693293418,7
2024-06-26 to 2024-07-02,store,437,xgb_stockout_aware,7,0.38085878576551163,0.44670679595889295,0.5227473530114866,0.6542692658780717,7
2024-06-26 to 2024-07-02,store,456,seasonal_naive,7,0.34285714285714286,0.4174754056057845,0.7741935483870968,1.032079032079032,3
2024-06-26 to 2024-07-02,store,456,xgb_observed_sales,7,0.21833753670964923,0.25013467333195777,0.4930202441830789,0.7909858608473994,3
2024-06-26 to 2024-07-02,store,456,xgb_stockout_aware,7,0.23385432618004934,0.28490762179248436,0.5280581558904339,0.7577503926115557,3
2024-06-26 to 2024-07-02,store,457,seasonal_naive,14,0.4857142857142857,0.7358183005529092,0.7157894736842105,0.8338376377506812,13
2024-06-26 to 2024-07-02,store,457,xgb_observed_sales,14,0.35963055725608545,0.49750722665136266,0.5299818738510733,0.7941118498572675,13
2024-06-26 to 2024-07-02,store,457,xgb_stockout_aware,14,0.34340617050017624,0.502699365663758,0.5060722512634177,0.7642075713643603,13
2024-06-26 to 2024-07-02,store,469,seasonal_naive,28,0.8707142857142858,1.2636963921087103,0.6650300054555374,0.8310998471568142,25
2024-06-26 to 2024-07-02,store,469,xgb_observed_sales,28,0.5577067412648883,0.9154298294785562,0.42596259561966365,0.5102981445419758,25
2024-06-26 to 2024-07-02,store,469,xgb_stockout_aware,28,0.5345613423415593,0.8482315815418228,0.408284713190498,0.4890243430096667,25
2024-06-26 to 2024-07-02,store,470,seasonal_naive,14,0.7928571428571427,1.1529465357447042,0.6686746987951805,0.6737872891804145,13
2024-06-26 to 2024-07-02,store,470,xgb_observed_sales,14,0.786422568133899,1.251418470945652,0.6632479490285894,0.6387355411220778,13
2024-06-26 to 2024-07-02,store,470,xgb_stockout_aware,14,0.8117544069886206,1.2912513661354135,0.6846121504723306,0.6203614609675541,13
2024-06-26 to 2024-07-02,store,472,seasonal_naive,14,0.4714285714285715,0.6175990377490652,0.7021276595744681,0.6593330737745483,12
2024-06-26 to 2024-07-02,store,472,xgb_observed_sales,14,0.3182281860283443,0.37016573120812263,0.47395687280817234,0.4689316383526348,12
2024-06-26 to 2024-07-02,store,472,xgb_stockout_aware,14,0.31771279105118344,0.37721595084089937,0.47318926326772,0.4780269363026358,12
2024-06-26 to 2024-07-02,store,473,seasonal_naive,14,0.5714285714285715,0.7071067811865476,0.8247422680412372,0.912592405383206,13
2024-06-26 to 2024-07-02,store,473,xgb_observed_sales,14,0.33920675601278033,0.42653556793024616,0.4895767612555592,0.5769808593355116,13
2024-06-26 to 2024-07-02,store,473,xgb_stockout_aware,14,0.34515749641827176,0.4171802456503438,0.49816545874802104,0.5739673772707619,13
2024-06-26 to 2024-07-02,store,474,seasonal_naive,7,1.6999999999999997,1.9881793537951102,0.8686131386861312,0.9413151624286078,4
2024-06-26 to 2024-07-02,store,474,xgb_observed_sales,7,0.9337348495210919,1.145328316090569,0.4770907990253754,0.867367491162607,4
2024-06-26 to 2024-07-02,store,474,xgb_stockout_aware,7,1.0466417482921053,1.1977317583492908,0.5347804553317327,0.8652803972353568,4
2024-06-26 to 2024-07-02,store,476,seasonal_naive,14,0.46428571428571425,0.700510018282598,0.6632653061224488,0.8933516995530163,11
2024-06-26 to 2024-07-02,store,476,xgb_observed_sales,14,0.3144785967256341,0.5726206092464454,0.44925513817947726,0.7627223666798294,11
2024-06-26 to 2024-07-02,store,476,xgb_stockout_aware,14,0.3234825909137725,0.5450102371525397,0.462117987019675,0.6754038172827167,11
2024-06-26 to 2024-07-02,store,477,seasonal_naive,14,0.3500000000000001,0.439967531269557,0.6712328767123289,1.1300483829895593,10
2024-06-26 to 2024-07-02,store,477,xgb_observed_sales,14,0.35241892252649576,0.4217141767847571,0.6758719062151973,0.9063991321469457,10
2024-06-26 to 2024-07-02,store,477,xgb_stockout_aware,14,0.3916289674384253,0.4379400365997785,0.7510692526216375,0.9507093996030526,10
2024-06-26 to 2024-07-02,store,478,seasonal_naive,14,0.40714285714285714,0.496415724396973,0.3653846153846154,0.40880000937040084,13
2024-06-26 to 2024-07-02,store,478,xgb_observed_sales,14,0.41019533021109444,0.5013830976572355,0.3681240142920079,0.4235317235919963,13
2024-06-26 to 2024-07-02,store,478,xgb_stockout_aware,14,0.3950801478964942,0.45217060236866846,0.3545591070865974,0.39455249166485595,13
2024-06-26 to 2024-07-02,store,493,seasonal_naive,14,0.4957142857142857,0.6583312236253116,1.2618181818181822,1.071148650847899,10
2024-06-26 to 2024-07-02,store,493,xgb_observed_sales,14,0.18927301211016517,0.22223482756679086,0.4817858490076933,0.8752648716277835,10
2024-06-26 to 2024-07-02,store,493,xgb_stockout_aware,14,0.20541164875030513,0.24155697216860939,0.5228660150007768,0.8202386174763395,10
2024-06-26 to 2024-07-02,store,495,seasonal_naive,21,0.5047619047619047,0.5903993805649093,0.8548387096774194,0.9369645850406575,15
2024-06-26 to 2024-07-02,store,495,xgb_observed_sales,21,0.3442310441107977,0.40310766767140355,0.58297192954248,0.8120638104346225,15
2024-06-26 to 2024-07-02,store,495,xgb_stockout_aware,21,0.35631957905633105,0.41253459827627414,0.6034444484018511,0.8029094405670156,15
2024-06-26 to 2024-07-02,store,505,seasonal_naive,7,0.6428571428571427,0.8202786982831767,2.3684210526315788,1.326530612244898,7
2024-06-26 to 2024-07-02,store,505,xgb_observed_sales,7,0.25842100722449163,0.32702815693469256,0.9520773950376009,1.2026718489227577,7
2024-06-26 to 2024-07-02,store,505,xgb_stockout_aware,7,0.2558330440627677,0.3230793607833934,0.94254279391546,1.2296200095684153,7
2024-06-26 to 2024-07-02,store,509,seasonal_naive,7,0.2942857142857143,0.4288855991320496,0.6058823529411764,0.6950549450549451,3
2024-06-26 to 2024-07-02,store,509,xgb_observed_sales,7,0.42291581971304765,0.4399788746917821,0.8707090405856862,1.163931804107386,3
2024-06-26 to 2024-07-02,store,509,xgb_stockout_aware,7,0.3972030401229859,0.4547170747968293,0.8177709649590885,1.0295566963674714,3
2024-06-26 to 2024-07-02,store,510,seasonal_naive,7,0.2857142857142857,0.33806170189140666,0.5714285714285715,0.48452817024245604,6
2024-06-26 to 2024-07-02,store,510,xgb_observed_sales,7,0.12188373804092408,0.1665683264711915,0.24376747608184818,0.24645104773346818,6
2024-06-26 to 2024-07-02,store,510,xgb_stockout_aware,7,0.14308176381247387,0.17934245942147745,0.28616352762494773,0.3052436511500368,6
2024-06-26 to 2024-07-02,store,531,seasonal_naive,28,0.43571428571428567,0.6117889458675387,0.5980392156862744,0.8575957348956023,23
2024-06-26 to 2024-07-02,store,531,xgb_observed_sales,28,0.3451280888702188,0.4930339368002627,0.47370522001794735,0.5636197260792332,23
2024-06-26 to 2024-07-02,store,531,xgb_stockout_aware,28,0.3503902604537351,0.5186831837567534,0.48092780846591093,0.5033101283710463,23
2024-06-26 to 2024-07-02,store,532,seasonal_naive,14,0.9850000000000002,1.4610294804887214,0.6093680954485198,0.521746845017311,14
2024-06-26 to 2024-07-02,store,532,xgb_observed_sales,14,0.46173897206783293,0.5799413115116682,0.2856538050795255,0.33509781952020035,14
2024-06-26 to 2024-07-02,store,532,xgb_stockout_aware,14,0.5301021724087851,0.7126340764957959,0.32794654943539514,0.38568788229323037,14
2024-06-26 to 2024-07-02,store,533,seasonal_naive,7,0.42857142857142855,0.50709255283711,1.3043478260869565,1.2244897959183674,3
2024-06-26 to 2024-07-02,store,533,xgb_observed_sales,7,0.2277797785720655,0.3212177874252534,0.6932428043497646,1.1504279812699043,3
2024-06-26 to 2024-07-02,store,533,xgb_stockout_aware,7,0.25469922585678956,0.3139162517195377,0.7751715569554465,1.4368090972677658,3
2024-06-26 to 2024-07-02,store,550,seasonal_naive,7,0.3571428571428572,0.4488079449258574,1.1363636363636365,1.2423916935195132,7
2024-06-26 to 2024-07-02,store,550,xgb_observed_sales,7,0.19637531977246647,0.20377398546554873,0.6248305629123933,0.9349014242416072,7
2024-06-26 to 2024-07-02,store,550,xgb_stockout_aware,7,0.17327280683176857,0.18615422967468298,0.5513225671919909,0.8836253148118703,7
2024-06-26 to 2024-07-02,store,560,seasonal_naive,7,0.3714285714285715,0.48107023544236394,1.6250000000000002,1.6122448979591835,4
2024-06-26 to 2024-07-02,store,560,xgb_observed_sales,7,0.1686637601682118,0.20475647788784435,0.7379039507359266,0.7756030118733567,4
2024-06-26 to 2024-07-02,store,560,xgb_stockout_aware,7,0.15288311115333014,0.1888062044439247,0.6688636112958193,0.7600005048216395,4
2024-06-26 to 2024-07-02,store,587,seasonal_naive,7,0.5857142857142856,0.7181324987175317,0.9318181818181817,1.0395346544414867,4
2024-06-26 to 2024-07-02,store,587,xgb_observed_sales,7,0.35493016242980957,0.4238710560477403,0.5646616220474243,0.6376460395522668,4
2024-06-26 to 2024-07-02,store,587,xgb_stockout_aware,7,0.377542998109545,0.42242616599901045,0.6006365879015488,0.6662808395356884,4
2024-06-26 to 2024-07-02,store,592,seasonal_naive,7,0.4428571428571428,0.4913538149119954,1.148148148148148,1.3003710575139145,2
2024-06-26 to 2024-07-02,store,592,xgb_observed_sales,7,0.3064234639917101,0.41867097630002875,0.7944312029414706,0.9224975605306784,2
2024-06-26 to 2024-07-02,store,592,xgb_stockout_aware,7,0.3073578689779554,0.39691547815077244,0.7968537343872918,0.8912876351729724,2
2024-06-26 to 2024-07-02,store,602,seasonal_naive,21,0.5904761904761904,0.8315218406202999,0.5102880658436213,0.8125700359104024,16
2024-06-26 to 2024-07-02,store,602,xgb_observed_sales,21,0.39270268139385045,0.5260870348514359,0.33937268762431516,0.6244131331828638,16
2024-06-26 to 2024-07-02,store,602,xgb_stockout_aware,21,0.43404169054258435,0.5916251323445667,0.3750977572590235,0.6525007135278293,16
2024-06-26 to 2024-07-02,store,615,seasonal_naive,7,0.15714285714285717,0.19639610121239315,0.31428571428571433,0.34225690276110443,7
2024-06-26 to 2024-07-02,store,615,xgb_observed_sales,7,0.18085259795188907,0.2434214222230874,0.36170519590377814,0.3551293552846801,7
2024-06-26 to 2024-07-02,store,615,xgb_stockout_aware,7,0.21412176064082558,0.2710338081246122,0.42824352128165116,0.41620158842670735,7
2024-06-26 to 2024-07-02,store,617,seasonal_naive,7,0.48571428571428565,0.6458659745975609,0.309090909090909,0.41483838434639353,6
2024-06-26 to 2024-07-02,store,617,xgb_observed_sales,7,0.1703773294176374,0.19757196214571807,0.10842193690213288,0.10970679843498556,6
2024-06-26 to 2024-07-02,store,617,xgb_stockout_aware,7,0.1762237991605486,0.20661238366511805,0.11214241764762183,0.1186775441702413,6
2024-06-26 to 2024-07-02,store,632,seasonal_naive,14,0.7428571428571429,0.9047493733468007,1.5757575757575757,1.2681096681096682,11
2024-06-26 to 2024-07-02,store,632,xgb_observed_sales,14,0.42405647933483126,0.5570210349049921,0.8995137440435814,0.9913884395067917,11
2024-06-26 to 2024-07-02,store,632,xgb_stockout_aware,14,0.4257605931588582,0.5485567592082827,0.9031285309430325,0.9951465330519689,11
2024-06-26 to 2024-07-02,store,633,seasonal_naive,7,0.29999999999999993,0.5140872632984737,0.24137931034482757,0.2607848625893738,7
2024-06-26 to 2024-07-02,store,633,xgb_observed_sales,7,0.5062076909201486,0.6603041676690602,0.40729354441851034,0.4271411613257236,7
2024-06-26 to 2024-07-02,store,633,xgb_stockout_aware,7,0.5118950128555297,0.6546523781191617,0.4118695505734148,0.43352327880748504,7
2024-06-26 to 2024-07-02,store,634,seasonal_naive,7,0.21428571428571433,0.24784787961282104,2.142857142857143,1.3432282003710576,7
2024-06-26 to 2024-07-02,store,634,xgb_observed_sales,7,0.2533778947378908,0.3222963334934291,2.5337789473789076,1.4722136874546392,7
2024-06-26 to 2024-07-02,store,634,xgb_stockout_aware,7,0.21572518987315042,0.27042846156791556,2.157251898731504,1.3780647946929905,7
2024-06-26 to 2024-07-02,store,643,seasonal_naive,14,0.3785714285714286,0.5119988839273549,0.4690265486725665,0.4933957975609419,6
2024-06-26 to 2024-07-02,store,643,xgb_observed_sales,14,0.315449585233416,0.44117807045584223,0.3908224949794535,0.4533960279760259,6
2024-06-26 to 2024-07-02,store,643,xgb_stockout_aware,14,0.2924788841179439,0.4305563439978837,0.36236321926116954,0.415282352663088,6
2024-06-26 to 2024-07-02,store,651,seasonal_naive,7,0.21428571428571425,0.29032002047002253,0.9999999999999999,1.4693877551020407,3
2024-06-26 to 2024-07-02,store,651,xgb_observed_sales,7,0.24235229662486485,0.2748094196586881,1.1309773842493693,1.1843844217217543,3
2024-06-26 to 2024-07-02,store,651,xgb_stockout_aware,7,0.26574719633374894,0.2951404918534562,1.2401535828908286,1.1763949450929883,3
2024-06-26 to 2024-07-02,store,665,seasonal_naive,14,0.4571428571428572,0.6023762469230862,1.0,1.0648048693161478,10
2024-06-26 to 2024-07-02,store,665,xgb_observed_sales,14,0.2731535270078374,0.33780008597966893,0.5975233403296443,0.7006685033556304,10
2024-06-26 to 2024-07-02,store,665,xgb_stockout_aware,14,0.2931373245748026,0.3628633791693492,0.6412378975073807,0.8697937693916346,10
2024-06-26 to 2024-07-02,store,666,seasonal_naive,7,0.4142857142857143,0.6380774695464941,1.9333333333333333,1.3170068027210884,7
2024-06-26 to 2024-07-02,store,666,xgb_observed_sales,7,0.2658661322934287,0.2750537882121492,1.2407086173693338,1.3379925268291704,7
2024-06-26 to 2024-07-02,store,666,xgb_stockout_aware,7,0.20815854264157158,0.21934886749632462,0.9714065323273339,1.3137112960594524,7
2024-06-26 to 2024-07-02,store,688,seasonal_naive,7,0.2571428571428572,0.3023715784073818,0.6428571428571429,0.6489795918367347,6
2024-06-26 to 2024-07-02,store,688,xgb_observed_sales,7,0.17352765372821263,0.18867634005023287,0.4338191343205316,0.47383336475516996,6
2024-06-26 to 2024-07-02,store,688,xgb_stockout_aware,7,0.1586762581552778,0.17941247731709298,0.39669064538819454,0.4444400106551291,6
2024-06-26 to 2024-07-02,store,694,seasonal_naive,7,0.7857142857142857,0.9449111825230679,1.057692307692308,1.0397182796563602,6
2024-06-26 to 2024-07-02,store,694,xgb_observed_sales,7,0.5175583796841757,0.7562953602245046,0.696713203421006,0.8135830827846569,6
2024-06-26 to 2024-07-02,store,694,xgb_stockout_aware,7,0.5205337839467185,0.7361862856467147,0.7007185553128904,0.7979815707233296,6
2024-06-26 to 2024-07-02,store,702,seasonal_naive,7,0.4857142857142857,0.5879747322073337,0.5396825396825397,0.4354569240283527,7
2024-06-26 to 2024-07-02,store,702,xgb_observed_sales,7,0.1996309382574899,0.21961045526616715,0.22181215361943318,0.23175807667900133,7
2024-06-26 to 2024-07-02,store,702,xgb_stockout_aware,7,0.17410968542099,0.21059456910908916,0.1934552060233222,0.20192930249263322,7
2024-06-26 to 2024-07-02,store,733,seasonal_naive,7,0.7142857142857143,0.8106434833777776,0.4273504273504274,0.460487151382292,7
2024-06-26 to 2024-07-02,store,733,xgb_observed_sales,7,0.8586181265967232,0.959759854939541,0.5137031526647062,0.5562723779901729,7
2024-06-26 to 2024-07-02,store,733,xgb_stockout_aware,7,0.8340877669198171,0.9043324876020861,0.4990268690973265,0.5470325725929401,7
2024-06-26 to 2024-07-02,store,734,seasonal_naive,7,0.5571428571428572,0.6380774695464941,2.0526315789473686,1.1453308596165737,6
2024-06-26 to 2024-07-02,store,734,xgb_observed_sales,7,0.15138522003378188,0.19639755180558988,0.5577350211770912,0.8049817848745169,6
2024-06-26 to 2024-07-02,store,734,xgb_stockout_aware,7,0.1405692563525268,0.19508199740247528,0.5178867339303619,0.8142508719256811,6
2024-06-26 to 2024-07-02,store,735,seasonal_naive,7,0.2,0.24494897427831783,0.5384615384615385,0.7027210884353742,3
2024-06-26 to 2024-07-02,store,735,xgb_observed_sales,7,0.13954778377498897,0.18665424629178767,0.37570557170189345,0.4512568062877646,3
2024-06-26 to 2024-07-02,store,735,xgb_stockout_aware,7,0.16065827395234789,0.21356349267251842,0.4325415067947828,0.4139458258687659,3
2024-06-26 to 2024-07-02,store,742,seasonal_naive,7,0.5285714285714285,0.608276253029822,0.5781249999999999,0.7096243179546067,7
2024-06-26 to 2024-07-02,store,742,xgb_observed_sales,7,0.2995301519121442,0.36489540578287977,0.3276111036539077,0.40637163112849606,7
2024-06-26 to 2024-07-02,store,742,xgb_stockout_aware,7,0.29718490498406547,0.36159887185259193,0.32504598982632155,0.3915934560955166,7
2024-06-26 to 2024-07-02,store,743,seasonal_naive,7,0.3714285714285715,0.4566962103755938,1.3000000000000003,1.4692307692307693,7
2024-06-26 to 2024-07-02,store,743,xgb_observed_sales,7,0.3432566710880825,0.4160412247125331,1.2013983488082887,1.2325789783098606,7
2024-06-26 to 2024-07-02,store,743,xgb_stockout_aware,7,0.334159814459937,0.40186754386649925,1.1695593506097794,1.2194980299805305,7
2024-06-26 to 2024-07-02,store,777,seasonal_naive,7,0.3042857142857143,0.36025784416958134,0.49882903981264637,0.720322611803342,6
2024-06-26 to 2024-07-02,store,777,xgb_observed_sales,7,0.17846116014889307,0.25910682260584955,0.2925592789326116,0.2823838979374108,6
2024-06-26 to 2024-07-02,store,777,xgb_stockout_aware,7,0.17612767236573354,0.2552593773669598,0.2887338891241533,0.27702881230805937,6
2024-06-26 to 2024-07-02,store,817,seasonal_naive,7,0.35714285714285715,0.43588989435406733,0.48076923076923067,0.4437679642648587,7
2024-06-26 to 2024-07-02,store,817,xgb_observed_sales,7,0.1836072989872524,0.2365021536358806,0.24716367171360895,0.2599151667008265,7
2024-06-26 to 2024-07-02,store,817,xgb_stockout_aware,7,0.18479369367871973,0.24752035104698603,0.2487607414905842,0.2615442933720465,7
2024-06-26 to 2024-07-02,store,830,seasonal_naive,7,0.9285714285714286,1.1704699910719625,0.6770833333333333,0.9665669298022238,5
2024-06-26 to 2024-07-02,store,830,xgb_observed_sales,7,0.5815213961260659,0.7309671947126731,0.4240260180085897,0.5799887111798719,5
2024-06-26 to 2024-07-02,store,830,xgb_stockout_aware,7,0.6001757468496051,0.731742467396789,0.43762814874450356,0.6100830601553856,5
2024-06-26 to 2024-07-02,store,832,seasonal_naive,21,0.6714285714285714,0.7480132415430957,0.6025641025641024,0.8343654761724556,18
2024-06-26 to 2024-07-02,store,832,xgb_observed_sales,21,0.5752417700631278,0.7803175100373407,0.5162426141592172,0.6813043948992757,18
2024-06-26 to 2024-07-02,store,832,xgb_stockout_aware,21,0.592862604345594,0.7780823385755523,0.5320561833870715,0.6820989914549881,18
2024-06-26 to 2024-07-02,store,834,seasonal_naive,7,0.47142857142857153,0.6106202935189289,1.8333333333333337,1.2206349206349205,3
2024-06-26 to 2024-07-02,store,834,xgb_observed_sales,7,0.07136396765708924,0.11746720214797998,0.2775265408886804,0.3919785972139222,3
2024-06-26 to 2024-07-02,store,834,xgb_stockout_aware,7,0.08954278507402967,0.1293180351621769,0.3482219419545598,0.6892516760185103,3
2024-06-26 to 2024-07-02,store,848,seasonal_naive,14,1.1285714285714286,1.633576269591178,0.7860696517412935,0.9497100515050568,14
2024-06-26 to 2024-07-02,store,848,xgb_observed_sales,14,0.639656605039324,1.0658758666856762,0.44553196370898185,0.5105002701213274,14
2024-06-26 to 2024-07-02,store,848,xgb_stockout_aware,14,0.6381664872169495,1.0781380145518837,0.4444940706983727,0.48317503104475,14
2024-06-26 to 2024-07-02,store,849,seasonal_naive,7,0.857142857142857,1.0323343865794095,0.7407407407407407,0.8784424984346076,6
2024-06-26 to 2024-07-02,store,849,xgb_observed_sales,7,0.5799947432109288,0.6855739757607435,0.501230024997099,0.6198833481938488,6
2024-06-26 to 2024-07-02,store,849,xgb_stockout_aware,7,0.5860555819102696,0.6705947193048787,0.5064677868360355,0.627430291948499,6
2024-06-26 to 2024-07-02,store,874,seasonal_naive,7,0.2571428571428572,0.32071349029490925,1.2,0.8346938775510205,7
2024-06-26 to 2024-07-02,store,874,xgb_observed_sales,7,0.2172595305102212,0.23130473032163704,1.013877809047699,0.7830785621546378,7
2024-06-26 to 2024-07-02,store,874,xgb_stockout_aware,7,0.22317427396774295,0.23054975769933234,1.0414799451828005,0.7981342680313013,7
2024-06-26 to 2024-07-02,store,875,seasonal_naive,21,0.4904761904761905,0.6051367417290708,0.673202614379085,0.7698756270184842,17
2024-06-26 to 2024-07-02,store,875,xgb_observed_sales,21,0.31190997262795767,0.3958213835152377,0.4281117271364125,0.6179711838089561,17
2024-06-26 to 2024-07-02,store,875,xgb_stockout_aware,21,0.36280571321646377,0.4672157507655759,0.4979686259833816,0.6217079415250664,17
2024-06-26 to 2024-07-02,store,886,seasonal_naive,14,1.1071428571428572,1.3424391446701998,0.7380952380952381,0.7109095954040343,14
2024-06-26 to 2024-07-02,store,886,xgb_observed_sales,14,0.8597434818744658,1.0194298966772353,0.573162321249644,0.6175193023421304,14
2024-06-26 to 2024-07-02,store,886,xgb_stockout_aware,14,0.9864668990884508,1.127409465811575,0.6576445993923005,0.6753028221597802,14
2024-06-26 to 2024-07-02,store,894,seasonal_naive,7,0.15714285714285717,0.1889822365046136,0.5238095238095238,0.7402597402597403,4
2024-06-26 to 2024-07-02,store,894,xgb_observed_sales,7,0.11580535854612076,0.1405747295372064,0.38601786182040254,0.5633432506957938,4
2024-06-26 to 2024-07-02,store,894,xgb_stockout_aware,7,0.20199193358421327,0.24066887913735474,0.6733064452807108,0.7026521105560317,4
2024-06-26 to 2024-07-02,store,895,seasonal_naive,7,0.45714285714285713,0.529150262212918,0.4571428571428572,0.44857142857142857,7
2024-06-26 to 2024-07-02,store,895,xgb_observed_sales,7,0.30444199868610927,0.3623711410725429,0.3044419986861093,0.3112736871284089,7
2024-06-26 to 2024-07-02,store,895,xgb_stockout_aware,7,0.3258180975914001,0.35434190393450776,0.3258180975914001,0.3307723623218704,7
2024-06-26 to 2024-07-02,store,896,seasonal_naive,14,0.55,0.7146427679017578,0.5422535211267606,0.6086697218798415,10
2024-06-26 to 2024-07-02,store,896,xgb_observed_sales,14,0.5085047751665115,0.6091098233633911,0.5013427360796593,0.6196785487188607,10
2024-06-26 to 2024-07-02,store,896,xgb_stockout_aware,14,0.5017074806349618,0.5829460149072606,0.49464117809080743,0.620615679986329,10
2024-06-26 to 2024-07-02,store,897,seasonal_naive,35,0.4628571428571429,0.8495376894018805,0.3145631067961166,0.6661839949440067,28
2024-06-26 to 2024-07-02,store,897,xgb_observed_sales,35,0.5289228892326354,0.9466313583972976,0.35946215773091733,0.43457602571507153,28
2024-06-26 to 2024-07-02,store,897,xgb_stockout_aware,35,0.5036452707222528,0.8166915279681843,0.34228319369473503,0.4342099485604236,28
2024-06-26 to 2024-07-02,product,0,seasonal_naive,14,0.19999999999999998,0.2507132682112035,0.30434782608695654,0.3121739371739371,4
2024-06-26 to 2024-07-02,product,0,xgb_observed_sales,14,0.20046505204268864,0.2542438719696946,0.30505551397800446,0.31919528955283594,4
2024-06-26 to 2024-07-02,product,0,xgb_stockout_aware,14,0.20664749443531036,0.27225527123668014,0.3144635784885158,0.3292292800735845,4
2024-06-26 to 2024-07-02,product,1,seasonal_naive,7,1.4285714285714286,1.7631141280618874,0.5681818181818181,0.8304924867616899,5
2024-06-26 to 2024-07-02,product,1,xgb_observed_sales,7,1.1620804446084159,1.2446060497796871,0.46219108592380176,0.6581286322323574,5
2024-06-26 to 2024-07-02,product,1,xgb_stockout_aware,7,1.1250596080507551,1.212271206038856,0.44746688956564123,0.6320493981902432,5
2024-06-26 to 2024-07-02,product,3,seasonal_naive,14,0.5357142857142857,0.7713624310270756,1.0416666666666667,0.8055734255424658,9
2024-06-26 to 2024-07-02,product,3,xgb_observed_sales,14,0.3803930446505546,0.5742903613811962,0.7396531423760785,1.205685847551084,9
2024-06-26 to 2024-07-02,product,3,xgb_stockout_aware,14,0.44262401589325495,0.5881499787572425,0.8606578086813291,1.1532911067501221,9
2024-06-26 to 2024-07-02,product,4,seasonal_naive,168,0.47023809523809523,0.7333874438911147,0.6677937447168216,0.7663144911448049,86
2024-06-26 to 2024-07-02,product,4,xgb_observed_sales,168,0.3821993327300463,0.5557019942766683,0.5427682831669297,0.7312212035682043,86
2024-06-26 to 2024-07-02,product,4,xgb_stockout_aware,168,0.4009123002711152,0.5602531518507354,0.5693429116276192,0.7791470795588159,86
2024-06-26 to 2024-07-02,product,6,seasonal_naive,56,0.3723214285714286,0.4833864913296606,0.3773072747014115,0.4341926854051485,38
2024-06-26 to 2024-07-02,product,6,xgb_observed_sales,56,0.3237487333480801,0.40413754113809514,0.32808413079067106,0.4081881236827388,38
2024-06-26 to 2024-07-02,product,6,xgb_stockout_aware,56,0.3123696092835494,0.3839835071093108,0.3165526261288231,0.3887324724390531,38
2024-06-26 to 2024-07-02,product,8,seasonal_naive,7,0.32857142857142857,0.4735881272643079,0.2584269662921348,0.3099105863081018,6
2024-06-26 to 2024-07-02,product,8,xgb_observed_sales,7,0.43929982525961747,0.49694651037601273,0.3455167164963283,0.3939137623434659,6
2024-06-26 to 2024-07-02,product,8,xgb_stockout_aware,7,0.44517404181616654,0.48174948519604127,0.35013688682170396,0.3995120101709226,6
2024-06-26 to 2024-07-02,product,9,seasonal_naive,7,0.15714285714285717,0.21044171232366052,0.31428571428571433,0.4363017934446506,2
2024-06-26 to 2024-07-02,product,9,xgb_observed_sales,7,0.12726010595049175,0.14748322276761616,0.2545202119009835,0.30441726238424377,2
2024-06-26 to 2024-07-02,product,9,xgb_stockout_aware,7,0.09013814159802028,0.12285096566560673,0.18027628319604055,0.19730368650145236,2
2024-06-26 to 2024-07-02,product,11,seasonal_naive,56,0.29107142857142865,0.3593148241544494,0.4312169312169314,0.501766483229572,41
2024-06-26 to 2024-07-02,product,11,xgb_observed_sales,56,0.2218581423163414,0.2850885480669498,0.32867872935754283,0.35722356767575275,41
2024-06-26 to 2024-07-02,product,11,xgb_stockout_aware,56,0.21841989063790868,0.27831156819685726,0.3235850231672721,0.35338636550961944,41
2024-06-26 to 2024-07-02,product,14,seasonal_naive,7,0.24285714285714288,0.29032002047002253,0.2931034482758621,0.32670760611937083,3
2024-06-26 to 2024-07-02,product,14,xgb_observed_sales,7,0.2549671513693673,0.3130353834596142,0.30771897579061575,0.3351373601432472,3
2024-06-26 to 2024-07-02,product,14,xgb_stockout_aware,7,0.2606825777462551,0.3197395475380482,0.3146169041765148,0.3454974379462135,3
2024-06-26 to 2024-07-02,product,17,seasonal_naive,7,0.35714285714285715,0.42594432902501644,0.6097560975609757,0.4741973712561948,6
2024-06-26 to 2024-07-02,product,17,xgb_observed_sales,7,0.169449588230678,0.200788730339851,0.28930417502798683,0.28475475017618707,6
2024-06-26 to 2024-07-02,product,17,xgb_stockout_aware,7,0.1871740460395813,0.21732165603571427,0.31956544445782176,0.312509222359476,6
2024-06-26 to 2024-07-02,product,18,seasonal_naive,7,0.24285714285714288,0.34016802570830457,0.30909090909090914,0.2786393345216875,4
2024-06-26 to 2024-07-02,product,18,xgb_observed_sales,7,0.16325274535587855,0.20805630523324617,0.20777622136202725,0.20962435390331052,4
2024-06-26 to 2024-07-02,product,18,xgb_stockout_aware,7,0.15624302455357145,0.19677068730971325,0.19885475852272727,0.19900622839021814,4
2024-06-26 to 2024-07-02,product,19,seasonal_naive,7,0.6571428571428571,0.7928249671720919,1.069767441860465,0.9265430657388813,1
2024-06-26 to 2024-07-02,product,19,xgb_observed_sales,7,0.3972287705966404,0.5110659840498786,0.6466514870177867,0.6315675058936111,1
2024-06-26 to 2024-07-02,product,19,xgb_stockout_aware,7,0.49120064462934215,0.6260758201704718,0.7996289563733477,0.7002132994652539,1
2024-06-26 to 2024-07-02,product,21,seasonal_naive,7,0.20000000000000004,0.2507132682112035,0.21212121212121215,0.21804511278195493,3
2024-06-26 to 2024-07-02,product,21,xgb_observed_sales,7,0.143876588344574,0.1714985257970554,0.15259638157757846,0.15229624898610886,3
2024-06-26 to 2024-07-02,product,21,xgb_stockout_aware,7,0.10080887249537876,0.1297807450927307,0.10691850113146231,0.10239905057207133,3
2024-06-26 to 2024-07-02,product,23,seasonal_naive,7,0.6857142857142858,0.7559289460184544,1.0666666666666669,0.7117685351652623,6
2024-06-26 to 2024-07-02,product,23,xgb_observed_sales,7,0.35015230519430973,0.4166458836560833,0.5446813636355929,0.4710381738920191,6
2024-06-26 to 2024-07-02,product,23,xgb_stockout_aware,7,0.32682584013257704,0.4117754517172143,0.508395751317342,0.4445740616445892,6
2024-06-26 to 2024-07-02,product,25,seasonal_naive,7,0.24285714285714288,0.3184785258515422,0.3148148148148148,0.3205856255545697,3
2024-06-26 to 2024-07-02,product,25,xgb_observed_sales,7,0.19949227571487427,0.23598356129504094,0.2586010981489111,0.272435929521766,3
2024-06-26 to 2024-07-02,product,25,xgb_stockout_aware,7,0.19486148016793386,0.21427856143747492,0.25259821503250685,0.2622610662577965,3
2024-06-26 to 2024-07-02,product,26,seasonal_naive,49,0.2861224489795919,0.34653385734400366,0.4421318196152634,0.4974908624214343,34
2024-06-26 to 2024-07-02,product,26,xgb_observed_sales,49,0.21327153373737723,0.27241839159225895,0.32955866140433565,0.36494523436450577,34
2024-06-26 to 2024-07-02,product,26,xgb_stockout_aware,49,0.20955167536832847,0.2630550431889404,0.3238105358892493,0.3640105241934431,34
2024-06-26 to 2024-07-02,product,27,seasonal_naive,7,0.1857142857142857,0.21712405933672377,1.2999999999999998,1.179591836734694,4
2024-06-26 to 2024-07-02,product,27,xgb_observed_sales,7,0.19472707680293494,0.22805297718209702,1.3630895376205445,0.9922928887525208,4
2024-06-26 to 2024-07-02,product,27,xgb_stockout_aware,7,0.20395907333918978,0.231638458237079,1.4277135133743284,1.0078477318701584,4
2024-06-26 to 2024-07-02,product,28,seasonal_naive,7,0.12857142857142856,0.16475089420958278,0.2647058823529411,0.2738404452690167,4
2024-06-26 to 2024-07-02,product,28,xgb_observed_sales,7,0.16987013731684003,0.1992783320285659,0.34973263565231766,0.35712078788229934,4
2024-06-26 to 2024-07-02,product,28,xgb_stockout_aware,7,0.17689820442880902,0.2119260728855557,0.3642021855887244,0.36963622362497256,4
2024-06-26 to 2024-07-02,product,37,seasonal_naive,63,0.6682539682539683,0.8418611279362878,0.5782967032967034,0.6672667864043521,59
2024-06-26 to 2024-07-02,product,37,xgb_observed_sales,63,0.5054956723773291,0.6666030532220448,0.43744817801884245,0.5010926740979977,59
2024-06-26 to 2024-07-02,product,37,xgb_stockout_aware,63,0.49794302743578717,0.6455099547296883,0.43091223528096967,0.49073047005591175,59
2024-06-26 to 2024-07-02,product,38,seasonal_naive,7,0.22857142857142856,0.3625307868699863,0.42105263157894735,1.2802498048399686,6
2024-06-26 to 2024-07-02,product,38,xgb_observed_sales,7,0.5180205762386322,0.864593868570505,0.95424842991327,1.4574958398806823,6
2024-06-26 to 2024-07-02,product,38,xgb_stockout_aware,7,0.4391671553254128,0.7854404328672328,0.8089921282310236,1.3706394538182973,6
2024-06-26 to 2024-07-02,product,41,seasonal_naive,77,0.5275324675324675,0.7319108596635976,0.6801741460147354,0.8939195696556075,22
2024-06-26 to 2024-07-02,product,41,xgb_observed_sales,77,0.570551728103068,0.6941515295792505,0.7356410425977266,0.8763929264771145,22
2024-06-26 to 2024-07-02,product,41,xgb_stockout_aware,77,0.708829987265847,0.8502392949177788,0.9139301577272307,0.8883858491538226,22
2024-06-26 to 2024-07-02,product,44,seasonal_naive,14,0.3357142857142857,0.4200340122282616,0.4947368421052632,0.6634083852292417,7
2024-06-26 to 2024-07-02,product,44,xgb_observed_sales,14,0.32782907986215176,0.40825491190412133,0.4831165387442237,0.8598324158371632,7
2024-06-26 to 2024-07-02,product,44,xgb_stockout_aware,14,0.341436087659427,0.42125690983044445,0.5031689712875768,0.749777750070547,7
2024-06-26 to 2024-07-02,product,45,seasonal_naive,35,0.5257142857142858,0.7067026046567052,0.7634854771784232,0.8317401179586054,8
2024-06-26 to 2024-07-02,product,45,xgb_observed_sales,35,0.28346764530454366,0.3738217644167206,0.41167500355431647,0.44304101695550485,8
2024-06-26 to 2024-07-02,product,45,xgb_stockout_aware,35,0.3063267067500523,0.40640163743674507,0.444872810632856,0.4520833509421955,8
2024-06-26 to 2024-07-02,product,50,seasonal_naive,63,0.4650793650793652,0.5932156116495603,0.8276836158192092,0.9384592941260824,22
2024-06-26 to 2024-07-02,product,50,xgb_observed_sales,63,0.35758535275383596,0.45521226485681027,0.6363807125280131,0.7576698755118726,22
2024-06-26 to 2024-07-02,product,50,xgb_stockout_aware,63,0.36522302712712973,0.45164574403887153,0.6499731838703157,0.7538777481062842,22
2024-06-26 to 2024-07-02,product,53,seasonal_naive,7,0.10999999999999999,0.1458472782448427,0.18075117370892013,0.19670605084138917,4
2024-06-26 to 2024-07-02,product,53,xgb_observed_sales,7,0.11528468336377827,0.14189252753279494,0.18943492571512857,0.18841864119747082,4
2024-06-26 to 2024-07-02,product,53,xgb_stockout_aware,7,0.10761837584631784,0.13256140939070143,0.17683770678972413,0.17674208891811313,4
2024-06-26 to 2024-07-02,product,55,seasonal_naive,14,0.2800000000000001,0.321936107236913,0.39278557114228463,0.4475127327113472,9
2024-06-26 to 2024-07-02,product,55,xgb_observed_sales,14,0.25062641944204056,0.32485021837091865,0.35158014751388456,0.3920374972787914,9
2024-06-26 to 2024-07-02,product,55,xgb_stockout_aware,14,0.23750720339162013,0.3161146681344103,0.3331764376235152,0.36259654989650153,9
2024-06-26 to 2024-07-02,product,63,seasonal_naive,7,0.35714285714285715,0.4456135417280635,0.6756756756756757,0.603593399082121,7
2024-06-26 to 2024-07-02,product,63,xgb_observed_sales,7,0.30306885072163176,0.3899810433329417,0.5733735013652492,0.6457374188238071,7
2024-06-26 to 2024-07-02,product,63,xgb_stockout_aware,7,0.30716956257820127,0.40063334791905747,0.581131604877678,0.6525514935301179,7
2024-06-26 to 2024-07-02,product,64,seasonal_naive,14,0.2257142857142857,0.26629736332582365,0.6245059288537549,0.7477279533883309,8
2024-06-26 to 2024-07-02,product,64,xgb_observed_sales,14,0.14364607849291391,0.16970761747842095,0.3974397428657698,0.4275537674836901,8
2024-06-26 to 2024-07-02,product,64,xgb_stockout_aware,14,0.1221503072977066,0.14847008398958864,0.3379652771082791,0.36617587924632783,8
2024-06-26 to 2024-07-02,product,65,seasonal_naive,7,0.49000000000000005,0.5365098854101917,0.8639798488664988,0.9540000423845552,6
2024-06-26 to 2024-07-02,product,65,xgb_observed_sales,7,0.2199864794526781,0.2530008832109648,0.3878854801432612,0.5191186457000101,6
2024-06-26 to 2024-07-02,product,65,xgb_stockout_aware,7,0.20302080495016914,0.22313216975512773,0.35797119260735116,0.46993198728567526,6
2024-06-26 to 2024-07-02,product,66,seasonal_naive,7,0.2571428571428572,0.3545621041711674,0.27272727272727276,0.24700136464842348,2
2024-06-26 to 2024-07-02,product,66,xgb_observed_sales,7,0.24035950388227192,0.30405230523811916,0.25492674654180353,0.24181681026870144,2
2024-06-26 to 2024-07-02,product,66,xgb_stockout_aware,7,0.25086279937199185,0.28625188558704134,0.2660666053945368,0.2539953584138274,2
2024-06-26 to 2024-07-02,product,67,seasonal_naive,14,0.25785714285714284,0.34804556351965515,0.5640624999999999,0.5167913919040223,3
2024-06-26 to 2024-07-02,product,67,xgb_observed_sales,14,0.14148983997958048,0.16708952798238283,0.3095090249553323,0.3391851187860934,3
2024-06-26 to 2024-07-02,product,67,xgb_stockout_aware,14,0.13344573889459885,0.15821706080958525,0.29191255383193493,0.33595100228199565,3
2024-06-26 to 2024-07-02,product,69,seasonal_naive,14,0.1642857142857143,0.21876275473019363,0.6388888888888888,0.8119047619047619,7
2024-06-26 to 2024-07-02,product,69,xgb_observed_sales,14,0.1804565301963261,0.19912830307794158,0.7017753952079347,0.6033637407863416,7
2024-06-26 to 2024-07-02,product,69,xgb_stockout_aware,14,0.19570382024560656,0.21649257663911822,0.7610704120662477,0.6164088088519278,7
2024-06-26 to 2024-07-02,product,70,seasonal_naive,42,3.4785714285714286,4.047544817246505,0.5970576215774417,0.904500338876093,24
2024-06-26 to 2024-07-02,product,70,xgb_observed_sales,42,2.407130803380694,2.9534124912116195,0.4131569012749863,0.5327983333052205,24
2024-06-26 to 2024-07-02,product,70,xgb_stockout_aware,42,2.2329207885833013,2.9714028986895036,0.383255713610538,0.4550423909366349,24
2024-06-26 to 2024-07-02,product,71,seasonal_naive,28,0.5642857142857143,0.7151423434733616,0.7783251231527094,0.7666775035207511,11
2024-06-26 to 2024-07-02,product,71,xgb_observed_sales,28,0.43575536587408603,0.5351437086486284,0.6010418839642566,0.6626880735368169,11
2024-06-26 to 2024-07-02,product,71,xgb_stockout_aware,28,0.4814502903393336,0.6062463931723396,0.6640693659852878,0.6674468210120361,11
2024-06-26 to 2024-07-02,product,72,seasonal_naive,21,0.34761904761904766,0.443471156521669,0.8690476190476193,0.9417508417508416,13
2024-06-26 to 2024-07-02,product,72,xgb_observed_sales,21,0.20384490163553326,0.24681415803586776,0.5096122540888333,0.5487993620023858,13
2024-06-26 to 2024-07-02,product,72,xgb_stockout_aware,21,0.23664117171650845,0.2791217107091397,0.5916029292912712,0.6155436627409431,13
2024-06-26 to 2024-07-02,product,73,seasonal_naive,21,0.523809523809524,0.6279217421667402,0.28720626631853785,0.38953426816325243,9
2024-06-26 to 2024-07-02,product,73,xgb_observed_sales,21,0.5765325478145054,0.7358974283992837,0.316114451804298,0.3372052329165636,9
2024-06-26 to 2024-07-02,product,73,xgb_stockout_aware,21,0.4650766696248737,0.5879320328993252,0.2550028736846566,0.2858903052785908,9
2024-06-26 to 2024-07-02,product,74,seasonal_naive,7,0.16,0.20135256924821485,0.21333333333333335,0.2510583486758384,1
2024-06-26 to 2024-07-02,product,74,xgb_observed_sales,7,0.16126047713415964,0.17227411805984338,0.21501396951221285,0.234110705728868,1
2024-06-26 to 2024-07-02,product,74,xgb_stockout_aware,7,0.11683723756245204,0.1305343778495259,0.15578298341660274,0.1657696213443335,1
2024-06-26 to 2024-07-02,product,76,seasonal_naive,49,0.48346938775510206,0.5657810205948112,0.48895768833849335,0.565630248165813,22
2024-06-26 to 2024-07-02,product,76,xgb_observed_sales,49,0.37003903607932886,0.4655082251448509,0.3742396856117052,0.4433912673449866,22
2024-06-26 to 2024-07-02,product,76,xgb_stockout_aware,49,0.3684276590541918,0.458253990199678,0.3726100163809164,0.44548680162490994,22
2024-06-26 to 2024-07-02,product,77,seasonal_naive,7,0.6428571428571429,0.7625146368618583,1.2857142857142858,1.3635599694423224,1
2024-06-26 to 2024-07-02,product,77,xgb_observed_sales,7,0.29982274770736694,0.37279294449002753,0.5996454954147339,0.7624182092345576,1
2024-06-26 to 2024-07-02,product,77,xgb_stockout_aware,7,0.3452692542757307,0.42091463079373553,0.6905385085514614,0.7968928268226695,1
2024-06-26 to 2024-07-02,product,80,seasonal_naive,14,0.27214285714285713,0.34982648760288493,0.7485265225933201,0.6549517080572981,12
2024-06-26 to 2024-07-02,product,80,xgb_observed_sales,14,0.18906820740018573,0.23607189246091956,0.5200304329278193,0.4941133637682678,12
2024-06-26 to 2024-07-02,product,80,xgb_stockout_aware,14,0.1805978330544063,0.22367784271861263,0.4967327431751843,0.47822589470977345,12
2024-06-26 to 2024-07-02,product,81,seasonal_naive,7,0.7000000000000001,0.8392173224414009,0.9074074074074074,1.1402070393374741,2
2024-06-26 to 2024-07-02,product,81,xgb_observed_sales,7,0.3269960182053702,0.4652019209045293,0.42388372730325763,0.6785255710276701,2
2024-06-26 to 2024-07-02,product,81,xgb_stockout_aware,7,0.42682311023984637,0.5996030495413728,0.5532892169775786,0.6698558301633798,2
2024-06-26 to 2024-07-02,product,83,seasonal_naive,28,0.41535714285714276,0.5422736525830055,0.4974337040205302,0.5436097519031234,23
2024-06-26 to 2024-07-02,product,83,xgb_observed_sales,28,0.33836746369089393,0.4167925143557402,0.4052304954381963,0.4382256978911088,23
2024-06-26 to 2024-07-02,product,83,xgb_stockout_aware,28,0.34170697101524894,0.4144012047839239,0.4092299054074837,0.44046864926640517,23
2024-06-26 to 2024-07-02,product,90,seasonal_naive,21,0.8142857142857142,1.0965313275875672,0.5777027027027026,0.749016272179327,14
2024-06-26 to 2024-07-02,product,90,xgb_observed_sales,21,0.5812619958605085,0.765495965393002,0.4123818213875229,0.5030215542495673,14
2024-06-26 to 2024-07-02,product,90,xgb_stockout_aware,21,0.5601995820090884,0.7277544187333361,0.39743889264158294,0.47132530102699244,14
2024-06-26 to 2024-07-02,product,91,seasonal_naive,7,0.21428571428571427,0.23603873774083292,0.5357142857142857,0.7165976880262594,4
2024-06-26 to 2024-07-02,product,91,xgb_observed_sales,7,0.15411352855818614,0.20647123665414321,0.38528382139546535,0.5320635059152047,4
2024-06-26 to 2024-07-02,product,91,xgb_stockout_aware,7,0.14815741096224103,0.20043271807596,0.37039352740560255,0.5153597209814087,4
2024-06-26 to 2024-07-02,product,92,seasonal_naive,28,0.7964285714285714,1.0771987480762975,0.6578171091445426,0.9948569668130668,12
2024-06-26 to 2024-07-02,product,92,xgb_observed_sales,28,0.7432593196630476,0.9075975326572508,0.6139015029665289,0.7857715750655924,12
2024-06-26 to 2024-07-02,product,92,xgb_stockout_aware,28,0.7224846903766904,0.8588207150031718,0.5967425171252899,0.7290163102300256,12
2024-06-26 to 2024-07-02,product,93,seasonal_naive,28,0.22107142857142859,0.2963407787376843,0.3662721893491124,0.3663172092098459,19
2024-06-26 to 2024-07-02,product,93,xgb_observed_sales,28,0.16754296123981474,0.21731954100402692,0.27758597128490015,0.28370699174937136,19
2024-06-26 to 2024-07-02,product,93,xgb_stockout_aware,28,0.16883727375950133,0.21970811611845073,0.27973039439444003,0.2884013469434784,19
2024-06-26 to 2024-07-02,product,99,seasonal_naive,7,0.2914285714285714,0.45694638635183454,1.1333333333333333,0.6804421768707483,3
2024-06-26 to 2024-07-02,product,99,xgb_observed_sales,7,0.17759576184409004,0.25019790575017653,0.690650184949239,0.5792838745750336,3
2024-06-26 to 2024-07-02,product,99,xgb_stockout_aware,7,0.17837972896439688,0.24309633530568484,0.6936989459726545,0.5970321880189371,3
2024-06-26 to 2024-07-02,product,100,seasonal_naive,28,0.2357142857142857,0.280305955290694,0.9850746268656716,1.1611820718963577,15
2024-06-26 to 2024-07-02,product,100,xgb_observed_sales,28,0.21048078952091084,0.24920860354423996,0.8796212099381349,0.8636000752303277,15
2024-06-26 to 2024-07-02,product,100,xgb_stockout_aware,28,0.2003074955727373,0.24069996954808578,0.8371059516472603,0.8263227854877405,15
2024-06-26 to 2024-07-02,product,102,seasonal_naive,14,0.4857142857142857,0.6187545093630775,0.40236686390532544,0.747224476030299,5
2024-06-26 to 2024-07-02,product,102,xgb_observed_sales,14,0.4210036064897265,0.49070759590301194,0.3487603840743297,0.649178463512617,5
2024-06-26 to 2024-07-02,product,102,xgb_stockout_aware,14,0.42645472288131714,0.504203127111008,0.353276101795174,0.6033128325553923,5
2024-06-26 to 2024-07-02,product,103,seasonal_naive,7,0.24285714285714285,0.280305955290694,0.4594594594594595,0.5661100803957947,3
2024-06-26 to 2024-07-02,product,103,xgb_observed_sales,7,0.18097073010035922,0.1986469283325767,0.34237705694662557,0.38966202791739146,3
2024-06-26 to 2024-07-02,product,103,xgb_stockout_aware,7,0.2245172917842865,0.23555234856777205,0.4247624439162177,0.48908228293641,3
2024-06-26 to 2024-07-02,product,104,seasonal_naive,21,1.2142857142857142,1.504121322360983,0.45698924731182794,0.44581788159520824,15
2024-06-26 to 2024-07-02,product,104,xgb_observed_sales,21,0.7700299297060286,1.0957951424988785,0.28979621010441936,0.33913443933934984,15
2024-06-26 to 2024-07-02,product,104,xgb_stockout_aware,21,0.7914509830020723,1.1193220002855924,0.29785789682873687,0.3315625049286958,15
2024-06-26 to 2024-07-02,product,108,seasonal_naive,35,0.3202857142857143,0.3980703455420913,0.6405714285714286,0.8877954013502186,20
2024-06-26 to 2024-07-02,product,108,xgb_observed_sales,35,0.20801987034933905,0.2530587262721106,0.4160397406986781,0.4942541715045807,20
2024-06-26 to 2024-07-02,product,108,xgb_stockout_aware,35,0.16928863491330828,0.2187488981167052,0.33857726982661657,0.3912353600526295,20
2024-06-26 to 2024-07-02,product,109,seasonal_naive,7,0.3285714285714286,0.40532174168888885,0.8846153846153848,1.0557823129251702,1
2024-06-26 to 2024-07-02,product,109,xgb_observed_sales,7,0.24066209452492848,0.2867755053990477,0.647936408336346,0.713171831137062,1
2024-06-26 to 2024-07-02,product,109,xgb_stockout_aware,7,0.2857412236077445,0.3098384565704195,0.7693032943285429,0.8058507426870556,1
2024-06-26 to 2024-07-02,product,112,seasonal_naive,21,0.3,0.45929552681512253,0.5039999999999999,0.7065297554019359,7
2024-06-26 to 2024-07-02,product,112,xgb_observed_sales,21,0.17026979163998648,0.27938780703453947,0.2860532499551773,0.42261690011728514,7
2024-06-26 to 2024-07-02,product,112,xgb_stockout_aware,21,0.16677823251201995,0.26308973261638485,0.28018743062019347,0.4039480435808003,7
2024-06-26 to 2024-07-02,product,114,seasonal_naive,35,0.4428571428571429,0.5848076606885378,0.2738515901060071,0.29186154053111213,29
2024-06-26 to 2024-07-02,product,114,xgb_observed_sales,35,0.4314613441058568,0.5855666906710179,0.26680471808666056,0.2684452390405309,29
2024-06-26 to 2024-07-02,product,114,xgb_stockout_aware,35,0.3948999769347054,0.5095386997651907,0.24419609881121362,0.24872739797423438,29
2024-06-26 to 2024-07-02,product,115,seasonal_naive,140,0.40235714285714286,0.49115970635105766,0.7816012210351048,0.8582214147999598,105
2024-06-26 to 2024-07-02,product,115,xgb_observed_sales,140,0.31712375101872853,0.41290391445219915,0.6160305972335507,0.7121004790753653,105
2024-06-26 to 2024-07-02,product,115,xgb_stockout_aware,140,0.341331587272031,0.4331029139310511,0.6630556711264651,0.7241372361128585,105
2024-06-26 to 2024-07-02,product,116,seasonal_naive,49,0.31387755102040815,0.396010719294211,0.6127490039840637,0.9159320987550045,24
2024-06-26 to 2024-07-02,product,116,xgb_observed_sales,49,0.20611113846302032,0.27086843319130643,0.40236835795569703,0.6066793940283111,24
2024-06-26 to 2024-07-02,product,116,xgb_stockout_aware,49,0.24297124616953789,0.30003812258283485,0.47432633714371936,0.6422095606587396,24
2024-06-26 to 2024-07-02,product,117,seasonal_naive,42,1.130952380952381,1.3576064371146883,0.6283068783068784,0.9254486641448659,18
2024-06-26 to 2024-07-02,product,117,xgb_observed_sales,42,0.8603235224882761,1.0096736338447576,0.4779575124934868,0.6763304080199006,18
2024-06-26 to 2024-07-02,product,117,xgb_stockout_aware,42,0.9456822054726737,1.1569997148837983,0.5253790030403743,0.6728150725290359,18
2024-06-26 to 2024-07-02,product,118,seasonal_naive,49,0.4722448979591837,0.5599489772674446,0.4370986021911598,0.46973277082884485,39
2024-06-26 to 2024-07-02,product,118,xgb_observed_sales,49,0.3079081583023071,0.4366778960415341,0.2849924396829061,0.31179551638928577,39
2024-06-26 to 2024-07-02,product,118,xgb_stockout_aware,49,0.32093920989912383,0.4538815234656735,0.2970536699104093,0.3242924417513245,39
2024-06-26 to 2024-07-02,product,119,seasonal_naive,7,0.2942857142857143,0.4288855991320496,0.6058823529411764,0.6950549450549451,3
2024-06-26 to 2024-07-02,product,119,xgb_observed_sales,7,0.42291581971304765,0.4399788746917821,0.8707090405856862,1.163931804107386,3
2024-06-26 to 2024-07-02,product,119,xgb_stockout_aware,7,0.3972030401229859,0.4547170747968293,0.8177709649590885,1.0295566963674714,3
2024-06-26 to 2024-07-02,product,120,seasonal_naive,14,0.2542857142857143,0.31776001726370257,0.6137931034482758,0.6438257755533503,8
2024-06-26 to 2024-07-02,product,120,xgb_observed_sales,14,0.14949467650481632,0.1857447457363959,0.3608492191495566,0.41168770110417924,8
2024-06-26 to 2024-07-02,product,120,xgb_stockout_aware,14,0.16177947223186498,0.19165442502594318,0.39050217435277745,0.44401845781054455,8
2024-06-26 to 2024-07-02,product,121,seasonal_naive,14,0.18571428571428575,0.22677868380553637,0.3250000000000001,0.4671253349824779,6
2024-06-26 to 2024-07-02,product,121,xgb_observed_sales,14,0.2017828528370176,0.23769599807046365,0.3531199924647809,0.4064687080020438,6
2024-06-26 to 2024-07-02,product,121,xgb_stockout_aware,14,0.19938071540423802,0.2345945524352289,0.3489162519574166,0.4070954129571779,6
2024-06-26 to 2024-07-02,product,122,seasonal_naive,63,0.5606349206349205,0.7586642396814472,0.28995977341761753,0.31052982657225026,48
2024-06-26 to 2024-07-02,product,122,xgb_observed_sales,63,0.6177662905435714,0.8977936958510525,0.3195080560236844,0.31493773499172134,48
2024-06-26 to 2024-07-02,product,122,xgb_stockout_aware,63,0.5602859453927904,0.7842970425605688,0.28977928380055656,0.29197450587051993,48
2024-06-26 to 2024-07-02,product,127,seasonal_naive,42,0.38261904761904764,0.5715080301898028,0.40024906600249066,0.43716879370249595,34
2024-06-26 to 2024-07-02,product,127,xgb_observed_sales,42,0.3411553773142043,0.5391042377322623,0.35687486543453506,0.3649595529672964,34
2024-06-26 to 2024-07-02,product,127,xgb_stockout_aware,42,0.34952099138782144,0.5507006534090213,0.36562594366845586,0.3661854566618623,34
2024-06-26 to 2024-07-02,product,129,seasonal_naive,63,0.6212698412698415,0.8589362191521723,0.7576461478900506,1.098089263149532,29
2024-06-26 to 2024-07-02,product,129,xgb_observed_sales,63,0.5385640416258858,0.7088392538606898,0.6567854166169339,0.8619059259042866,29
2024-06-26 to 2024-07-02,product,129,xgb_stockout_aware,63,0.5279458983928439,0.652829927851018,0.6438364614546876,0.7522207379387206,29
2024-06-26 to 2024-07-02,product,130,seasonal_naive,14,0.33642857142857147,0.4016128199433593,1.1544117647058825,1.1434961863533293,9
2024-06-26 to 2024-07-02,product,130,xgb_observed_sales,14,0.22225538649729318,0.24920501231595557,0.762641032098555,0.9793200469429769,9
2024-06-26 to 2024-07-02,product,130,xgb_stockout_aware,14,0.2803769895860127,0.30822845792675646,0.9620779054422005,0.9551667747051138,9
2024-06-26 to 2024-07-02,product,132,seasonal_naive,56,0.7276785714285714,1.0273466169840495,0.45972472924187724,0.4590347785494047,48
2024-06-26 to 2024-07-02,product,132,xgb_observed_sales,56,0.4092356351017952,0.5363928031163852,0.2585423687466215,0.29480711457315384,48
2024-06-26 to 2024-07-02,product,132,xgb_stockout_aware,56,0.4226438387376921,0.5649241766434975,0.2670132555202026,0.2947106403236906,48
2024-06-26 to 2024-07-02,product,133,seasonal_naive,7,0.35714285714285715,0.43260011227790635,0.36231884057971014,0.3422383000022752,6
2024-06-26 to 2024-07-02,product,133,xgb_observed_sales,7,0.27808746610369,0.316330321791533,0.2821177192356275,0.3001330255406148,6
2024-06-26 to 2024-07-02,product,133,xgb_stockout_aware,7,0.2907427498272487,0.3336376620937647,0.2949564128682233,0.3167092627725661,6
2024-06-26 to 2024-07-02,product,134,seasonal_naive,14,0.5214285714285715,0.6158617655657107,0.7300000000000001,0.8514159043570807,11
2024-06-26 to 2024-07-02,product,134,xgb_observed_sales,14,0.3326232096978596,0.36948577133328103,0.46567249357700347,0.6036628670993555,11
2024-06-26 to 2024-07-02,product,134,xgb_stockout_aware,14,0.34719031027385167,0.38627114129716733,0.4860664343833923,0.6070056041030443,11
2024-06-26 to 2024-07-02,product,136,seasonal_naive,14,0.25000000000000006,0.3284161123592186,0.3535353535353536,0.3907413298754183,8
2024-06-26 to 2024-07-02,product,136,xgb_observed_sales,14,0.2660567803042276,0.32313596017795637,0.3762419115413319,0.3942357386753705,8
2024-06-26 to 2024-07-02,product,136,xgb_stockout_aware,14,0.26900126848902023,0.3165179853119425,0.3804058342268972,0.40118229552237167,8
2024-06-26 to 2024-07-02,product,139,seasonal_naive,7,0.24285714285714288,0.2803059552906941,0.29310344827586216,0.3688588722202168,2
2024-06-26 to 2024-07-02,product,139,xgb_observed_sales,7,0.3179673297064645,0.3399770654226422,0.3837536737836641,0.3628786619811745,2
2024-06-26 to 2024-07-02,product,139,xgb_stockout_aware,7,0.32218354088919504,0.4219754201459587,0.38884220452144236,0.3622365835702764,2
2024-06-26 to 2024-07-02,product,140,seasonal_naive,21,0.3352380952380952,0.3974681778217627,0.4240963855421687,0.4845440454020727,7
2024-06-26 to 2024-07-02,product,140,xgb_observed_sales,21,0.2431952612740653,0.2981754841607128,0.3076566558286368,0.32456725511073675,7
2024-06-26 to 2024-07-02,product,140,xgb_stockout_aware,21,0.2547766929581052,0.3102086315823546,0.32230786458555477,0.34199900801438043,7
2024-06-26 to 2024-07-02,product,142,seasonal_naive,7,0.62,0.6731164195632984,0.44285714285714284,0.6455319237927933,4
2024-06-26 to 2024-07-02,product,142,xgb_observed_sales,7,0.5828967997006007,0.7155748866393205,0.4163548569290005,0.5632843108054814,4
2024-06-26 to 2024-07-02,product,142,xgb_stockout_aware,7,0.6454627820423671,0.7800643941545597,0.4610448443159764,0.6034539256402601,4
2024-06-26 to 2024-07-02,product,144,seasonal_naive,14,0.7571428571428571,0.934841468607684,0.43549712407559577,0.41541196361459676,8
2024-06-26 to 2024-07-02,product,144,xgb_observed_sales,14,0.5818476448740277,0.6697034972794387,0.3346699682923743,0.3461133943164319,8
2024-06-26 to 2024-07-02,product,144,xgb_stockout_aware,14,0.5036037472316196,0.5997028478026503,0.28966526134932935,0.3043488589434879,8
2024-06-26 to 2024-07-02,product,145,seasonal_naive,21,0.2938095238095238,0.3597154960454694,0.36272780717225156,0.4000948096525728,15
2024-06-26 to 2024-07-02,product,145,xgb_observed_sales,21,0.1851135604154496,0.22581050658966806,0.22853525977215997,0.24919339450348613,15
2024-06-26 to 2024-07-02,product,145,xgb_stockout_aware,21,0.22579474999791105,0.28716630480841343,0.27875895061470496,0.29997203443604914,15
2024-06-26 to 2024-07-02,product,146,seasonal_naive,21,0.18095238095238098,0.22253945610567472,0.41304347826086946,0.47238370095512955,15
2024-06-26 to 2024-07-02,product,146,xgb_observed_sales,21,0.14814502611046748,0.17713445895084043,0.3381571248173713,0.3398177174799975,15
2024-06-26 to 2024-07-02,product,146,xgb_stockout_aware,21,0.16145993641444617,0.19747784462476042,0.36854985485906183,0.36707165002395453,15
2024-06-26 to 2024-07-02,product,147,seasonal_naive,14,0.2928571428571428,0.4008918628686366,0.8541666666666666,0.8979730353679933,11
2024-06-26 to 2024-07-02,product,147,xgb_observed_sales,14,0.19242793555770601,0.2273533696668303,0.5612481453766426,0.7132409179119542,11
2024-06-26 to 2024-07-02,product,147,xgb_stockout_aware,14,0.17183122847761426,0.2066651734321996,0.5011744163930416,0.6560517660816495,11
2024-06-26 to 2024-07-02,product,150,seasonal_naive,14,0.1842857142857143,0.23790754506740638,0.27446808510638304,0.3567432567432567,7
2024-06-26 to 2024-07-02,product,150,xgb_observed_sales,14,0.2021216179643359,0.27060781705836623,0.30103219696815986,0.3268659533967959,7
2024-06-26 to 2024-07-02,product,150,xgb_stockout_aware,14,0.17632276075226921,0.23242590636461335,0.2626083670778478,0.2844844660474792,7
2024-06-26 to 2024-07-02,product,151,seasonal_naive,7,0.17142857142857143,0.22038926600773587,0.3636363636363636,0.44421768707482995,3
2024-06-26 to 2024-07-02,product,151,xgb_observed_sales,7,0.15608707836696079,0.19312340318083163,0.33109380259658344,0.374687719754116,3
2024-06-26 to 2024-07-02,product,151,xgb_stockout_aware,7,0.17524607181549073,0.19938934768119224,0.3717340917298288,0.4335285317962594,3
2024-06-26 to 2024-07-02,product,153,seasonal_naive,7,0.35714285714285715,0.3644957377763735,0.4716981132075472,0.5200181890938194,5
2024-06-26 to 2024-07-02,product,153,xgb_observed_sales,7,0.27040362868990214,0.3267728181366672,0.35713686808100287,0.3658925553265174,5
2024-06-26 to 2024-07-02,product,153,xgb_stockout_aware,7,0.27330323287418906,0.32798304572662446,0.36096653398477807,0.3695767357365391,5
2024-06-26 to 2024-07-02,product,157,seasonal_naive,7,0.29557142857142854,0.31549530220636524,0.19992269784520247,0.20450250597230366,1
2024-06-26 to 2024-07-02,product,157,xgb_observed_sales,7,0.28201892634800496,0.3420201851865142,0.1907558686284699,0.19144441122679642,1
2024-06-26 to 2024-07-02,product,157,xgb_stockout_aware,7,0.23030425058092385,0.302238115280381,0.155776379753258,0.15608004493477098,1
2024-06-26 to 2024-07-02,product,166,seasonal_naive,14,0.5092857142857143,0.585106827852829,0.3159060700044307,0.3349569681522016,9
2024-06-26 to 2024-07-02,product,166,xgb_observed_sales,14,0.3686697684015548,0.47262992924785274,0.228683064139201,0.2346500254227402,9
2024-06-26 to 2024-07-02,product,166,xgb_stockout_aware,14,0.3946845987864904,0.485020161049451,0.24481986632746416,0.255071360979786,9
2024-06-26 to 2024-07-02,product,167,seasonal_naive,7,0.5714285714285714,0.6845227743263395,13.333333333333332,1.7224489795918367,1
2024-06-26 to 2024-07-02,product,167,xgb_observed_sales,7,0.3188722299677985,0.3261795672409649,7.4403520325819645,1.7447528701444024,1
2024-06-26 to 2024-07-02,product,167,xgb_stockout_aware,7,0.469881774697985,0.4788962064200255,10.963908076286314,1.7465232813058245,1
2024-06-26 to 2024-07-02,product,169,seasonal_naive,14,0.2535714285714286,0.3198772085839011,0.3514851485148515,0.41190457008429365,6
2024-06-26 to 2024-07-02,product,169,xgb_observed_sales,14,0.21891873947211676,0.2901305975659214,0.30345171808016186,0.33144964186638937,6
2024-06-26 to 2024-07-02,product,169,xgb_stockout_aware,14,0.20244953419481007,0.2571841156893854,0.28062311670567736,0.30739115477402923,6
2024-06-26 to 2024-07-02,product,171,seasonal_naive,7,0.5999999999999999,0.858570240075241,0.35593220338983045,0.4492159774721016,7
2024-06-26 to 2024-07-02,product,171,xgb_observed_sales,7,0.33269359724862235,0.43644596192106755,0.19736060853731832,0.20105837074003544,7
2024-06-26 to 2024-07-02,product,171,xgb_stockout_aware,7,0.37129623889923097,0.441861526992252,0.2202604807029336,0.22905359898556282,7
2024-06-26 to 2024-07-02,product,181,seasonal_naive,7,0.22142857142857147,0.30531014675946444,0.2384615384615385,0.3242416174747002,2
2024-06-26 to 2024-07-02,product,181,xgb_observed_sales,7,0.21291834115982058,0.25980395424656366,0.22929667509519142,0.2503048005243276,2
2024-06-26 to 2024-07-02,product,181,xgb_stockout_aware,7,0.24615418059485303,0.2942623866299694,0.26508911756368786,0.29816716477227984,2
2024-06-26 to 2024-07-02,product,182,seasonal_naive,14,0.3142857142857144,0.38544964466377263,0.5116279069767442,0.4717144899918009,14
2024-06-26 to 2024-07-02,product,182,xgb_observed_sales,14,0.2053123022828783,0.2457159498188623,0.3342293292977088,0.35539364295595555,14
2024-06-26 to 2024-07-02,product,182,xgb_stockout_aware,14,0.20781741482870913,0.24462071343929617,0.3383074194885962,0.3603848779981029,14
2024-06-26 to 2024-07-02,product,183,seasonal_naive,14,0.205,0.25813894376035995,0.4159420289855072,0.6680762184805312,8
2024-06-26 to 2024-07-02,product,183,xgb_observed_sales,14,0.21827960099492755,0.25534448793178655,0.4428861469462298,0.4952944848614792,8
2024-06-26 to 2024-07-02,product,183,xgb_stockout_aware,14,0.20472780295780726,0.2429462254450785,0.41538974513178284,0.4629974134340992,8
2024-06-26 to 2024-07-02,product,184,seasonal_naive,7,0.3514285714285715,0.4255416716206702,0.9461538461538462,0.820717377860235,4
2024-06-26 to 2024-07-02,product,184,xgb_observed_sales,7,0.27281784074647086,0.29084647104229383,0.7345095712404984,0.7664452895786665,4
2024-06-26 to 2024-07-02,product,184,xgb_stockout_aware,7,0.27383476836340764,0.28922789802863463,0.7372474532860975,0.7919402275446947,4
2024-06-26 to 2024-07-02,product,187,seasonal_naive,7,0.32714285714285707,0.37994360483780065,0.36349206349206337,0.6063132367538243,4
2024-06-26 to 2024-07-02,product,187,xgb_observed_sales,7,0.35220768621989657,0.46377367703633177,0.3913418735776628,0.39839557784182544,4
2024-06-26 to 2024-07-02,product,187,xgb_stockout_aware,7,0.34738084248134066,0.45594185818807487,0.38597871386815624,0.3879764690824427,4
2024-06-26 to 2024-07-02,product,188,seasonal_naive,14,0.6071428571428571,0.7363035088486657,0.5483870967741935,0.9188040737730176,8
2024-06-26 to 2024-07-02,product,188,xgb_observed_sales,14,0.4835188397339413,0.6120338789499117,0.4367266939532373,0.5091220436850283,8
2024-06-26 to 2024-07-02,product,188,xgb_stockout_aware,14,0.44409672192164834,0.5927527571734263,0.4011196198001985,0.4665025873182586,8
2024-06-26 to 2024-07-02,product,190,seasonal_naive,49,0.4177551020408163,0.5438505947296143,0.6390883546674991,0.9514815783123106,12
2024-06-26 to 2024-07-02,product,190,xgb_observed_sales,49,0.34451875568652646,0.4420021841877734,0.5270502350496347,0.6372174840770973,12
2024-06-26 to 2024-07-02,product,190,xgb_stockout_aware,49,0.32242377750727597,0.4274448175618689,0.49324898838140874,0.5867690751044767,12
2024-06-26 to 2024-07-02,product,191,seasonal_naive,77,1.2174025974025977,1.646703121036445,0.8165505226480839,1.000993032598994,33
2024-06-26 to 2024-07-02,product,191,xgb_observed_sales,77,0.9292628877735759,1.2973672741781346,0.6232860832627644,0.7382665767784037,33
2024-06-26 to 2024-07-02,product,191,xgb_stockout_aware,77,0.9731467349962756,1.4345448292285257,0.6527203710340873,0.7198255450004977,33
2024-06-26 to 2024-07-02,product,193,seasonal_naive,14,0.2785714285714286,0.3693623849670828,0.6393442622950821,0.6623895712131007,12
2024-06-26 to 2024-07-02,product,193,xgb_observed_sales,14,0.2038169720343181,0.26100585833383005,0.46777665712794325,0.5890103597911763,12
2024-06-26 to 2024-07-02,product,193,xgb_stockout_aware,14,0.21372431303773604,0.2717872010446599,0.49051481680791886,0.594205100560368,12
2024-06-26 to 2024-07-02,product,194,seasonal_naive,49,0.4422448979591837,0.5962347846002839,0.46592130724575365,0.439837032016551,33
2024-06-26 to 2024-07-02,product,194,xgb_observed_sales,49,0.3806796745864713,0.4878697876527359,0.4010600742794473,0.4140700748695388,33
2024-06-26 to 2024-07-02,product,194,xgb_stockout_aware,49,0.35285481258314483,0.4710686537893737,0.37174555615080834,0.38354283666560873,33
2024-06-26 to 2024-07-02,product,195,seasonal_naive,14,0.20714285714285716,0.25495097567963926,0.7435897435897438,0.7706959706959706,8
2024-06-26 to 2024-07-02,product,195,xgb_observed_sales,14,0.18994992034775876,0.224411072089951,0.6818715089406725,0.6994945209064979,8
2024-06-26 to 2024-07-02,product,195,xgb_stockout_aware,14,0.16206195865358627,0.18906809064939709,0.5817608772180021,0.6647682910394043,8
2024-06-26 to 2024-07-02,product,196,seasonal_naive,7,0.12285714285714287,0.1368001670842756,0.31617647058823534,0.3614330656034294,5
2024-06-26 to 2024-07-02,product,196,xgb_observed_sales,7,0.08442024401256017,0.0999752858515176,0.2172579809146769,0.20786059189650447,5
2024-06-26 to 2024-07-02,product,196,xgb_stockout_aware,7,0.07990064944539751,0.08979248461637658,0.20562667136683185,0.1975599992769674,5
2024-06-26 to 2024-07-02,product,198,seasonal_naive,7,1.4000000000000004,1.4461772268392874,0.8235294117647061,0.7729248586638718,1
2024-06-26 to 2024-07-02,product,198,xgb_observed_sales,7,0.9852065495082309,1.3546472914904246,0.5795332644166065,0.5726744572345753,1
2024-06-26 to 2024-07-02,product,198,xgb_stockout_aware,7,0.9405691691807336,1.4010753347917364,0.5532759818710198,0.5882849242834333,1
2024-06-26 to 2024-07-02,product,200,seasonal_naive,7,0.2714285714285714,0.2803059552906941,0.43181818181818177,0.4373205741626794,3
2024-06-26 to 2024-07-02,product,200,xgb_observed_sales,7,0.16983129807880948,0.22408799043644864,0.2701861560344696,0.2682511556277313,3
2024-06-26 to 2024-07-02,product,200,xgb_stockout_aware,7,0.1681361539023263,0.20740661534871022,0.26748933575370093,0.2720847749227748,3
2024-06-26 to 2024-07-02,product,201,seasonal_naive,42,0.30238095238095236,0.38016287236368773,0.43050847457627117,0.48339720016209836,16
2024-06-26 to 2024-07-02,product,201,xgb_observed_sales,42,0.23584076520942504,0.2961512013140371,0.33577329284053736,0.40979213324859753,16
2024-06-26 to 2024-07-02,product,201,xgb_stockout_aware,42,0.2389469072932289,0.29939473103133646,0.3401955968242581,0.4101164849530107,16
2024-06-26 to 2024-07-02,product,203,seasonal_naive,7,0.49999999999999994,0.7299706452023553,0.7446808510638298,0.482070359308211,7
2024-06-26 to 2024-07-02,product,203,xgb_observed_sales,7,0.1876799208777292,0.22258851387062636,0.27952328641363927,0.281131450593865,7
2024-06-26 to 2024-07-02,product,203,xgb_stockout_aware,7,0.16205120086669922,0.19463594079582774,0.24135285235465845,0.25145842545115643,7
2024-06-26 to 2024-07-02,product,206,seasonal_naive,7,0.29999999999999993,0.34434202266268427,0.3088235294117646,0.32920260517514516,7
2024-06-26 to 2024-07-02,product,206,xgb_observed_sales,7,0.24593086923871724,0.26011240684867026,0.2531641300986795,0.25905427907949763,7
2024-06-26 to 2024-07-02,product,206,xgb_stockout_aware,7,0.24334282704762053,0.26433801384754796,0.25049996901960936,0.2558318363071343,7
2024-06-26 to 2024-07-02,product,207,seasonal_naive,28,0.38285714285714284,0.5706637739134516,0.3748251748251748,0.52725452543795,10
2024-06-26 to 2024-07-02,product,207,xgb_observed_sales,28,0.362842674766268,0.48636263852432216,0.35523059068026247,0.4214464445975518,10
2024-06-26 to 2024-07-02,product,207,xgb_stockout_aware,28,0.36320384591817856,0.491124598627916,0.35558418481500004,0.42391159317523003,10
2024-06-26 to 2024-07-02,product,209,seasonal_naive,7,0.3142857142857142,0.35050983275386566,0.6666666666666665,0.804252610134963,5
2024-06-26 to 2024-07-02,product,209,xgb_observed_sales,7,0.27234526446887425,0.31085604590415067,0.5777020761460968,0.7106011316283174,5
2024-06-26 to 2024-07-02,product,209,xgb_stockout_aware,7,0.2524515884263175,0.2921038856691661,0.5355033693891582,0.685153336574049,5
2024-06-26 to 2024-07-02,product,210,seasonal_naive,14,0.3000000000000001,0.3748523518857601,0.47404063205417624,0.45735064072322895,7
2024-06-26 to 2024-07-02,product,210,xgb_observed_sales,14,0.24384762414864128,0.2759365268277935,0.3853122729211036,0.38933483223436915,7
2024-06-26 to 2024-07-02,product,210,xgb_stockout_aware,14,0.24342557856014793,0.2835787857848861,0.3846453837293534,0.3796912990062296,7
2024-06-26 to 2024-07-02,product,211,seasonal_naive,14,0.4785714285714286,0.6341473465550866,0.33668341708542715,0.4918889738870532,11
2024-06-26 to 2024-07-02,product,211,xgb_observed_sales,14,0.2558736681938171,0.31866003832946893,0.180011625864997,0.17933139858990693,11
2024-06-26 to 2024-07-02,product,211,xgb_stockout_aware,14,0.24074380397796633,0.2951657710543395,0.16936750028600647,0.16904169884213552,11
2024-06-26 to 2024-07-02,product,214,seasonal_naive,14,0.19999999999999998,0.24784787961282104,0.5384615384615384,0.5320861678004536,8
2024-06-26 to 2024-07-02,product,214,xgb_observed_sales,14,0.12428174146584106,0.1515453472421692,0.3346046885618798,0.36205331329444806,8
2024-06-26 to 2024-07-02,product,214,xgb_stockout_aware,14,0.1280129100595202,0.14843789710197824,0.344650142467939,0.3778468421479156,8
2024-06-26 to 2024-07-02,product,215,seasonal_naive,98,1.336734693877551,1.770276122818248,0.36684402128255383,0.46366024441299836,60
2024-06-26 to 2024-07-02,product,215,xgb_observed_sales,98,1.435705183720102,1.950502932883085,0.39400478298675434,0.4757296852554608,60
2024-06-26 to 2024-07-02,product,215,xgb_stockout_aware,98,1.3209386716083606,1.7975679242432014,0.36250907257804343,0.43449242706791885,60
2024-06-26 to 2024-07-02,product,217,seasonal_naive,7,0.48571428571428577,0.5606119105813882,1.0000000000000002,0.9232069517783803,4
2024-06-26 to 2024-07-02,product,217,xgb_observed_sales,7,0.2760064618928092,0.30625812323803275,0.5682485980146071,0.5633522084219705,4
2024-06-26 to 2024-07-02,product,217,xgb_stockout_aware,7,0.28381206478391374,0.31198521847964017,0.5843189569080577,0.5813462667793656,4
2024-06-26 to 2024-07-02,product,218,seasonal_naive,7,0.23857142857142863,0.2722656266012503,0.47714285714285726,0.452149624418532,5
2024-06-26 to 2024-07-02,product,218,xgb_observed_sales,7,0.10838016356740679,0.12469881254238437,0.21676032713481358,0.2158269235817216,5
2024-06-26 to 2024-07-02,product,218,xgb_stockout_aware,7,0.12703442062650408,0.14961976395972965,0.25406884125300816,0.2471392566913674,5
2024-06-26 to 2024-07-02,product,219,seasonal_naive,7,0.2571428571428572,0.2878491668515698,0.5000000000000001,0.5609977324263039,4
2024-06-26 to 2024-07-02,product,219,xgb_observed_sales,7,0.22714212111064366,0.2571353298649464,0.44166523549291825,0.5024921572416311,4
2024-06-26 to 2024-07-02,product,219,xgb_stockout_aware,7,0.2110843530723027,0.2515482230472059,0.4104417976405886,0.46953282562831244,4
2024-06-26 to 2024-07-02,product,221,seasonal_naive,28,0.35714285714285715,0.5021382848806265,0.36496350364963503,0.46115753581563973,10
2024-06-26 to 2024-07-02,product,221,xgb_observed_sales,28,0.26223449132272175,0.3801606007718,0.267976852446577,0.3357677038991727,10
2024-06-26 to 2024-07-02,product,221,xgb_stockout_aware,28,0.2811431565455028,0.41537261867938324,0.2872995760319007,0.35345365053191086,10
2024-06-26 to 2024-07-02,product,223,seasonal_naive,21,0.3666666666666667,0.48746184221849365,0.4583333333333334,0.5299465452079369,5
2024-06-26 to 2024-07-02,product,223,xgb_observed_sales,21,0.2490271815231868,0.3205763539719344,0.3112839769039836,0.3986275635902,5
2024-06-26 to 2024-07-02,product,223,xgb_stockout_aware,21,0.2198706121671768,0.309609138350013,0.27483826520897103,0.3764530263744674,5
2024-06-26 to 2024-07-02,product,224,seasonal_naive,21,0.26428571428571435,0.33985290935932855,0.6461001164144354,0.5250544009264188,4
2024-06-26 to 2024-07-02,product,224,xgb_observed_sales,21,0.21221745173136394,0.2466965779272439,0.5188086712873856,0.4482050387692744,4
2024-06-26 to 2024-07-02,product,224,xgb_stockout_aware,21,0.1784014448097774,0.2111670396027289,0.4361385728760565,0.38610489393055886,4
2024-06-26 to 2024-07-02,product,226,seasonal_naive,21,0.15857142857142859,0.2048576741707927,0.18697361033127458,0.2121073805104855,3
2024-06-26 to 2024-07-02,product,226,xgb_observed_sales,21,0.12862139928908575,0.16642982191255712,0.15165914570863562,0.15497250946620858,3
2024-06-26 to 2024-07-02,product,226,xgb_stockout_aware,21,0.19219175707726252,0.2363932356795577,0.22661577196083732,0.260333949663697,3
2024-06-26 to 2024-07-02,product,227,seasonal_naive,7,0.2571428571428572,0.3012355509279361,0.31578947368421056,0.376282674241858,1
2024-06-26 to 2024-07-02,product,227,xgb_observed_sales,7,0.19924664497375488,0.2780488503131445,0.2446888622484709,0.2993764788965059,1
2024-06-26 to 2024-07-02,product,227,xgb_stockout_aware,7,0.2516557727541242,0.2996475913741147,0.3090509489962929,0.3763453582899737,1
2024-06-26 to 2024-07-02,product,228,seasonal_naive,14,0.19071428571428575,0.23935926374982258,0.3819742489270387,0.3913160610327324,2
2024-06-26 to 2024-07-02,product,228,xgb_observed_sales,14,0.13524228760174345,0.16472649842222353,0.27087153453854196,0.2912185939280337,2
2024-06-26 to 2024-07-02,product,228,xgb_stockout_aware,14,0.16569656346525466,0.18322657076874083,0.331867222963314,0.3614088736055848,2
2024-06-26 to 2024-07-02,product,229,seasonal_naive,7,0.22585714285714284,0.2900642785906009,0.3162,0.3592340571467343,6
2024-06-26 to 2024-07-02,product,229,xgb_observed_sales,7,0.19545823080199107,0.2520072081267789,0.2736415231227875,0.2870661817505023,6
2024-06-26 to 2024-07-02,product,229,xgb_stockout_aware,7,0.19382499967302594,0.24504640570587696,0.2713549995422363,0.2810075517253897,6
2024-06-26 to 2024-07-02,product,231,seasonal_naive,7,0.19999999999999998,0.22677868380553637,1.7499999999999998,1.5238095238095237,3
2024-06-26 to 2024-07-02,product,231,xgb_observed_sales,7,0.40818391697747364,0.50100915692161,3.571609273552894,1.447627692229329,3
2024-06-26 to 2024-07-02,product,231,xgb_stockout_aware,7,0.47186848691531585,0.5155490395038285,4.128849260509013,1.52147391984305,3
2024-06-26 to 2024-07-02,product,235,seasonal_naive,35,0.30571428571428566,0.3707135975771208,0.37024221453287187,0.4535496155477838,24
2024-06-26 to 2024-07-02,product,235,xgb_observed_sales,35,0.2850924490179335,0.36145117749172145,0.3452676718210267,0.4187540935468789,24
2024-06-26 to 2024-07-02,product,235,xgb_stockout_aware,35,0.26821232778685433,0.3439313369825181,0.3248246184269862,0.3901922428068357,24
2024-06-26 to 2024-07-02,product,240,seasonal_naive,21,0.48095238095238085,0.6191391873668903,0.3976377952755905,0.3920259004506533,18
2024-06-26 to 2024-07-02,product,240,xgb_observed_sales,21,0.25942325364975705,0.32538350616617195,0.2144837923875944,0.2384357876977707,18
2024-06-26 to 2024-07-02,product,240,xgb_stockout_aware,21,0.26655527296520415,0.3178845615843694,0.22038034379012944,0.24682797967005757,18
2024-06-26 to 2024-07-02,product,241,seasonal_naive,7,0.2285714285714286,0.3116774889895918,0.32000000000000006,0.31871620443049015,5
2024-06-26 to 2024-07-02,product,241,xgb_observed_sales,7,0.25499487263815745,0.31540703049461716,0.3569928216934205,0.37750378957618125,5
2024-06-26 to 2024-07-02,product,241,xgb_stockout_aware,7,0.3143898384911673,0.36404386204960376,0.44014577388763426,0.48826274989195045,5
2024-06-26 to 2024-07-02,product,243,seasonal_naive,7,0.7428571428571429,0.8896227129680152,0.7761194029850746,0.8666666666666668,5
2024-06-26 to 2024-07-02,product,243,xgb_observed_sales,7,0.3813741326332093,0.450496511381773,0.39845058633320374,0.453459227915404,5
2024-06-26 to 2024-07-02,product,243,xgb_stockout_aware,7,0.4444595098495484,0.5097734623664855,0.46436068193236396,0.5105875068968905,5
2024-06-26 to 2024-07-02,product,244,seasonal_naive,14,0.17571428571428574,0.23046536771125878,0.5125,0.7427570359247377,11
2024-06-26 to 2024-07-02,product,244,xgb_observed_sales,14,0.3284268792186465,0.3703179574563896,0.9579117310543854,0.7019526610957744,11
2024-06-26 to 2024-07-02,product,244,xgb_stockout_aware,14,0.23085035745586668,0.2681752119488398,0.6733135425796111,0.5616817199584474,11
2024-06-26 to 2024-07-02,product,247,seasonal_naive,7,0.2857142857142857,0.41403933560541256,0.4081632653061224,0.4424912548751557,4
2024-06-26 to 2024-07-02,product,247,xgb_observed_sales,7,0.3134900450706482,0.367320501784958,0.4478429215294974,0.5253179685071347,4
2024-06-26 to 2024-07-02,product,247,xgb_stockout_aware,7,0.3273468519960131,0.38814172176173684,0.46763835999430436,0.5569170033865309,4
2024-06-26 to 2024-07-02,product,250,seasonal_naive,7,0.13142857142857145,0.16492422502470644,0.2804878048780488,0.32154851950770313,6
2024-06-26 to 2024-07-02,product,250,xgb_observed_sales,7,0.18606552464621412,0.20513860847297805,0.3970910586961886,0.42357581248250836,6
2024-06-26 to 2024-07-02,product,250,xgb_stockout_aware,7,0.20814021979059497,0.2458881770920558,0.4442016885774892,0.49832964002006974,6
2024-06-26 to 2024-07-02,product,251,seasonal_naive,7,0.38571428571428573,0.511300861947808,1.4210526315789476,1.025974025974026,7
2024-06-26 to 2024-07-02,product,251,xgb_observed_sales,7,0.21889187267848426,0.2640293130998771,0.8064437414470472,0.7526834066398088,7
2024-06-26 to 2024-07-02,product,251,xgb_stockout_aware,7,0.18414113010678973,0.22874261249308264,0.6784146898671202,0.7083003396975999,7
2024-06-26 to 2024-07-02,product,252,seasonal_naive,7,0.1485714285714286,0.18700649339375514,0.23214285714285723,0.26821086384476966,1
2024-06-26 to 2024-07-02,product,252,xgb_observed_sales,7,0.09879031930650983,0.1045199818711934,0.15435987391642164,0.15640899827344934,1
2024-06-26 to 2024-07-02,product,252,xgb_stockout_aware,7,0.1491686121055058,0.170117068742602,0.23307595641485285,0.24868096841606227,1
2024-06-26 to 2024-07-02,product,253,seasonal_naive,70,0.32,0.40461622028075656,1.28,1.2324598277539454,25
2024-06-26 to 2024-07-02,product,253,xgb_observed_sales,70,0.2629354692782675,0.2970325121942344,1.05174187711307,1.1813786396495611,25
2024-06-26 to 2024-07-02,product,253,xgb_stockout_aware,70,0.30660164620195113,0.34553328217120627,1.2264065848078045,1.1750161440997569,25
2024-06-26 to 2024-07-02,product,254,seasonal_naive,35,0.2602857142857143,0.3240149908348598,0.6114093959731544,0.9090679285407766,12
2024-06-26 to 2024-07-02,product,254,xgb_observed_sales,35,0.21254146320479253,0.2476849901517582,0.49925847061528444,0.6435760181988235,12
2024-06-26 to 2024-07-02,product,254,xgb_stockout_aware,35,0.21514324137142724,0.26220013527831676,0.5053700300671109,0.5833387838854747,12
2024-06-26 to 2024-07-02,product,255,seasonal_naive,7,0.3,0.38729833462074165,0.35,0.35589363017934444,7
2024-06-26 to 2024-07-02,product,255,xgb_observed_sales,7,0.21820723158972605,0.2864949566771754,0.254575103521347,0.2883920761176541,7
2024-06-26 to 2024-07-02,product,255,xgb_stockout_aware,7,0.20341845750808712,0.2776774693250602,0.23732153375943496,0.2759983191413679,7
2024-06-26 to 2024-07-02,product,258,seasonal_naive,21,0.2761904761904762,0.35989416433697496,0.5576923076923076,0.5118704047275476,12
2024-06-26 to 2024-07-02,product,258,xgb_observed_sales,21,0.16756644334111898,0.21503835425116957,0.3383553182849517,0.36754221191846753,12
2024-06-26 to 2024-07-02,product,258,xgb_stockout_aware,21,0.1632373460701534,0.20365964935584652,0.3296138718724251,0.3663633105354884,12
2024-06-26 to 2024-07-02,product,259,seasonal_naive,28,0.425,0.51234753829798,0.664804469273743,1.0272722878870602,18
2024-06-26 to 2024-07-02,product,259,xgb_observed_sales,28,0.2945660923208509,0.3402995339843894,0.4607737756974204,0.5517771941210051,18
2024-06-26 to 2024-07-02,product,259,xgb_stockout_aware,28,0.29783359340259,0.3468064782312497,0.4658849505738839,0.5486747147771416,18
2024-06-26 to 2024-07-02,product,261,seasonal_naive,14,0.46214285714285724,0.5505127480034279,0.5106550907655881,0.7338732260581001,8
2024-06-26 to 2024-07-02,product,261,xgb_observed_sales,14,0.2929026851483753,0.42451338696667906,0.3236493758545584,0.33214000067516913,8
2024-06-26 to 2024-07-02,product,261,xgb_stockout_aware,14,0.3028212088346481,0.442887450918775,0.33460907053552275,0.3411847971815898,8
2024-06-26 to 2024-07-02,product,267,seasonal_naive,42,2.8000000000000003,3.324726984852971,0.10906055828619124,0.11318253486439665,35
2024-06-26 to 2024-07-02,product,267,xgb_observed_sales,42,3.8323931103660946,4.800707443999555,0.14927247578167113,0.16039483009153338,35
2024-06-26 to 2024-07-02,product,267,xgb_stockout_aware,42,3.1380278451102117,4.078321686178128,0.12222681025190475,0.12487012140868867,35
2024-06-26 to 2024-07-02,product,269,seasonal_naive,14,0.4071428571428571,0.496415724396973,0.8769230769230767,1.0349618635332922,11
2024-06-26 to 2024-07-02,product,269,xgb_observed_sales,14,0.25771239208323615,0.33223390229271904,0.5550728444869701,0.6278125239670518,11
2024-06-26 to 2024-07-02,product,269,xgb_stockout_aware,14,0.24092530246291838,0.3250005523898392,0.518916036073978,0.6291389537914557,11
2024-06-26 to 2024-07-02,product,270,seasonal_naive,7,0.19999999999999998,0.27255405754769874,0.9999999999999999,0.6820861678004536,4
2024-06-26 to 2024-07-02,product,270,xgb_observed_sales,7,0.11288672941071647,0.14132853947481752,0.5644336470535823,0.6264733534502749,4
2024-06-26 to 2024-07-02,product,270,xgb_stockout_aware,7,0.09234957950455801,0.11689987629250877,0.46174789752279,0.5536218076456932,4
2024-06-26 to 2024-07-02,product,271,seasonal_naive,7,0.6142857142857144,0.6855654600401044,0.6825396825396827,1.2571428571428573,7
2024-06-26 to 2024-07-02,product,271,xgb_observed_sales,7,0.3843854069709777,0.44998670618633624,0.4270948966344197,0.5041501160743133,7
2024-06-26 to 2024-07-02,product,271,xgb_stockout_aware,7,0.3959790297916957,0.45423879581207566,0.43997669976855075,0.5250291538389706,7
2024-06-26 to 2024-07-02,product,272,seasonal_naive,49,0.5214285714285715,0.7091601816693504,0.3431833445265279,0.4636697514971173,28
2024-06-26 to 2024-07-02,product,272,xgb_observed_sales,49,0.5080677297650551,0.7079582647763655,0.3343897751307951,0.4556978225802285,28
2024-06-26 to 2024-07-02,product,272,xgb_stockout_aware,49,0.5090650322485942,0.6865890600061269,0.3350461595726141,0.4501700390641499,28
2024-06-26 to 2024-07-02,product,273,seasonal_naive,7,0.11571428571428573,0.14147185484853772,0.16530612244897963,0.17946988278193385,3
2024-06-26 to 2024-07-02,product,273,xgb_observed_sales,7,0.1482325451714652,0.17205512248429183,0.21176077881637886,0.22461706758651637,3
2024-06-26 to 2024-07-02,product,273,xgb_stockout_aware,7,0.15904745374407087,0.19337208657785804,0.22721064820581555,0.24444592997996042,3
2024-06-26 to 2024-07-02,product,275,seasonal_naive,7,0.2885714285714286,0.29828078813666253,0.38113207547169814,0.6873933322278197,3
2024-06-26 to 2024-07-02,product,275,xgb_observed_sales,7,0.26155999302864075,0.3243175153993728,0.3454565945661293,0.3755902348790633,3
2024-06-26 to 2024-07-02,product,275,xgb_stockout_aware,7,0.2709582720484052,0.3327817190871189,0.357869415912988,0.40245988646191594,3
2024-06-26 to 2024-07-02,product,279,seasonal_naive,7,0.21428571428571427,0.2751622897751175,1.2499999999999998,1.1194139194139194,7
2024-06-26 to 2024-07-02,product,279,xgb_observed_sales,7,0.13655577983175007,0.17233111374178445,0.7965753823518752,0.8030160581357642,7
2024-06-26 to 2024-07-02,product,279,xgb_stockout_aware,7,0.12124831719057902,0.14966281210311438,0.7072818502783775,0.7984507859125091,7
2024-06-26 to 2024-07-02,product,280,seasonal_naive,7,0.9285714285714287,1.0750415274370966,0.3892215568862276,0.4926069865094256,5
2024-06-26 to 2024-07-02,product,280,xgb_observed_sales,7,0.75713814667293,0.8154579937584743,0.3173632950126054,0.3591889191109649,5
2024-06-26 to 2024-07-02,product,280,xgb_stockout_aware,7,0.6655156578336443,0.7039204217025391,0.27895865897218625,0.31535606843034786,5
2024-06-26 to 2024-07-02,product,284,seasonal_naive,7,0.45428571428571424,0.7841647057310636,0.9875776397515527,0.5769297101289054,4
2024-06-26 to 2024-07-02,product,284,xgb_observed_sales,7,0.18963694214820861,0.2529529787217699,0.412254222061323,0.4358501238196393,4
2024-06-26 to 2024-07-02,product,284,xgb_stockout_aware,7,0.1886835352012089,0.22590392863535777,0.4101815982634976,0.438121770434586,4
2024-06-26 to 2024-07-02,product,286,seasonal_naive,21,0.3666666666666667,0.42370250120079483,0.5238095238095238,0.9119053558377676,19
2024-06-26 to 2024-07-02,product,286,xgb_observed_sales,21,0.3981475404330662,0.4699342828731895,0.568782200618666,0.6669572236883927,19
2024-06-26 to 2024-07-02,product,286,xgb_stockout_aware,21,0.39053673488753177,0.4561807093339214,0.5579096212679024,0.6610496742473826,19
2024-06-26 to 2024-07-02,product,287,seasonal_naive,49,0.4693877551020409,0.6404717648988542,0.6318681318681318,0.7318597585028367,46
2024-06-26 to 2024-07-02,product,287,xgb_observed_sales,49,0.3980487252984728,0.5173082246143869,0.5358348225171748,0.6447054470186021,46
2024-06-26 to 2024-07-02,product,287,xgb_stockout_aware,49,0.3848974139106517,0.5083543168260898,0.5181311341104926,0.638094845688729,46
2024-06-26 to 2024-07-02,product,289,seasonal_naive,7,0.17142857142857146,0.23904572186687875,0.32432432432432434,0.31111111111111106,7
2024-06-26 to 2024-07-02,product,289,xgb_observed_sales,7,0.2315564376967294,0.31421558273002614,0.43807974699381236,0.4333684636038447,7
2024-06-26 to 2024-07-02,product,289,xgb_stockout_aware,7,0.23326980727059501,0.33316996795002934,0.441321256998423,0.4373778708012196,7
2024-06-26 to 2024-07-02,product,290,seasonal_naive,21,0.26761904761904765,0.3424004895412611,0.330977620730271,0.35002481057346824,15
2024-06-26 to 2024-07-02,product,290,xgb_observed_sales,21,0.23472665400732132,0.31391068453540305,0.2902979819878532,0.28666503215231454,15
2024-06-26 to 2024-07-02,product,290,xgb_stockout_aware,21,0.2327538342135293,0.32353339746116105,0.2878580988506546,0.28658753613762816,15
2024-06-26 to 2024-07-02,product,291,seasonal_naive,56,0.29571428571428576,0.34872215710668986,0.29113924050632917,0.34306884898733625,28
2024-06-26 to 2024-07-02,product,291,xgb_observed_sales,56,0.2797352175201689,0.34905736591599573,0.27540738715065854,0.2931869907661841,28
2024-06-26 to 2024-07-02,product,291,xgb_stockout_aware,56,0.30380161587681087,0.3796945781491654,0.2991014502303342,0.3268601286299266,28
2024-06-26 to 2024-07-02,product,292,seasonal_naive,14,0.4242857142857144,0.5190375708944392,0.26926563916591123,0.3116600972723422,4
2024-06-26 to 2024-07-02,product,292,xgb_observed_sales,14,0.38037863390786303,0.43473221049583316,0.24140076494605997,0.2590457124736384,4
2024-06-26 to 2024-07-02,product,292,xgb_stockout_aware,14,0.4521450419085366,0.5202742987295321,0.28694608280686823,0.3162709675294253,4
2024-06-26 to 2024-07-02,product,293,seasonal_naive,7,0.12857142857142856,0.14638501094227996,0.21951219512195122,0.2587301587301587,5
2024-06-26 to 2024-07-02,product,293,xgb_observed_sales,7,0.14410918951034546,0.17500705184749352,0.24604007965180935,0.24857887799563091,5
2024-06-26 to 2024-07-02,product,293,xgb_stockout_aware,7,0.19473597662789482,0.23877737562146598,0.3324760576573814,0.3567333279647324,5
2024-06-26 to 2024-07-02,product,294,seasonal_naive,14,0.13142857142857142,0.1668189780228,0.30976430976430974,0.376192147620719,8
2024-06-26 to 2024-07-02,product,294,xgb_observed_sales,14,0.16965058812073294,0.1981034874602755,0.39984987099162644,0.42355397345953344,8
2024-06-26 to 2024-07-02,product,294,xgb_stockout_aware,14,0.16312895570482527,0.19118337882808029,0.38447902017972285,0.41179890678893594,8
2024-06-26 to 2024-07-02,product,295,seasonal_naive,21,0.31190476190476185,0.42592755923312325,0.30324074074074064,0.31206087779132613,13
2024-06-26 to 2024-07-02,product,295,xgb_observed_sales,21,0.31303340480441144,0.4400764382052422,0.3043380324487333,0.2902414109361774,13
2024-06-26 to 2024-07-02,product,295,xgb_stockout_aware,21,0.3600917117936271,0.4856458934972653,0.3500891642438041,0.3654255540805526,13
2024-06-26 to 2024-07-02,product,296,seasonal_naive,28,0.37214285714285716,0.5536437740744752,0.5533722782793414,0.5250435284217335,19
2024-06-26 to 2024-07-02,product,296,xgb_observed_sales,28,0.32470279165676663,0.44451701701923124,0.48282942997288714,0.5298988244508751,19
2024-06-26 to 2024-07-02,product,296,xgb_stockout_aware,28,0.3152377407465662,0.4363593667706963,0.4687550048276077,0.5231477018232058,19
2024-06-26 to 2024-07-02,product,297,seasonal_naive,7,0.1842857142857143,0.24086154884971933,0.38053097345132747,0.5551420568227291,5
2024-06-26 to 2024-07-02,product,297,xgb_observed_sales,7,0.11912363886833191,0.14085484234117024,0.24597801536233732,0.24570524909381306,5
2024-06-26 to 2024-07-02,product,297,xgb_stockout_aware,7,0.1041087988444737,0.14046318021648715,0.21497392091779233,0.2084178417301473,5
2024-06-26 to 2024-07-02,product,300,seasonal_naive,21,1.5176666666666665,2.025138925275663,0.732515111815946,0.8092444768458842,11
2024-06-26 to 2024-07-02,product,300,xgb_observed_sales,21,1.1090728813807171,1.2303173678571144,0.5353037419613196,0.712376093882317,11
2024-06-26 to 2024-07-02,product,300,xgb_stockout_aware,21,1.0574762273515976,1.2629881747246101,0.5104001648942413,0.6508340483975307,11
2024-06-26 to 2024-07-02,product,301,seasonal_naive,14,0.24285714285714288,0.35856858280031817,0.3578947368421054,0.3652894491129785,10
2024-06-26 to 2024-07-02,product,301,xgb_observed_sales,14,0.23235066447939196,0.266435722576812,0.3424115055485777,0.3571742209223197,10
2024-06-26 to 2024-07-02,product,301,xgb_stockout_aware,14,0.22922804100172864,0.27186417530348395,0.3378097446341265,0.3433146956107399,10
2024-06-26 to 2024-07-02,product,302,seasonal_naive,7,0.2571428571428571,0.3380617018914066,0.9473684210526314,1.5714285714285714,4
2024-06-26 to 2024-07-02,product,302,xgb_observed_sales,7,0.24074138998985292,0.2887343123215243,0.8869419631205107,1.0789516399534202,4
2024-06-26 to 2024-07-02,product,302,xgb_stockout_aware,7,0.3097855423177992,0.34198495581249194,1.141315155907681,1.0570352937068261,4
2024-06-26 to 2024-07-02,product,303,seasonal_naive,7,0.18142857142857144,0.23130067012440755,0.43793103448275866,0.4914866039996384,3
2024-06-26 to 2024-07-02,product,303,xgb_observed_sales,7,0.20335666111537387,0.23614081164379358,0.49086090614055766,0.5716510187175279,3
2024-06-26 to 2024-07-02,product,303,xgb_stockout_aware,7,0.1995858839579991,0.2368271137124195,0.4817590302434461,0.5595003752696932,3
2024-06-26 to 2024-07-02,product,304,seasonal_naive,21,0.2904761904761905,0.3670993118515816,0.4388489208633094,0.5137505696511907,15
2024-06-26 to 2024-07-02,product,304,xgb_observed_sales,21,0.24415000336510795,0.333875758848825,0.36885971731419187,0.40291674624592794,15
2024-06-26 to 2024-07-02,product,304,xgb_stockout_aware,21,0.23606146290188745,0.3391505499635425,0.3566396202114846,0.376700530846282,15
2024-06-26 to 2024-07-02,product,305,seasonal_naive,7,0.4571428571428572,0.465985898008574,0.6956521739130436,0.9519190953973563,2
2024-06-26 to 2024-07-02,product,305,xgb_observed_sales,7,0.3115632968289512,0.34615505264283486,0.47411806039188226,0.6127870271823955,2
2024-06-26 to 2024-07-02,product,305,xgb_stockout_aware,7,0.2882596015930176,0.34838396614336253,0.4386559154676355,0.539920720822685,2
2024-06-26 to 2024-07-02,product,307,seasonal_naive,28,0.46428571428571436,0.593416259587532,0.8176100628930818,1.0095935810221524,22
2024-06-26 to 2024-07-02,product,307,xgb_observed_sales,28,0.2927385206733431,0.3769939239855233,0.5155143760285288,0.7033535858000065,22
2024-06-26 to 2024-07-02,product,307,xgb_stockout_aware,28,0.29372991461838993,0.373034283593125,0.5172602270009382,0.6679972468221429,22
2024-06-26 to 2024-07-02,product,309,seasonal_naive,49,1.730612244897959,2.435033419709479,0.9069518716577539,1.1960853795489026,20
2024-06-26 to 2024-07-02,product,309,xgb_observed_sales,49,1.2917094533540765,1.6560132301049344,0.6769386440037407,1.074267987724172,20
2024-06-26 to 2024-07-02,product,309,xgb_stockout_aware,49,1.3548850609331717,1.7071023375814338,0.7100467164248707,0.9269390197750628,20
2024-06-26 to 2024-07-02,product,310,seasonal_naive,7,0.3714285714285714,0.5042675027063654,0.4406779661016949,0.3504638218923933,4
2024-06-26 to 2024-07-02,product,310,xgb_observed_sales,7,0.2602563602583749,0.40281895027478654,0.30877873250993637,0.2745724017154591,4
2024-06-26 to 2024-07-02,product,310,xgb_stockout_aware,7,0.24763294798987254,0.39231848065270175,0.2938018026998488,0.25960414489243755,4
2024-06-26 to 2024-07-02,product,311,seasonal_naive,7,0.4428571428571429,0.5794085654478071,2.3846153846153846,1.2630385487528346,7
2024-06-26 to 2024-07-02,product,311,xgb_observed_sales,7,0.18843482392174857,0.21028583953880353,1.0146490518863385,0.9642561860777966,7
2024-06-26 to 2024-07-02,product,311,xgb_stockout_aware,7,0.16364315109593527,0.17488127248308818,0.8811554289781129,0.9377181180559269,7
2024-06-26 to 2024-07-02,product,313,seasonal_naive,7,0.13285714285714287,0.16634731308749348,0.17350746268656717,0.18924437994280593,1
2024-06-26 to 2024-07-02,product,313,xgb_observed_sales,7,0.16705795696803505,0.18085964598372833,0.21817270499556815,0.23141936179716135,1
2024-06-26 to 2024-07-02,product,313,xgb_stockout_aware,7,0.2011408615112305,0.22657569573018232,0.2626839609288458,0.2907766422900963,1
2024-06-26 to 2024-07-02,product,314,seasonal_naive,7,0.7142857142857143,0.728991475552747,0.2702702702702703,0.2924944781702784,3
2024-06-26 to 2024-07-02,product,314,xgb_observed_sales,7,0.4719799791063581,0.6026413615055303,0.17858701912132469,0.18555931599754955,3
2024-06-26 to 2024-07-02,product,314,xgb_stockout_aware,7,0.67859480040414,0.7746803975984968,0.25676560015291783,0.27472261641997525,3
2024-06-26 to 2024-07-02,product,315,seasonal_naive,7,0.45999999999999996,0.6211050060750022,0.3538461538461538,0.4856129933388758,5
2024-06-26 to 2024-07-02,product,315,xgb_observed_sales,7,0.5171133654458181,0.5829785125139738,0.3977795118813986,0.4659222628107192,5
2024-06-26 to 2024-07-02,product,315,xgb_stockout_aware,7,0.46649353333881916,0.5368076876737694,0.3588411794913994,0.41023765409431995,5
2024-06-26 to 2024-07-02,product,316,seasonal_naive,14,0.697142857142857,0.8459989868281673,0.6639455782312923,0.8284251645651178,7
2024-06-26 to 2024-07-02,product,316,xgb_observed_sales,14,0.5572734517710549,0.6211582751971937,0.530736620734338,0.7205777031565257,7
2024-06-26 to 2024-07-02,product,316,xgb_stockout_aware,14,0.5971244973795754,0.6930196774135926,0.5686899975043574,0.7090493567014128,7
2024-06-26 to 2024-07-02,product,317,seasonal_naive,28,0.4392857142857142,0.5570970677154412,0.2589473684210526,0.35408886369510867,14
2024-06-26 to 2024-07-02,product,317,xgb_observed_sales,28,0.40186827949115206,0.5000883666721709,0.23689077527899488,0.33050427903674784,14
2024-06-26 to 2024-07-02,product,317,xgb_stockout_aware,28,0.43619049276624405,0.5272110914707889,0.2571228167885228,0.34097664584137943,14
2024-06-26 to 2024-07-02,product,318,seasonal_naive,7,0.4857142857142857,0.5656854249492379,0.33999999999999997,0.3614859056037275,7
2024-06-26 to 2024-07-02,product,318,xgb_observed_sales,7,0.33718181678227016,0.36487599688132544,0.23602727174758914,0.23950504183387955,7
2024-06-26 to 2024-07-02,product,318,xgb_stockout_aware,7,0.29800049918038507,0.31966861519336787,0.20860034942626954,0.21202945194668343,7
2024-06-26 to 2024-07-02,product,319,seasonal_naive,42,0.33571428571428574,0.41202172850701063,0.5465116279069768,0.5858843537414966,35
2024-06-26 to 2024-07-02,product,319,xgb_observed_sales,42,0.2407342883802595,0.34260733075757266,0.39189302759577127,0.3919884232652143,35
2024-06-26 to 2024-07-02,product,319,xgb_stockout_aware,42,0.2583873718976974,0.35403147282949204,0.42063060541485625,0.43852194402820477,35
2024-06-26 to 2024-07-02,product,320,seasonal_naive,7,0.32857142857142857,0.3909694909544002,0.5,0.4532982423738726,5
2024-06-26 to 2024-07-02,product,320,xgb_observed_sales,7,0.12629969120025636,0.1537623162476482,0.19219518226125967,0.1898597751123703,5
2024-06-26 to 2024-07-02,product,320,xgb_stockout_aware,7,0.14214620760508948,0.16760153701024863,0.21630944635557095,0.21197551107318935,5
2024-06-26 to 2024-07-02,product,322,seasonal_naive,7,0.11857142857142855,0.20032117069489042,0.36563876651982363,0.35538296290175986,6
2024-06-26 to 2024-07-02,product,322,xgb_observed_sales,7,0.17615424036979674,0.20835098111394168,0.5432069086293291,0.5340951250813963,6
2024-06-26 to 2024-07-02,product,322,xgb_stockout_aware,7,0.14941977926662992,0.17926867613372827,0.4607658391481979,0.48017004521926304,6
2024-06-26 to 2024-07-02,product,327,seasonal_naive,7,0.2571428571428572,0.32071349029490925,0.7500000000000001,1.0952380952380953,5
2024-06-26 to 2024-07-02,product,327,xgb_observed_sales,7,0.3051977140562875,0.3427562718542664,0.8901599993308384,1.1193725711811062,5
2024-06-26 to 2024-07-02,product,327,xgb_stockout_aware,7,0.2953501113823482,0.33927319080341717,0.8614378248651822,1.1143135158387003,5
2024-06-26 to 2024-07-02,product,328,seasonal_naive,7,0.39999999999999997,0.45981362684088806,0.8749999999999999,1.5873015873015872,5
2024-06-26 to 2024-07-02,product,328,xgb_observed_sales,7,0.217487370967865,0.279325646105904,0.4757536239922046,0.5333179632896727,5
2024-06-26 to 2024-07-02,product,328,xgb_stockout_aware,7,0.22656566074916293,0.2758260231453988,0.4956123828887939,0.5593619939387562,5
2024-06-26 to 2024-07-02,product,330,seasonal_naive,7,0.3285714285714286,0.4358898943540674,0.8846153846153847,0.7921768707482995,7
2024-06-26 to 2024-07-02,product,330,xgb_observed_sales,7,0.1991981634071895,0.2194861586625477,0.5363027476347408,0.5219428104411081,7
2024-06-26 to 2024-07-02,product,330,xgb_stockout_aware,7,0.15862829387187954,0.2091984978895018,0.4270761758089065,0.43462792831636726,7
2024-06-26 to 2024-07-02,product,332,seasonal_naive,21,0.3190476190476191,0.40414518843273806,0.25000000000000006,0.30087735063484156,6
2024-06-26 to 2024-07-02,product,332,xgb_observed_sales,21,0.18938954103560673,0.2349848091961028,0.1484022523040202,0.16339611545578264,6
2024-06-26 to 2024-07-02,product,332,xgb_stockout_aware,21,0.19621750173114594,0.24248154466431315,0.15375252001321135,0.16675673968482746,6
2024-06-26 to 2024-07-02,product,333,seasonal_naive,7,0.42857142857142855,0.6023762469230862,0.9090909090909092,0.7324960753532183,4
2024-06-26 to 2024-07-02,product,333,xgb_observed_sales,7,0.3694986534970147,0.3969936054012321,0.7837850225694252,1.2549475279723834,4
2024-06-26 to 2024-07-02,product,333,xgb_stockout_aware,7,0.4060960403510503,0.47331626763030293,0.8614158431688946,1.0657348484204356,4
2024-06-26 to 2024-07-02,product,335,seasonal_naive,7,0.3428571428571429,0.4309458036856674,0.3428571428571429,0.3669036845507434,6
2024-06-26 to 2024-07-02,product,335,xgb_observed_sales,7,0.2566401617867606,0.3246240161574513,0.2566401617867606,0.2555006326944508,6
2024-06-26 to 2024-07-02,product,335,xgb_stockout_aware,7,0.23546774557658606,0.3206028442824936,0.23546774557658606,0.236578049661232,6
2024-06-26 to 2024-07-02,product,336,seasonal_naive,7,0.24285714285714283,0.3184785258515422,0.4358974358974358,0.5140456182472989,5
2024-06-26 to 2024-07-02,product,336,xgb_observed_sales,7,0.2115421005657741,0.24279782177469394,0.3796909497334407,0.4671120063985254,5
2024-06-26 to 2024-07-02,product,336,xgb_stockout_aware,7,0.22380961350032264,0.26084720825343033,0.4017095626928867,0.48146383995582237,5
2024-06-26 to 2024-07-02,product,339,seasonal_naive,7,0.33428571428571435,0.3600793563329379,0.4534883720930233,0.5042948279790385,6
2024-06-26 to 2024-07-02,product,339,xgb_observed_sales,7,0.30045004435947964,0.3329407761261127,0.4075872694799142,0.4375921414588877,6
2024-06-26 to 2024-07-02,product,339,xgb_stockout_aware,7,0.3097795523915972,0.3476570048442815,0.42024357882581015,0.44986492238571146,6
2024-06-26 to 2024-07-02,product,340,seasonal_naive,7,0.29999999999999993,0.3835920452027872,0.8076923076923075,0.8627705627705627,3
2024-06-26 to 2024-07-02,product,340,xgb_observed_sales,7,0.2287745245865413,0.27479701181052274,0.6159314123483803,0.5870385149147079,3
2024-06-26 to 2024-07-02,product,340,xgb_stockout_aware,7,0.24891480633190696,0.28925544439318296,0.6701552478166726,0.6213865747571804,3
2024-06-26 to 2024-07-02,product,343,seasonal_naive,42,0.4283333333333333,0.5458959433375384,0.3935681470137825,0.5305584291380185,23
2024-06-26 to 2024-07-02,product,343,xgb_observed_sales,42,0.3478727564357576,0.44264034052589823,0.3196380610435751,0.3670425943728184,23
2024-06-26 to 2024-07-02,product,343,xgb_stockout_aware,42,0.3556878662677038,0.4489887001077641,0.32681886640217805,0.36840205282983607,23
2024-06-26 to 2024-07-02,product,344,seasonal_naive,7,0.11142857142857142,0.12895181824453436,0.2063492063492063,0.2301226551226551,1
2024-06-26 to 2024-07-02,product,344,xgb_observed_sales,7,0.1382963945184435,0.16499842803039413,0.2561044342934139,0.27197276716661306,1
2024-06-26 to 2024-07-02,product,344,xgb_stockout_aware,7,0.20582802278654916,0.21460788741207604,0.3811630051602762,0.4355449895427164,1
2024-06-26 to 2024-07-02,product,346,seasonal_naive,7,0.2,0.23904572186687878,0.6086956521739132,0.6773242630385489,3
2024-06-26 to 2024-07-02,product,346,xgb_observed_sales,7,0.16468165431703838,0.19667945184205612,0.5012050348779429,0.5425265219992601,3
2024-06-26 to 2024-07-02,product,346,xgb_stockout_aware,7,0.14962723595755442,0.18262720407788943,0.45538723987081786,0.4954174901657891,3
2024-06-26 to 2024-07-02,product,350,seasonal_naive,7,0.22285714285714284,0.2461126339126632,0.8297872340425531,0.7846495119787046,6
2024-06-26 to 2024-07-02,product,350,xgb_observed_sales,7,0.1359582370519638,0.1548288317527524,0.5062274783849715,0.5070030345864599,6
2024-06-26 to 2024-07-02,product,350,xgb_stockout_aware,7,0.12147373139858246,0.1448354993129533,0.45229580839897726,0.48399316843653456,6
2024-06-26 to 2024-07-02,product,351,seasonal_naive,21,0.6690476190476189,0.7585481119185771,0.7574123989218327,0.9731888101283437,13
2024-06-26 to 2024-07-02,product,351,xgb_observed_sales,21,0.46873210299582707,0.5602062966339532,0.5306401165990495,0.675214552667803,13
2024-06-26 to 2024-07-02,product,351,xgb_stockout_aware,21,0.44154947428476243,0.5326691926669771,0.4998673293789763,0.6265181706497719,13
2024-06-26 to 2024-07-02,product,355,seasonal_naive,14,0.5714285714285714,0.7319250547113999,0.5228758169934641,0.5357599206027275,14
2024-06-26 to 2024-07-02,product,355,xgb_observed_sales,14,0.38397355505398334,0.45752567058715543,0.3513483510297887,0.33502756620405927,14
2024-06-26 to 2024-07-02,product,355,xgb_stockout_aware,14,0.4024808738912854,0.4540318149452332,0.3682831525802612,0.3514569903871959,14
2024-06-26 to 2024-07-02,product,363,seasonal_naive,42,0.3976190476190477,0.5475051641417684,0.42710997442455256,0.6070442869859249,18
2024-06-26 to 2024-07-02,product,363,xgb_observed_sales,42,0.24052106468450457,0.3165724651953402,0.25836022293476196,0.34271284727585477,18
2024-06-26 to 2024-07-02,product,363,xgb_stockout_aware,42,0.22905252944855464,0.3099680970732496,0.24604108022606894,0.3069391642689568,18
2024-06-26 to 2024-07-02,product,367,seasonal_naive,14,0.7642857142857142,0.9654754565201836,0.7810218978102189,1.2279735969961536,10
2024-06-26 to 2024-07-02,product,367,xgb_observed_sales,14,0.4488682261535099,0.5932873212101784,0.4586974573831488,0.6163661639402792,10
2024-06-26 to 2024-07-02,product,367,xgb_stockout_aware,14,0.4125232577323913,0.5843713704416514,0.4215566137411298,0.48039770064047066,10
2024-06-26 to 2024-07-02,product,381,seasonal_naive,175,0.3451428571428572,0.4492533488228791,0.5881207400194742,0.6227443898296349,169
2024-06-26 to 2024-07-02,product,381,xgb_observed_sales,175,0.23610426303318569,0.29960829385184773,0.40231982503220537,0.464577044709586,169
2024-06-26 to 2024-07-02,product,381,xgb_stockout_aware,175,0.23013847640582494,0.2922964907123409,0.3921541710907435,0.4602924105366427,169
2024-06-26 to 2024-07-02,product,385,seasonal_naive,7,0.15857142857142856,0.20553067202453543,0.2599531615925058,0.25784547695004906,3
2024-06-26 to 2024-07-02,product,385,xgb_observed_sales,7,0.15381477866853985,0.17927174297724643,0.2521553748664588,0.2523560443824962,3
2024-06-26 to 2024-07-02,product,385,xgb_stockout_aware,7,0.11924800464085171,0.16228523370760162,0.19548853219811754,0.1856300343704628,3
2024-06-26 to 2024-07-02,product,386,seasonal_naive,7,0.19999999999999996,0.27774602993176545,0.26415094339622636,0.5027036455607884,4
2024-06-26 to 2024-07-02,product,386,xgb_observed_sales,7,0.3274140153612409,0.37949370556575585,0.43243360519409174,0.4714914533118192,4
2024-06-26 to 2024-07-02,product,386,xgb_stockout_aware,7,0.2987535902432033,0.3349884208470682,0.3945802135287591,0.4452425792397533,4
2024-06-26 to 2024-07-02,product,387,seasonal_naive,28,0.5392857142857143,0.7775878452900721,0.401595744680851,0.5526345917495907,15
2024-06-26 to 2024-07-02,product,387,xgb_observed_sales,28,0.45479264323200497,0.5191573624120338,0.33867537261957814,0.43797313545957745,15
2024-06-26 to 2024-07-02,product,387,xgb_stockout_aware,28,0.4680583381227085,0.5405264126884219,0.3485540815807403,0.451781784399602,15
2024-06-26 to 2024-07-02,product,389,seasonal_naive,14,0.642857142857143,0.848528137423857,1.666666666666667,1.3255977191937784,14
2024-06-26 to 2024-07-02,product,389,xgb_observed_sales,14,0.37223204885210315,0.4153760113187481,0.9650460525795266,1.0345294860311403,14
2024-06-26 to 2024-07-02,product,389,xgb_stockout_aware,14,0.3435424579041345,0.37296255170241877,0.8906656316033117,1.0233434882383148,14
2024-06-26 to 2024-07-02,product,392,seasonal_naive,14,0.21428571428571427,0.2699206232527312,0.16393442622950818,0.19856667360690247,7
2024-06-26 to 2024-07-02,product,392,xgb_observed_sales,14,0.36762345433235166,0.48295100215203685,0.2812419869209247,0.313461576668009,7
2024-06-26 to 2024-07-02,product,392,xgb_stockout_aware,14,0.4012754934174674,0.4902217626952762,0.3069867162756581,0.35017610524163645,7
2024-06-26 to 2024-07-02,product,393,seasonal_naive,21,0.40952380952380957,0.47343727899570515,0.5474220241884151,0.5806050761389268,11
2024-06-26 to 2024-07-02,product,393,xgb_observed_sales,21,0.273286934807187,0.34869596263012015,0.36531035206562235,0.3958071604015104,11
2024-06-26 to 2024-07-02,product,393,xgb_stockout_aware,21,0.27284251406079246,0.3616264080291142,0.3647162823218741,0.3929861829233762,11
2024-06-26 to 2024-07-02,product,394,seasonal_naive,14,0.37857142857142856,0.4166190448976481,0.5299999999999999,0.559936865188966,8
2024-06-26 to 2024-07-02,product,394,xgb_observed_sales,14,0.30712464877537327,0.3692198423288484,0.42997450828552247,0.44892442355041473,8
2024-06-26 to 2024-07-02,product,394,xgb_stockout_aware,14,0.3073998089347567,0.37184387781764117,0.43035973250865933,0.4522044626499816,8
2024-06-26 to 2024-07-02,product,396,seasonal_naive,21,0.27904761904761904,0.33943931360266394,0.5069204152249134,0.6873328425960004,16
2024-06-26 to 2024-07-02,product,396,xgb_observed_sales,21,0.3016429734797705,0.35923226601677927,0.5479673393663649,0.6259704334472251,16
2024-06-26 to 2024-07-02,product,396,xgb_stockout_aware,21,0.32454315412612195,0.3790852286740753,0.5895680135509135,0.6840165664016556,16
2024-06-26 to 2024-07-02,product,402,seasonal_naive,21,0.22047619047619052,0.30712956781881395,0.26351735913488905,0.3642033228033401,10
2024-06-26 to 2024-07-02,product,402,xgb_observed_sales,21,0.1888218494256338,0.2581691357654045,0.2256834853692834,0.23839886001921368,10
2024-06-26 to 2024-07-02,product,402,xgb_stockout_aware,21,0.2287570423171634,0.29673043070602817,0.2734147916141395,0.3032513307481726,10
2024-06-26 to 2024-07-02,product,403,seasonal_naive,14,0.23999999999999996,0.2885431386415953,0.5599999999999999,0.5266483307836692,7
2024-06-26 to 2024-07-02,product,403,xgb_observed_sales,14,0.16456728960786546,0.20793954254142966,0.3839903424183528,0.42211912388190237,7
2024-06-26 to 2024-07-02,product,403,xgb_stockout_aware,14,0.16753994013581958,0.18846478705013664,0.39092652698357905,0.43578282869350166,7
2024-06-26 to 2024-07-02,product,404,seasonal_naive,7,0.4542857142857143,0.5379856609878849,0.5932835820895521,0.6801356339680306,4
2024-06-26 to 2024-07-02,product,404,xgb_observed_sales,7,0.42331602113587524,0.4865891036418921,0.5528380873043146,0.6299098881912722,4
2024-06-26 to 2024-07-02,product,404,xgb_stockout_aware,7,0.43402647767748165,0.5107125947829503,0.5668256238325319,0.6513133821481654,4
2024-06-26 to 2024-07-02,product,410,seasonal_naive,7,0.2285714285714285,0.29277002188455997,0.8421052631578945,0.5457431457431458,7
2024-06-26 to 2024-07-02,product,410,xgb_observed_sales,7,0.13344151249953679,0.1525543754085483,0.4916266249982934,0.4665655618110983,7
2024-06-26 to 2024-07-02,product,410,xgb_stockout_aware,7,0.1430835017136165,0.17036272719472687,0.5271497431554292,0.5275638003079325,7
2024-06-26 to 2024-07-02,product,411,seasonal_naive,42,0.37142857142857144,0.4654746681256314,0.5931558935361217,0.6478569393811877,42
2024-06-26 to 2024-07-02,product,411,xgb_observed_sales,42,0.25596027572949726,0.31261072940688395,0.408757854777144,0.5229300681505118,42
2024-06-26 to 2024-07-02,product,411,xgb_stockout_aware,42,0.2650030106306076,0.32062659261393517,0.4231987242009704,0.5366648961152566,42
2024-06-26 to 2024-07-02,product,419,seasonal_naive,7,0.2285714285714286,0.297609523657138,0.34782608695652173,0.33664747950462237,6
2024-06-26 to 2024-07-02,product,419,xgb_observed_sales,7,0.18695309843335833,0.20947726418583376,0.284493845442067,0.28902179009453854,6
2024-06-26 to 2024-07-02,product,419,xgb_stockout_aware,7,0.16926494325910296,0.18988230737717632,0.25757708756820014,0.2589912198866753,6
2024-06-26 to 2024-07-02,product,422,seasonal_naive,21,0.22380952380952382,0.2786019519297157,0.4653465346534653,0.5330811112323717,18
2024-06-26 to 2024-07-02,product,422,xgb_observed_sales,21,0.14341240326563517,0.17477946926291635,0.29818420480973645,0.3073304047105741,18
2024-06-26 to 2024-07-02,product,422,xgb_stockout_aware,21,0.1775945592494238,0.22738605774608397,0.3692560142809801,0.3967059146098816,18
2024-06-26 to 2024-07-02,product,426,seasonal_naive,7,0.15714285714285717,0.2104417123236605,0.3548387096774194,0.43042671614100186,2
2024-06-26 to 2024-07-02,product,426,xgb_observed_sales,7,0.10136759792055401,0.12315865240191652,0.22889457594963808,0.24224991080707703,2
2024-06-26 to 2024-07-02,product,426,xgb_stockout_aware,7,0.11732975585120063,0.13908600214822525,0.26493815837367884,0.28433552119386546,2
2024-06-26 to 2024-07-02,product,434,seasonal_naive,7,0.24857142857142853,0.37637367450067877,0.568627450980392,0.4575782466096486,5
2024-06-26 to 2024-07-02,product,434,xgb_observed_sales,7,0.09393269027982439,0.10470588538580701,0.2148787032545002,0.2147474990565051,5
2024-06-26 to 2024-07-02,product,434,xgb_stockout_aware,7,0.1127000847884587,0.1477447728931845,0.25781065147686627,0.26195012243892973,5
2024-06-26 to 2024-07-02,product,435,seasonal_naive,7,0.38571428571428573,0.4551294949163998,1.173913043478261,1.4761904761904763,7
2024-06-26 to 2024-07-02,product,435,xgb_observed_sales,7,0.29040533048766004,0.3459129261534075,0.883842310179835,1.070882759690653,7
2024-06-26 to 2024-07-02,product,435,xgb_stockout_aware,7,0.28286046172891344,0.3363550014752316,0.8608796661314757,1.0883112979817224,7
2024-06-26 to 2024-07-02,product,441,seasonal_naive,119,0.522689075630252,0.6678700623385265,0.670258620689655,0.7601204639033688,113
2024-06-26 to 2024-07-02,product,441,xgb_observed_sales,119,0.3280884305218688,0.4123959888149152,0.4207168451735171,0.5251906655774722,113
2024-06-26 to 2024-07-02,product,441,xgb_stockout_aware,119,0.3215143688711799,0.41244447286883007,0.4122867445654138,0.5142871478463087,113
2024-06-26 to 2024-07-02,product,447,seasonal_naive,14,0.2857142857142857,0.4629100498862757,0.3389830508474575,0.35297189582903865,10
2024-06-26 to 2024-07-02,product,447,xgb_observed_sales,14,0.2515986025333405,0.3523522526376063,0.2985068165649802,0.29649908664969765,10
2024-06-26 to 2024-07-02,product,447,xgb_stockout_aware,14,0.2453836560249329,0.3481522902991577,0.291133151216022,0.28407590127169485,10
2024-06-26 to 2024-07-02,product,452,seasonal_naive,14,0.5928571428571427,0.6649382355849731,0.5886524822695035,0.6903681430775027,5
2024-06-26 to 2024-07-02,product,452,xgb_observed_sales,14,0.3735286908490318,0.4251520636000394,0.3708795511976202,0.4042832930828352,5
2024-06-26 to 2024-07-02,product,452,xgb_stockout_aware,14,0.35523780328886856,0.4248209325299001,0.35271838624426666,0.382814236379872,5
2024-06-26 to 2024-07-02,product,456,seasonal_naive,7,0.1871428571428571,0.19570385790780928,0.40184049079754597,0.5067503924646781,6
2024-06-26 to 2024-07-02,product,456,xgb_observed_sales,7,0.23089665821620395,0.251238215751658,0.4957903704028919,0.5387088150219476,6
2024-06-26 to 2024-07-02,product,456,xgb_stockout_aware,7,0.22932955418314252,0.2700632765616125,0.4924254230926373,0.5416922331608426,6
2024-06-26 to 2024-07-02,product,457,seasonal_naive,7,0.1142857142857143,0.1851640199545103,0.38095238095238104,0.3190476190476191,3
2024-06-26 to 2024-07-02,product,457,xgb_observed_sales,7,0.12124559283256531,0.14030917225094225,0.4041519761085511,0.4220250877330765,3
2024-06-26 to 2024-07-02,product,457,xgb_stockout_aware,7,0.12952822744846346,0.16113623103987962,0.4317607581615449,0.4484427901239028,3
2024-06-26 to 2024-07-02,product,458,seasonal_naive,21,0.30809523809523803,0.4113219107775737,0.31560975609756087,0.3342375858141874,10
2024-06-26 to 2024-07-02,product,458,xgb_observed_sales,21,0.19881642035075595,0.2678074796475426,0.2036656013349207,0.19969252695176076,10
2024-06-26 to 2024-07-02,product,458,xgb_stockout_aware,21,0.22269688333783827,0.29282818592809107,0.2281285146387611,0.23525083046733616,10
2024-06-26 to 2024-07-02,product,459,seasonal_naive,7,0.17142857142857146,0.22677868380553634,0.7500000000000001,1.4857142857142858,5
2024-06-26 to 2024-07-02,product,459,xgb_observed_sales,7,0.09389585554599764,0.11175248408391221,0.41079436801373964,0.8239773994292224,5
2024-06-26 to 2024-07-02,product,459,xgb_stockout_aware,7,0.18329187078135353,0.19334795190200638,0.8019019346684216,0.9749302261960592,5
2024-06-26 to 2024-07-02,product,461,seasonal_naive,28,0.26357142857142857,0.34642047118659547,0.2801822323462414,0.3443081653148972,16
2024-06-26 to 2024-07-02,product,461,xgb_observed_sales,28,0.2625957528182438,0.30927614474067594,0.27914506753647783,0.3671838707303195,16
2024-06-26 to 2024-07-02,product,461,xgb_stockout_aware,28,0.28531612102474485,0.3339713407295326,0.3032973192366308,0.39226596072439407,16
2024-06-26 to 2024-07-02,product,462,seasonal_naive,7,0.1571428571428571,0.1889822365046136,0.3142857142857142,0.32828282828282823,1
2024-06-26 to 2024-07-02,product,462,xgb_observed_sales,7,0.1660445375101907,0.1882563448712779,0.3320890750203814,0.3534247116171076,1
2024-06-26 to 2024-07-02,product,462,xgb_stockout_aware,7,0.17974084871155874,0.2187042168936031,0.3594816974231175,0.39026701056622487,1
2024-06-26 to 2024-07-02,product,467,seasonal_naive,217,1.1423963133640553,1.4420767155239076,0.6534001054296258,0.8963200775664727,174
2024-06-26 to 2024-07-02,product,467,xgb_observed_sales,217,0.8201194406105078,1.1252031833985425,0.4690720047772277,0.6611378428697244,174
2024-06-26 to 2024-07-02,product,467,xgb_stockout_aware,217,0.8229939759052294,1.0974213846972452,0.4707161116801128,0.6659339738848121,174
2024-06-26 to 2024-07-02,product,469,seasonal_naive,14,0.25285714285714284,0.3390322361411333,0.6968503937007875,0.6246275134979454,10
2024-06-26 to 2024-07-02,product,469,xgb_observed_sales,14,0.19145454219409394,0.2394589255897457,0.5276306280939598,0.5286189187838836,10
2024-06-26 to 2024-07-02,product,469,xgb_stockout_aware,14,0.1753246153252465,0.22273842411218586,0.48317807373099436,0.5033193260560289,10
2024-06-26 to 2024-07-02,product,473,seasonal_naive,7,0.11428571428571428,0.20701966780270628,0.26666666666666666,0.23304473304473303,4
2024-06-26 to 2024-07-02,product,473,xgb_observed_sales,7,0.08940274374825614,0.1510785346797838,0.20860640207926434,0.1858722392732049,4
2024-06-26 to 2024-07-02,product,473,xgb_stockout_aware,7,0.10468287382807051,0.18378345845546518,0.24426003893216455,0.22349788240630478,4
2024-06-26 to 2024-07-02,product,474,seasonal_naive,7,0.4714285714285714,0.554204706893452,0.4583333333333333,0.5740981240981241,3
2024-06-26 to 2024-07-02,product,474,xgb_observed_sales,7,0.21543417487825667,0.3205467596388404,0.20944989224274954,0.22122148586895835,3
2024-06-26 to 2024-07-02,product,474,xgb_stockout_aware,7,0.2398872307368687,0.324767687662331,0.23322369654973346,0.2433580118987992,3
2024-06-26 to 2024-07-02,product,476,seasonal_naive,7,0.5028571428571429,0.657962222102672,0.4835164835164835,0.44987767036639215,7
2024-06-26 to 2024-07-02,product,476,xgb_observed_sales,7,0.3795570911679949,0.44197583278209523,0.36495874150768737,0.40691492459620626,7
2024-06-26 to 2024-07-02,product,476,xgb_stockout_aware,7,0.3898954606056213,0.45483100027998935,0.3748994813515589,0.416927502184615,7
2024-06-26 to 2024-07-02,product,481,seasonal_naive,7,0.45714285714285713,0.5707138387268051,0.5161290322580645,0.5351292670178119,7
2024-06-26 to 2024-07-02,product,481,xgb_observed_sales,7,0.17798265559332707,0.25916647507261437,0.20094815954085318,0.19620876656823968,7
2024-06-26 to 2024-07-02,product,481,xgb_stockout_aware,7,0.22534362929207935,0.27962363715530836,0.2544202266200896,0.25660656652116337,7
2024-06-26 to 2024-07-02,product,486,seasonal_naive,7,0.18571428571428575,0.2591193878173865,0.31707317073170743,0.45801842268007675,4
2024-06-26 to 2024-07-02,product,486,xgb_observed_sales,7,0.22681005171367102,0.2703616035562569,0.38723667365748715,0.5104595608154766,4
2024-06-26 to 2024-07-02,product,486,xgb_stockout_aware,7,0.20777362670217242,0.25488002308732305,0.3547354602232213,0.48597748930943435,4
2024-06-26 to 2024-07-02,product,489,seasonal_naive,7,0.2857142857142857,0.37032803990902063,0.32258064516129026,0.3499846558670088,5
2024-06-26 to 2024-07-02,product,489,xgb_observed_sales,7,0.24063800743647987,0.355441490490857,0.27168807291215463,0.25279725689585336,5
2024-06-26 to 2024-07-02,product,489,xgb_stockout_aware,7,0.25944687894412455,0.37795622924292005,0.29292389558207604,0.28506852788038567,5
2024-06-26 to 2024-07-02,product,490,seasonal_naive,14,0.35714285714285715,0.44077853201547174,1.4705882352941178,1.4965986394557824,10
2024-06-26 to 2024-07-02,product,490,xgb_observed_sales,14,0.2703717998095921,0.2993045948354453,1.113295646274791,1.1598823899047659,10
2024-06-26 to 2024-07-02,product,490,xgb_stockout_aware,14,0.26452922054699485,0.29385753166310474,1.0892379669582142,1.176919271948964,10
2024-06-26 to 2024-07-02,product,491,seasonal_naive,7,0.25571428571428567,0.27622454633866267,0.34489402697495175,0.41700951621174986,7
2024-06-26 to 2024-07-02,product,491,xgb_observed_sales,7,0.23919225965227398,0.29354396352055256,0.32260998411674713,0.3312110352867829,7
2024-06-26 to 2024-07-02,product,491,xgb_stockout_aware,7,0.24538002218518937,0.28349440918065577,0.33095571392992784,0.3478248912989549,7
2024-06-26 to 2024-07-02,product,494,seasonal_naive,7,0.24285714285714285,0.304724700110022,0.653846153846154,0.614904143475572,4
2024-06-26 to 2024-07-02,product,494,xgb_observed_sales,7,0.2355932525226048,0.2501347910561402,0.6342895260223976,0.607947661509009,4
2024-06-26 to 2024-07-02,product,494,xgb_stockout_aware,7,0.21456362690244402,0.24040333359910587,0.5776713031988878,0.5608898209892448,4
2024-06-26 to 2024-07-02,product,496,seasonal_naive,7,0.14285714285714285,0.16035674514745465,0.1754385964912281,0.17783266416614493,2
2024-06-26 to 2024-07-02,product,496,xgb_observed_sales,7,0.16415342773709976,0.19851226864098964,0.2015919287999471,0.21295925207387165,2
2024-06-26 to 2024-07-02,product,496,xgb_stockout_aware,7,0.22552782808031352,0.26840305903778505,0.27696399939687627,0.3057390233859138,2
2024-06-26 to 2024-07-02,product,503,seasonal_naive,28,0.2857142857142857,0.35152727998183664,0.36529680365296807,0.3539562849396615,23
2024-06-26 to 2024-07-02,product,503,xgb_observed_sales,28,0.20345260671206883,0.2642598827049845,0.260122054243741,0.2682687582472316,23
2024-06-26 to 2024-07-02,product,503,xgb_stockout_aware,28,0.19393591114452907,0.24824815717357418,0.24795458959117872,0.25686860833375547,23
2024-06-26 to 2024-07-02,product,509,seasonal_naive,7,0.4000000000000001,0.6391959234627742,0.5957446808510639,0.5934300993124523,5
2024-06-26 to 2024-07-02,product,509,xgb_observed_sales,7,0.3929991245269776,0.6183355410129512,0.5853178450401794,0.7524343874856124,5
2024-06-26 to 2024-07-02,product,509,xgb_stockout_aware,7,0.4674723710332599,0.656338201318919,0.6962354462197488,0.8594277708841547,5
2024-06-26 to 2024-07-02,product,510,seasonal_naive,7,0.7428571428571428,0.8434622525214579,0.6842105263157894,1.1419184607481436,6
2024-06-26 to 2024-07-02,product,510,xgb_observed_sales,7,0.26681236284119747,0.34910124346916066,0.2457482289326819,0.2783921937306711,6
2024-06-26 to 2024-07-02,product,510,xgb_stockout_aware,7,0.21480613946914676,0.30119850988288743,0.19784776003737203,0.19673367871362654,6
2024-06-26 to 2024-07-02,product,512,seasonal_naive,21,1.1380952380952378,1.4604304649168145,0.5382882882882882,0.6091313677926847,16
2024-06-26 to 2024-07-02,product,512,xgb_observed_sales,21,0.7673336301531108,1.122921030584993,0.36292806831566055,0.3658111524256994,16
2024-06-26 to 2024-07-02,product,512,xgb_stockout_aware,21,0.6619122635750544,0.9394364207943214,0.31306661115036355,0.3264147719475981,16
2024-06-26 to 2024-07-02,product,521,seasonal_naive,28,0.5142857142857143,0.693335622706843,0.33410672853828305,0.31540055689943153,14
2024-06-26 to 2024-07-02,product,521,xgb_observed_sales,28,0.4261442337717328,0.6021538478137356,0.2768454418934691,0.26627431626801434,14
2024-06-26 to 2024-07-02,product,521,xgb_stockout_aware,28,0.36701924077102105,0.5593496386950865,0.23843477358674223,0.22616493812588417,14
2024-06-26 to 2024-07-02,product,522,seasonal_naive,28,0.25142857142857145,0.32719587842322045,0.34955312810327704,0.4086953064759119,16
2024-06-26 to 2024-07-02,product,522,xgb_observed_sales,28,0.19227802532059804,0.23491398606444364,0.26731800938315514,0.38250680297806133,16
2024-06-26 to 2024-07-02,product,522,xgb_stockout_aware,28,0.18173809021711348,0.2215599893909006,0.252664673588837,0.3755018698988,16
2024-06-26 to 2024-07-02,product,525,seasonal_naive,7,0.27857142857142864,0.3763167358944932,0.3764478764478765,0.4328312945372837,4
2024-06-26 to 2024-07-02,product,525,xgb_observed_sales,7,0.33327350003378736,0.40643724469311376,0.4503695946402531,0.5144132866523256,4
2024-06-26 to 2024-07-02,product,525,xgb_stockout_aware,7,0.33204952716827396,0.4114635543494049,0.44871557725442424,0.5237516604225797,4
2024-06-26 to 2024-07-02,product,530,seasonal_naive,7,0.2571428571428572,0.282842712474619,0.642857142857143,0.7364080364080364,6
2024-06-26 to 2024-07-02,product,530,xgb_observed_sales,7,0.20691480806895665,0.267227100577386,0.5172870201723917,0.6545595586131856,6
2024-06-26 to 2024-07-02,product,530,xgb_stockout_aware,7,0.20032206177711487,0.25281585242815213,0.5008051544427872,0.6423854586688272,6
2024-06-26 to 2024-07-02,product,531,seasonal_naive,28,0.4239285714285714,0.5057067190717222,0.6077828981054787,0.5661411958508479,22
2024-06-26 to 2024-07-02,product,531,xgb_observed_sales,28,0.24918818103415624,0.28767650613479395,0.35725904090918453,0.38635369451629265,22
2024-06-26 to 2024-07-02,product,531,xgb_stockout_aware,28,0.2391925938640322,0.28450647002052365,0.3429284499842755,0.36571439882116685,22
2024-06-26 to 2024-07-02,product,535,seasonal_naive,21,0.35285714285714287,0.43259460842467196,0.3053152039555006,0.3206009275092486,13
2024-06-26 to 2024-07-02,product,535,xgb_observed_sales,21,0.3001322691781181,0.4204037995088973,0.25969417605028755,0.257505575753453,13
2024-06-26 to 2024-07-02,product,535,xgb_stockout_aware,21,0.29258972031729563,0.4242122847578567,0.2531678667763992,0.24790416611574356,13
2024-06-26 to 2024-07-02,product,541,seasonal_naive,21,0.45714285714285713,0.5976143046671969,0.3453237410071942,0.3890354116449715,15
2024-06-26 to 2024-07-02,product,541,xgb_observed_sales,21,0.3774143820717222,0.45956431682405735,0.2850971950901498,0.29574309205792637,15
2024-06-26 to 2024-07-02,product,541,xgb_stockout_aware,21,0.3856788970175244,0.4633766316601097,0.29134017400604356,0.3046122137116673,15
2024-06-26 to 2024-07-02,product,544,seasonal_naive,7,0.34285714285714286,0.41747540560578456,0.32,0.4378716521573665,6
2024-06-26 to 2024-07-02,product,544,xgb_observed_sales,7,0.44198175498417447,0.5550836940945146,0.41251630465189615,0.499840179533463,6
2024-06-26 to 2024-07-02,product,544,xgb_stockout_aware,7,0.433384006364005,0.557260456282846,0.4044917392730713,0.4999967218688581,6
2024-06-26 to 2024-07-02,product,550,seasonal_naive,7,1.257142857142857,1.4202615453298935,1.0864197530864197,1.2714739229024943,7
2024-06-26 to 2024-07-02,product,550,xgb_observed_sales,7,0.6621447460991996,0.8433100666003449,0.5722238546536292,0.7499601416785148,7
2024-06-26 to 2024-07-02,product,550,xgb_stockout_aware,7,0.6468680160386222,0.8158989412073179,0.5590217422555994,0.7487465861706958,7
2024-06-26 to 2024-07-02,product,554,seasonal_naive,14,0.22428571428571434,0.2629231283637319,0.6541666666666668,0.8130250109994248,6
2024-06-26 to 2024-07-02,product,554,xgb_observed_sales,14,0.13673041122300283,0.1706498592469926,0.3987970327337583,0.5610640561576614,6
2024-06-26 to 2024-07-02,product,554,xgb_stockout_aware,14,0.14613443400178636,0.1914545671949283,0.4262254325052103,0.5565831881556239,6
2024-06-26 to 2024-07-02,product,559,seasonal_naive,7,0.41428571428571426,0.43588989435406733,0.45312499999999994,0.5441558441558442,4
2024-06-26 to 2024-07-02,product,559,xgb_observed_sales,7,0.21164238623210366,0.2712210464122416,0.23148385994136336,0.21395030524087694,4
2024-06-26 to 2024-07-02,product,559,xgb_stockout_aware,7,0.2252830045563834,0.28508340219011186,0.24640328623354432,0.22312981284584657,4
2024-06-26 to 2024-07-02,product,562,seasonal_naive,7,0.6857142857142856,1.01418510567422,3.999999999999999,1.238095238095238,6
2024-06-26 to 2024-07-02,product,562,xgb_observed_sales,7,0.38419051255498615,0.4385643604726027,2.241111323237419,1.6080982789080462,6
2024-06-26 to 2024-07-02,product,562,xgb_stockout_aware,7,0.4097294168812888,0.4434241995169776,2.3900882651408515,1.617973454680417,6
2024-06-26 to 2024-07-02,product,573,seasonal_naive,14,0.2857142857142857,0.36055512754639896,0.5970149253731343,0.5784992784992785,2
2024-06-26 to 2024-07-02,product,573,xgb_observed_sales,14,0.21086406580039432,0.23964651129614947,0.44061148077694334,0.44405622234631775,2
2024-06-26 to 2024-07-02,product,573,xgb_stockout_aware,14,0.19093000377927502,0.2222911897005035,0.3989582168522165,0.4058212029449172,2
2024-06-26 to 2024-07-02,product,579,seasonal_naive,21,0.3014285714285715,0.35378901433858384,0.4880493446414805,0.6058501668759566,18
2024-06-26 to 2024-07-02,product,579,xgb_observed_sales,21,0.22864983257793248,0.2989910510445419,0.37021175667976736,0.3711072833805951,18
2024-06-26 to 2024-07-02,product,579,xgb_stockout_aware,21,0.2241472551368532,0.2974432899230078,0.3629215387720831,0.3630757158099015,18
2024-06-26 to 2024-07-02,product,580,seasonal_naive,42,0.4738095238095238,0.6471549457506477,0.2417982989064399,0.2809924896248844,13
2024-06-26 to 2024-07-02,product,580,xgb_observed_sales,42,0.4581909713290986,0.6192190300925902,0.2338277131934647,0.2543602467378526,13
2024-06-26 to 2024-07-02,product,580,xgb_stockout_aware,42,0.4920572377386548,0.6363693878627558,0.25111061950210817,0.2767036929137214,13
2024-06-26 to 2024-07-02,product,587,seasonal_naive,14,0.3142857142857142,0.3741657386773941,0.6470588235294117,0.6669064435981727,6
2024-06-26 to 2024-07-02,product,587,xgb_observed_sales,14,0.24097168913909364,0.29698711586337395,0.4961181835216634,0.5103445681682118,6
2024-06-26 to 2024-07-02,product,587,xgb_stockout_aware,14,0.2277915860925402,0.30915217379524856,0.4689826772493475,0.4799049521029202,6
2024-06-26 to 2024-07-02,product,596,seasonal_naive,14,0.5428571428571428,0.7010196655077313,0.5984251968503936,0.5925636101496768,5
2024-06-26 to 2024-07-02,product,596,xgb_observed_sales,14,0.32074337175914225,0.4042372477759292,0.3535753704431489,0.35582703075915234,5
2024-06-26 to 2024-07-02,product,596,xgb_stockout_aware,14,0.3379777661391667,0.44806451195702146,0.3725739154290026,0.37145014196354886,5
2024-06-26 to 2024-07-02,product,599,seasonal_naive,35,0.19428571428571426,0.25523098781859765,0.33333333333333326,0.42551902730228985,19
2024-06-26 to 2024-07-02,product,599,xgb_observed_sales,35,0.23530095338821413,0.3070237418312202,0.40370261610723013,0.44551435638763737,19
2024-06-26 to 2024-07-02,product,599,xgb_stockout_aware,35,0.20143671103886196,0.2590768679736683,0.34560220031177297,0.3998408267529537,19
2024-06-26 to 2024-07-02,product,600,seasonal_naive,14,0.6357142857142856,0.7392080704568718,0.31560283687943264,0.3423114091726869,8
2024-06-26 to 2024-07-02,product,600,xgb_observed_sales,14,0.42566719395773756,0.5320958533685289,0.2113241388442669,0.2190976630010833,8
2024-06-26 to 2024-07-02,product,600,xgb_stockout_aware,14,0.37841056074414936,0.4595392313728143,0.18786339895099616,0.19248819787901522,8
2024-06-26 to 2024-07-02,product,601,seasonal_naive,7,0.9857142857142857,1.1420532887241797,0.45999999999999996,0.5780990283790303,5
2024-06-26 to 2024-07-02,product,601,xgb_observed_sales,7,0.5781441790716988,0.7123790635875994,0.2698006169001261,0.29892402784853483,5
2024-06-26 to 2024-07-02,product,601,xgb_stockout_aware,7,0.5686040469578334,0.6769319500370234,0.2653485552469889,0.29334329398815334,5
2024-06-26 to 2024-07-02,product,605,seasonal_naive,14,0.45,0.5378528742004771,0.7974683544303798,1.1032946511938106,4
2024-06-26 to 2024-07-02,product,605,xgb_observed_sales,14,0.2756384841033391,0.3540405184839738,0.4884732629679427,0.604244524080779,4
2024-06-26 to 2024-07-02,product,605,xgb_stockout_aware,14,0.28883849254676275,0.3556626435329829,0.5118656829942632,0.5954823781305659,4
2024-06-26 to 2024-07-02,product,607,seasonal_naive,7,0.3514285714285715,0.44893524827402137,0.6000000000000002,0.5211716649524532,6
2024-06-26 to 2024-07-02,product,607,xgb_observed_sales,7,0.2458683388573783,0.2694056389681336,0.41977521268332885,0.4202905628879324,6
2024-06-26 to 2024-07-02,product,607,xgb_stockout_aware,7,0.21786238295691357,0.25112877485041524,0.37196016602399884,0.3822732510128497,6
2024-06-26 to 2024-07-02,product,610,seasonal_naive,35,0.3257142857142857,0.405674042269688,0.3986013986013986,0.46330345024234965,33
2024-06-26 to 2024-07-02,product,610,xgb_observed_sales,35,0.27155121990612574,0.35632115900532957,0.3323179264585455,0.36271261016576883,33
2024-06-26 to 2024-07-02,product,610,xgb_stockout_aware,35,0.27104051113128663,0.3491663443052996,0.3316929332026235,0.3612314224274001,33
2024-06-26 to 2024-07-02,product,615,seasonal_naive,7,0.42857142857142866,0.48989794855663565,0.810810810810811,0.8564007421150279,7
2024-06-26 to 2024-07-02,product,615,xgb_observed_sales,7,0.2945894922528948,0.34850462543207955,0.5573314718298011,0.5445043036270453,7
2024-06-26 to 2024-07-02,product,615,xgb_stockout_aware,7,0.2861783657755171,0.3126056617921684,0.5414185298455729,0.5406402780380447,7
2024-06-26 to 2024-07-02,product,617,seasonal_naive,7,0.22857142857142856,0.2507132682112035,0.6956521739130435,0.8904761904761903,3
2024-06-26 to 2024-07-02,product,617,xgb_observed_sales,7,0.10334796990667071,0.11581479581665212,0.31453729971595434,0.3008918640716397,3
2024-06-26 to 2024-07-02,product,617,xgb_stockout_aware,7,0.11633207542555672,0.13499457442526105,0.3540541425995205,0.3264090838644792,3
2024-06-26 to 2024-07-02,product,620,seasonal_naive,7,0.2714285714285714,0.2903200204700225,0.826086956521739,0.8139764996907856,5
2024-06-26 to 2024-07-02,product,620,xgb_observed_sales,7,0.26004449214254105,0.27083746590191493,0.7914397586946902,0.8069190129664829,5
2024-06-26 to 2024-07-02,product,620,xgb_stockout_aware,7,0.2177497386932373,0.23284407568703178,0.6627165960228961,0.7248282870972215,5
2024-06-26 to 2024-07-02,product,621,seasonal_naive,7,0.4714285714285714,0.5331845030434721,0.5238095238095238,0.7413782904466134,3
2024-06-26 to 2024-07-02,product,621,xgb_observed_sales,7,0.5673824352877481,0.646208904914496,0.630424928097498,0.796578165078711,3
2024-06-26 to 2024-07-02,product,621,xgb_stockout_aware,7,0.5398361870220729,0.5988211586284576,0.599817985580081,0.7848343313035228,3
2024-06-26 to 2024-07-02,product,631,seasonal_naive,21,0.34761904761904766,0.4248248938988751,0.43712574850299396,0.5052272706408045,11
2024-06-26 to 2024-07-02,product,631,xgb_observed_sales,21,0.26108824837775463,0.33177130405652705,0.32831456382831414,0.36114649232548085,11
2024-06-26 to 2024-07-02,product,631,xgb_stockout_aware,21,0.3126368122441428,0.38525286024508093,0.39313611120520947,0.4520376216053447,11
2024-06-26 to 2024-07-02,product,638,seasonal_naive,14,0.20999999999999996,0.2645211306709325,0.4049586776859503,0.4146177054246306,11
2024-06-26 to 2024-07-02,product,638,xgb_observed_sales,14,0.2089129539898464,0.24158850918694375,0.4028624457104476,0.42941019616018977,11
2024-06-26 to 2024-07-02,product,638,xgb_stockout_aware,14,0.17784452463899345,0.22700379723400585,0.3429508739594915,0.3769455670318013,11
2024-06-26 to 2024-07-02,product,650,seasonal_naive,14,0.47285714285714286,0.5875129177911143,0.7290748898678414,0.8552875695732839,10
2024-06-26 to 2024-07-02,product,650,xgb_observed_sales,14,0.33903939604759203,0.41208870647358564,0.5227479674742608,0.5898368329287159,10
2024-06-26 to 2024-07-02,product,650,xgb_stockout_aware,14,0.37215717145374827,0.45700629834193773,0.573810616778907,0.610754046302528,10
2024-06-26 to 2024-07-02,product,654,seasonal_naive,14,0.1642857142857143,0.2685942239566167,0.2090909090909091,0.25987358506155495,10
2024-06-26 to 2024-07-02,product,654,xgb_observed_sales,14,0.24617656554494588,0.29858329663486033,0.31331562887538567,0.34967183614230607,10
2024-06-26 to 2024-07-02,product,654,xgb_stockout_aware,14,0.23817177670342585,0.2836042455596183,0.30312771580436015,0.3450003640761184,10
2024-06-26 to 2024-07-02,product,657,seasonal_naive,7,0.6285714285714284,0.7483314773547882,3.6666666666666656,1.4566887361005008,7
2024-06-26 to 2024-07-02,product,657,xgb_observed_sales,7,0.38150485924312044,0.40376422729909234,2.225445012251536,1.2118363602247704,7
2024-06-26 to 2024-07-02,product,657,xgb_stockout_aware,7,0.4356697414602552,0.45722665220556197,2.5414068251848216,1.2757009334866842,7
2024-06-26 to 2024-07-02,product,662,seasonal_naive,7,0.5142857142857143,0.6047431568147635,0.878048780487805,1.2956799813942672,1
2024-06-26 to 2024-07-02,product,662,xgb_observed_sales,7,0.5313045391014644,0.6422665888446649,0.9071053106610368,1.1979348118528057,1
2024-06-26 to 2024-07-02,product,662,xgb_stockout_aware,7,0.545586029120854,0.6484594781363539,0.931488342401458,1.1861063519619344,1
2024-06-26 to 2024-07-02,product,665,seasonal_naive,7,0.1714285714285714,0.1927248223318863,0.33333333333333326,0.36883116883116884,6
2024-06-26 to 2024-07-02,product,665,xgb_observed_sales,7,0.12899777037756782,0.16874331607313112,0.25082899795638186,0.2571864065207225,6
2024-06-26 to 2024-07-02,product,665,xgb_stockout_aware,7,0.10875913671084811,0.1498339129415651,0.21147609915998242,0.20936631311710682,6
2024-06-26 to 2024-07-02,product,666,seasonal_naive,21,0.3904761904761904,0.5255382728122436,0.8817204301075269,0.8133822735326495,10
2024-06-26 to 2024-07-02,product,666,xgb_observed_sales,21,0.2611542957169669,0.3612187995744815,0.5897032483931511,0.6742913854005592,10
2024-06-26 to 2024-07-02,product,666,xgb_stockout_aware,21,0.30406786998112995,0.4102251791971281,0.6866048676993258,0.7051113262500265,10
2024-06-26 to 2024-07-02,product,676,seasonal_naive,14,0.3000000000000001,0.3835920452027873,0.7118644067796611,1.0925824175824177,14
2024-06-26 to 2024-07-02,product,676,xgb_observed_sales,14,0.2960190849644797,0.34954203011448276,0.7024181677123247,0.8846335954731348,14
2024-06-26 to 2024-07-02,product,676,xgb_stockout_aware,14,0.2967146711690085,0.3450785812161946,0.7040687112484947,0.8930393440363248,14
2024-06-26 to 2024-07-02,product,678,seasonal_naive,7,0.35714285714285715,0.39821028185046725,0.4807692307692307,0.6343537414965985,1
2024-06-26 to 2024-07-02,product,678,xgb_observed_sales,7,0.1895786540848868,0.2465321818367937,0.25520203434503996,0.25880030034560514,1
2024-06-26 to 2024-07-02,product,678,xgb_stockout_aware,7,0.19802457690238953,0.2598469739643337,0.26657154583013976,0.27366387987648294,1
2024-06-26 to 2024-07-02,product,683,seasonal_naive,7,0.3714285714285714,0.43424811867344754,0.6666666666666666,1.0944026733500416,4
2024-06-26 to 2024-07-02,product,683,xgb_observed_sales,7,0.35453320656503945,0.3962766312170012,0.6363416528090453,0.9093062996567506,4
2024-06-26 to 2024-07-02,product,683,xgb_stockout_aware,7,0.4584155065672738,0.4904500243176319,0.8227970630694659,1.04140159296521,4
2024-06-26 to 2024-07-02,product,692,seasonal_naive,7,0.51,0.6525663622520372,0.16682242990654203,0.19123647793528176,5
2024-06-26 to 2024-07-02,product,692,xgb_observed_sales,7,0.5461650439671106,0.6108340220680716,0.17865211718550347,0.19206578752579279,5
2024-06-26 to 2024-07-02,product,692,xgb_stockout_aware,7,0.4466263089861187,0.5136277343214979,0.14609271789265565,0.1536436932834171,5
2024-06-26 to 2024-07-02,product,694,seasonal_naive,70,0.79,1.0240675200953724,0.802612481857765,0.896290242851997,50
2024-06-26 to 2024-07-02,product,694,xgb_observed_sales,70,0.4651709176387105,0.6485016483147764,0.47259744897982203,0.6366004516568097,50
2024-06-26 to 2024-07-02,product,694,xgb_stockout_aware,70,0.44918241083621985,0.624967810561266,0.4563536829976109,0.596758731072214,50
2024-06-26 to 2024-07-02,product,696,seasonal_naive,7,0.8428571428571429,1.0656989658033293,1.1132075471698115,1.0472419206409354,5
2024-06-26 to 2024-07-02,product,696,xgb_observed_sales,7,0.5910366364887781,0.778555942885642,0.7806144255512164,0.9120002991084589,5
2024-06-26 to 2024-07-02,product,696,xgb_stockout_aware,7,0.5771388122013636,0.7782447847384716,0.7622588085678388,0.8912291990978308,5
2024-06-26 to 2024-07-02,product,699,seasonal_naive,7,0.1285714285714286,0.18126539343499315,0.2368421052631579,0.2209940435504345,3
2024-06-26 to 2024-07-02,product,699,xgb_observed_sales,7,0.13385679977280754,0.14435212307784911,0.24657831537096128,0.25581187826593915,3
2024-06-26 to 2024-07-02,product,699,xgb_stockout_aware,7,0.1224280561719622,0.13676201834654036,0.22552536663256198,0.24529571971391503,3
2024-06-26 to 2024-07-02,product,704,seasonal_naive,7,0.3,0.4551294949163998,0.39622641509433965,0.4858030858030858,6
2024-06-26 to 2024-07-02,product,704,xgb_observed_sales,7,0.195560348033905,0.2522131033452403,0.25828725212025194,0.25300100024583533,6
2024-06-26 to 2024-07-02,product,704,xgb_stockout_aware,7,0.19088369097028465,0.22632819655659958,0.2521105352437722,0.2514014112550162,6
2024-06-26 to 2024-07-02,product,712,seasonal_naive,7,0.32857142857142857,0.44561354172806344,0.4893617021276596,0.6152806258069415,5
2024-06-26 to 2024-07-02,product,712,xgb_observed_sales,7,0.33874473912375314,0.4113317484441045,0.504513441248143,0.6684562902061809,5
2024-06-26 to 2024-07-02,product,712,xgb_stockout_aware,7,0.32325087359973365,0.41530398204233154,0.4814374713187523,0.5981279969109926,5
2024-06-26 to 2024-07-02,product,716,seasonal_naive,7,0.2571428571428571,0.3703280399090206,0.5294117647058822,0.7698412698412699,4
2024-06-26 to 2024-07-02,product,716,xgb_observed_sales,7,0.2517965052809034,0.30897102459266496,0.5184045696959776,0.5462650253739146,4
2024-06-26 to 2024-07-02,product,716,xgb_stockout_aware,7,0.2448160776070186,0.3193246130795638,0.5040331009556265,0.5069915355167683,4
2024-06-26 to 2024-07-02,product,731,seasonal_naive,7,0.21428571428571425,0.25911938781738647,0.2678571428571428,0.42989708703994417,5
2024-06-26 to 2024-07-02,product,731,xgb_observed_sales,7,0.23030296223504196,0.350974297303558,0.28787870279380245,0.27605464981300676,5
2024-06-26 to 2024-07-02,product,731,xgb_stockout_aware,7,0.22287438426698952,0.32907789940663335,0.27859298033373686,0.26807181362212545,5
2024-06-26 to 2024-07-02,product,740,seasonal_naive,21,0.3904761904761904,0.48107023544236394,0.4338624338624338,0.5066618968676344,7
2024-06-26 to 2024-07-02,product,740,xgb_observed_sales,21,0.24517626819156466,0.3276153680058714,0.27241807576840515,0.27074362827698056,7
2024-06-26 to 2024-07-02,product,740,xgb_stockout_aware,21,0.26543651847612293,0.3353915672951203,0.2949294649734699,0.3098585005685779,7
2024-06-26 to 2024-07-02,product,751,seasonal_naive,14,0.5499999999999999,0.664938235584973,1.0,1.7142857142857142,12
2024-06-26 to 2024-07-02,product,751,xgb_observed_sales,14,0.26306455433368686,0.3111697191540069,0.4782991896976125,0.635969810550696,12
2024-06-26 to 2024-07-02,product,751,xgb_stockout_aware,14,0.29526857222829545,0.3424819095510386,0.5368519495059918,0.6571004866099891,12
2024-06-26 to 2024-07-02,product,755,seasonal_naive,14,0.42142857142857154,0.5175491695067657,0.5130434782608697,0.43961244414660566,14
2024-06-26 to 2024-07-02,product,755,xgb_observed_sales,14,0.19161911862237116,0.22821264287569923,0.23327544875766923,0.2458366216899139,14
2024-06-26 to 2024-07-02,product,755,xgb_stockout_aware,14,0.17945168954985485,0.22980034456095375,0.21846292640851897,0.23173679793233984,14
2024-06-26 to 2024-07-02,product,763,seasonal_naive,7,0.07142857142857147,0.10000000000000002,0.10638297872340431,0.1360544217687075,4
2024-06-26 to 2024-07-02,product,763,xgb_observed_sales,7,0.17362528017589027,0.2238979493424817,0.25859084281515576,0.26445036413182177,4
2024-06-26 to 2024-07-02,product,763,xgb_stockout_aware,7,0.17092412880488808,0.21426714833164756,0.2545678514115355,0.26960020240652177,4
2024-06-26 to 2024-07-02,product,768,seasonal_naive,63,0.5587301587301589,0.7048584232492343,0.6704761904761907,0.9105501555302528,59
2024-06-26 to 2024-07-02,product,768,xgb_observed_sales,63,0.4192024470558243,0.5598156276766872,0.5030429364669892,0.6402625662462242,59
2024-06-26 to 2024-07-02,product,768,xgb_stockout_aware,63,0.40170198508671356,0.5419000450626639,0.48204238210405626,0.6074560660429242,59
2024-06-26 to 2024-07-02,product,775,seasonal_naive,14,0.6071428571428571,0.8215838362577491,0.779816513761468,0.9748545186253751,2
2024-06-26 to 2024-07-02,product,775,xgb_observed_sales,14,0.547046047449112,0.6450166516389734,0.7026279508520705,0.9205749066082773,2
2024-06-26 to 2024-07-02,product,775,xgb_stockout_aware,14,0.5992796012333461,0.7307843956210406,0.769716919015307,0.8878261870137395,2
2024-06-26 to 2024-07-02,product,776,seasonal_naive,42,0.2952380952380953,0.36514837167011077,0.7798742138364781,1.1098519205662063,30
2024-06-26 to 2024-07-02,product,776,xgb_observed_sales,42,0.26399206076526927,0.3524735509487533,0.697337519002598,0.9667059488444255,30
2024-06-26 to 2024-07-02,product,776,xgb_stockout_aware,42,0.2500074776155608,0.3382824620305292,0.6603971106826134,0.8432031074159266,30
2024-06-26 to 2024-07-02,product,777,seasonal_naive,7,0.34285714285714286,0.4629100498862757,0.5333333333333333,0.6149659863945578,4
2024-06-26 to 2024-07-02,product,777,xgb_observed_sales,7,0.4111082383564539,0.4900922232370765,0.6395017041100394,0.7251834065015911,4
2024-06-26 to 2024-07-02,product,777,xgb_stockout_aware,7,0.5172404016767229,0.5957596030528812,0.8045961803860133,0.8114088595461828,4
2024-06-26 to 2024-07-02,product,786,seasonal_naive,7,0.29142857142857137,0.31112698372208086,0.7034482758620688,0.8089639683624644,5
2024-06-26 to 2024-07-02,product,786,xgb_observed_sales,7,0.23346346787043976,0.26160971752933093,0.5635325086527857,0.7265403160528275,5
2024-06-26 to 2024-07-02,product,786,xgb_stockout_aware,7,0.20395463875361847,0.2389631433885733,0.49230430043976875,0.6278011989777967,5
2024-06-26 to 2024-07-02,product,791,seasonal_naive,7,0.12428571428571429,0.15311060427957676,0.725,0.9213337326544873,4
2024-06-26 to 2024-07-02,product,791,xgb_observed_sales,7,0.1626880620207105,0.17572504006300568,0.9490136951208114,0.7774830296148442,4
2024-06-26 to 2024-07-02,product,791,xgb_stockout_aware,7,0.10022861872400557,0.11514359804523322,0.5846669425566992,0.596960627620665,4
2024-06-26 to 2024-07-02,product,792,seasonal_naive,7,0.3742857142857143,0.5045507195232494,0.9424460431654675,0.49780304988369084,3
2024-06-26 to 2024-07-02,product,792,xgb_observed_sales,7,0.21635159441402976,0.27021327924936683,0.5447702017619455,0.48080353348030996,3
2024-06-26 to 2024-07-02,product,792,xgb_stockout_aware,7,0.1716332335131509,0.2256121055177144,0.4321700124431857,0.4202498309717539,3
2024-06-26 to 2024-07-02,product,802,seasonal_naive,287,0.6180139372822301,0.8800730489161519,1.8835085483699696,1.2432546554403319,228
2024-06-26 to 2024-07-02,product,802,xgb_observed_sales,287,0.2424134079591397,0.33894820431270595,0.7387984292691206,0.942866083890827,228
2024-06-26 to 2024-07-02,product,802,xgb_stockout_aware,287,0.25006056433222307,0.3612086968958801,0.7621045127253692,0.9909129072905469,228
2024-06-26 to 2024-07-02,product,807,seasonal_naive,7,0.5571428571428572,0.8008923594519873,0.7959183673469387,1.1090909090909091,5
2024-06-26 to 2024-07-02,product,807,xgb_observed_sales,7,0.4995396392686026,0.6167611077945727,0.7136280560980037,0.7984604578878914,5
2024-06-26 to 2024-07-02,product,807,xgb_stockout_aware,7,0.4485875240394047,0.5918251680858677,0.6408393200562924,0.7236448880038545,5
2024-06-26 to 2024-07-02,product,820,seasonal_naive,7,0.5571428571428572,0.6403124237432849,0.9512195121951221,1.1588744588744588,4
2024-06-26 to 2024-07-02,product,820,xgb_observed_sales,7,0.36399917176791596,0.4261538691012498,0.6214620005793687,1.0454065810766737,4
2024-06-26 to 2024-07-02,product,820,xgb_stockout_aware,7,0.3648077300616673,0.4186694245450356,0.6228424659589441,1.0633422049999048,4
2024-06-26 to 2024-07-02,product,830,seasonal_naive,14,0.27142857142857146,0.34641016151377546,0.7450980392156864,1.2140589569160998,13
2024-06-26 to 2024-07-02,product,830,xgb_observed_sales,14,0.34315991103649146,0.3849560634840158,0.9420075989237021,0.9101382714770061,13
2024-06-26 to 2024-07-02,product,830,xgb_stockout_aware,14,0.31773381701537545,0.35916088321691986,0.8722104780814229,0.9053322893527801,13
2024-06-26 to 2024-07-02,product,832,seasonal_naive,7,0.6857142857142857,0.8652002245558126,0.6000000000000001,0.6366552987242642,7
2024-06-26 to 2024-07-02,product,832,xgb_observed_sales,7,0.3581711445535932,0.48168486608845995,0.31339975148439414,0.35037676687108427,7
2024-06-26 to 2024-07-02,product,832,xgb_stockout_aware,7,0.28493500266756333,0.3787490052858712,0.24931812733411793,0.2915213037122008,7
2024-06-26 to 2024-07-02,product,834,seasonal_naive,84,1.0809523809523807,1.3316656236958784,0.9180990899898887,0.6440399486011744,84
2024-06-26 to 2024-07-02,product,834,xgb_observed_sales,84,0.6716693716389793,0.7899005323351014,0.570477524951206,0.4944118939957233,84
2024-06-26 to 2024-07-02,product,834,xgb_stockout_aware,84,0.7990339167061307,0.9629473408028936,0.6786536805188572,0.5410539709601695,84
2024-06-26 to 2024-07-02,product,835,seasonal_naive,238,0.6596638655462185,0.8550394359178937,0.47720364741641336,0.5456775950855469,230
2024-06-26 to 2024-07-02,product,835,xgb_observed_sales,238,0.46563373596227475,0.6163317029202873,0.33684142601526257,0.40586532304470113,230
2024-06-26 to 2024-07-02,product,835,xgb_stockout_aware,238,0.47689503233472835,0.6187862429420046,0.3449878957315056,0.4131025345001106,230
2024-06-26 to 2024-07-02,product,836,seasonal_naive,91,0.37032967032967035,0.47682558379625295,0.7910798122065726,0.8415624960636291,90
2024-06-26 to 2024-07-02,product,836,xgb_observed_sales,91,0.2664559578502571,0.3221784279909788,0.5691899569101735,0.608414859564457,90
2024-06-26 to 2024-07-02,product,836,xgb_stockout_aware,91,0.2654889288839403,0.3249302879110207,0.5671242377567738,0.6077509933830197,90
2024-06-26 to 2024-07-02,product,856,seasonal_naive,28,0.44642857142857145,0.5634713834792322,0.992063492063492,1.2440289034273995,28
2024-06-26 to 2024-07-02,product,856,xgb_observed_sales,28,0.2669413177562611,0.30855131875826697,0.5932029283472469,0.9332537299738093,28
2024-06-26 to 2024-07-02,product,856,xgb_stockout_aware,28,0.27427721976169517,0.3250607614858622,0.6095049328037669,0.9854826042916002,28
2024-06-26 to 2024-07-02,product,857,seasonal_naive,14,0.21428571428571433,0.2751622897751175,0.5660377358490567,0.7454442383013812,10
2024-06-26 to 2024-07-02,product,857,xgb_observed_sales,14,0.14207843872053283,0.1882097856725303,0.3753015362429169,0.407718325556177,10
2024-06-26 to 2024-07-02,product,857,xgb_stockout_aware,14,0.1561058195573943,0.20141186671954878,0.41235499505726797,0.4019845834609404,10
2024-06-26 to 2024-07-02,product,860,seasonal_naive,21,0.3190476190476191,0.5241773600241666,1.046875,1.380952380952381,4
2024-06-26 to 2024-07-02,product,860,xgb_observed_sales,21,0.8841105652706964,1.3265999001995634,2.9009877922944725,1.4495520225829615,4
2024-06-26 to 2024-07-02,product,860,xgb_stockout_aware,21,0.7175489906044232,0.8990171527630255,2.3544576254207636,1.4156457190282024,4
2024-06-26 to 2024-07-02,product,861,seasonal_naive,21,0.3190476190476191,0.530498417932204,0.9852941176470589,1.1941391941391941,4
2024-06-26 to 2024-07-02,product,861,xgb_observed_sales,21,0.6977642055068698,1.0095479130279976,2.1548600464182743,1.3918239874061438,4
2024-06-26 to 2024-07-02,product,861,xgb_stockout_aware,21,0.5360209726151965,0.715707593502754,1.6553588860175188,1.3565287643597304,4
2024-06-26 to 2024-07-02,product,862,seasonal_naive,7,0.29999999999999993,0.36449573777637356,1.4999999999999998,1.142857142857143,7
2024-06-26 to 2024-07-02,product,862,xgb_observed_sales,7,0.12843903082289868,0.15984116367421847,0.6421951541144933,1.311613595583689,7
2024-06-26 to 2024-07-02,product,862,xgb_stockout_aware,7,0.1422032401497875,0.19388138695776125,0.7110162007489376,0.9895583051649195,7
2024-06-26 to 2024-07-02,product,864,seasonal_naive,7,0.9785714285714286,1.185827017016274,0.9716312056737589,1.3658780494223532,4
2024-06-26 to 2024-07-02,product,864,xgb_observed_sales,7,0.6889510465519768,0.834739862302854,0.6840648689168565,1.0863050530177942,4
2024-06-26 to 2024-07-02,product,864,xgb_stockout_aware,7,0.7325732401439121,0.814724823186472,0.7273776852492745,0.9615288864191155,4
2024-06-26 to 2024-07-02,first_category,0,seasonal_naive,7,0.10999999999999999,0.1458472782448427,0.18075117370892013,0.19670605084138917,4
2024-06-26 to 2024-07-02,first_category,0,xgb_observed_sales,7,0.11528468336377827,0.14189252753279494,0.18943492571512857,0.18841864119747082,4
2024-06-26 to 2024-07-02,first_category,0,xgb_stockout_aware,7,0.10761837584631784,0.13256140939070143,0.17683770678972413,0.17674208891811313,4
2024-06-26 to 2024-07-02,first_category,1,seasonal_naive,7,0.38571428571428573,0.511300861947808,1.4210526315789476,1.025974025974026,7
2024-06-26 to 2024-07-02,first_category,1,xgb_observed_sales,7,0.21889187267848426,0.2640293130998771,0.8064437414470472,0.7526834066398088,7
2024-06-26 to 2024-07-02,first_category,1,xgb_stockout_aware,7,0.18414113010678973,0.22874261249308264,0.6784146898671202,0.7083003396975999,7
2024-06-26 to 2024-07-02,first_category,3,seasonal_naive,84,0.40119047619047615,0.528587515842705,0.588132635253054,0.6972089455580968,67
2024-06-26 to 2024-07-02,first_category,3,xgb_observed_sales,84,0.29352483432961723,0.39009327558520096,0.4302981864517949,0.5450287473774027,67
2024-06-26 to 2024-07-02,first_category,3,xgb_stockout_aware,84,0.30275566785906755,0.39848816842877127,0.44383029843214095,0.5394023022235478,67
2024-06-26 to 2024-07-02,first_category,4,seasonal_naive,1134,0.6993130511463844,1.1859125929555312,0.5292628558080555,0.6997963691749117,606
2024-06-26 to 2024-07-02,first_category,4,xgb_observed_sales,1134,0.5653434067649186,0.9856250998464696,0.4278702728143743,0.5288696354515587,606
2024-06-26 to 2024-07-02,first_category,4,xgb_stockout_aware,1134,0.5623512990733304,0.9863406751968009,0.42560574842270277,0.5119564731698664,606
2024-06-26 to 2024-07-02,first_category,5,seasonal_naive,1155,0.6574883116883117,0.9266333705750098,0.803410638169567,0.9888073494843301,925
2024-06-26 to 2024-07-02,first_category,5,xgb_observed_sales,1155,0.439252529658388,0.6753900607423615,0.5367398155934636,0.7570917471382513,925
2024-06-26 to 2024-07-02,first_category,5,xgb_stockout_aware,1155,0.43044160434217127,0.6455744595851909,0.5259734019472818,0.7571051994353495,925
2024-06-26 to 2024-07-02,first_category,6,seasonal_naive,7,0.3514285714285715,0.4255416716206702,0.9461538461538462,0.820717377860235,4
2024-06-26 to 2024-07-02,first_category,6,xgb_observed_sales,7,0.27281784074647086,0.29084647104229383,0.7345095712404984,0.7664452895786665,4
2024-06-26 to 2024-07-02,first_category,6,xgb_stockout_aware,7,0.27383476836340764,0.28922789802863463,0.7372474532860975,0.7919402275446947,4
2024-06-26 to 2024-07-02,first_category,7,seasonal_naive,70,0.3048571428571429,0.38164306435651174,0.5372608257804633,0.8139012876146268,56
2024-06-26 to 2024-07-02,first_category,7,xgb_observed_sales,70,0.3298410128695624,0.4007036529096656,0.5812908081789873,0.6514841641825344,56
2024-06-26 to 2024-07-02,first_category,7,xgb_stockout_aware,70,0.3319416652577264,0.40100076616384767,0.5849928642507767,0.6720674565207146,56
2024-06-26 to 2024-07-02,first_category,8,seasonal_naive,238,0.3302100840336134,0.42308838498900564,0.5300465367235446,0.6281228653970334,123
2024-06-26 to 2024-07-02,first_category,8,xgb_observed_sales,238,0.23984525461156828,0.315231342147366,0.3849947433570731,0.45771139743432715,123
2024-06-26 to 2024-07-02,first_category,8,xgb_stockout_aware,238,0.23564177923843638,0.3106611282680606,0.3782474098519447,0.44355806145510507,123
2024-06-26 to 2024-07-02,first_category,10,seasonal_naive,497,0.4055935613682093,0.5390154225572096,0.6001726858606009,0.8575875214528429,289
2024-06-26 to 2024-07-02,first_category,10,xgb_observed_sales,497,0.3297610707302209,0.444457882667239,0.4879603779823139,0.7143145188572606,289
2024-06-26 to 2024-07-02,first_category,10,xgb_stockout_aware,497,0.3467931964339865,0.4444785807814551,0.5131634817866773,0.6993819384994483,289
2024-06-26 to 2024-07-02,first_category,11,seasonal_naive,91,0.37571428571428567,0.49409813502275746,0.426256077795786,0.6919373151806505,53
2024-06-26 to 2024-07-02,first_category,11,xgb_observed_sales,91,0.3124156033010273,0.3978403837819565,0.35444233761866956,0.5033757802563076,53
2024-06-26 to 2024-07-02,first_category,11,xgb_stockout_aware,91,0.3147995285345958,0.40052318924651187,0.35714695295659166,0.49458000769730626,53
2024-06-26 to 2024-07-02,first_category,12,seasonal_naive,7,0.22285714285714284,0.2461126339126632,0.8297872340425531,0.7846495119787046,6
2024-06-26 to 2024-07-02,first_category,12,xgb_observed_sales,7,0.1359582370519638,0.1548288317527524,0.5062274783849715,0.5070030345864599,6
2024-06-26 to 2024-07-02,first_category,12,xgb_stockout_aware,7,0.12147373139858246,0.1448354993129533,0.45229580839897726,0.48399316843653456,6
2024-06-26 to 2024-07-02,first_category,15,seasonal_naive,35,0.25885714285714284,0.3389648106472748,0.4237605238540691,0.4445195953383294,14
2024-06-26 to 2024-07-02,first_category,15,xgb_observed_sales,35,0.20590677360125947,0.25818518536023227,0.3370784413491151,0.36340051480876945,14
2024-06-26 to 2024-07-02,first_category,15,xgb_stockout_aware,35,0.2030206392151969,0.2583068104678808,0.33235371246641204,0.35836310147311273,14
2024-06-26 to 2024-07-02,first_category,16,seasonal_naive,623,0.28313001605136434,0.38525824654756624,0.33798309988694925,0.38946562728103057,313
2024-06-26 to 2024-07-02,first_category,16,xgb_observed_sales,623,0.23626481997258783,0.32281391601930665,0.28203832769917453,0.32564373444007644,313
2024-06-26 to 2024-07-02,first_category,16,xgb_stockout_aware,623,0.2513964831379405,0.3404478908037433,0.300101571202623,0.3512577598766719,313
2024-06-26 to 2024-07-02,first_category,18,seasonal_naive,259,0.3563320463320463,0.48290905800280687,0.45413837220745984,0.5015087838709896,156
2024-06-26 to 2024-07-02,first_category,18,xgb_observed_sales,259,0.27998176102932815,0.37407958830299437,0.35683139507231565,0.3925724913579212,156
2024-06-26 to 2024-07-02,first_category,18,xgb_stockout_aware,259,0.27368655067152964,0.36994310736304764,0.3488082699730645,0.38848635523981484,156
2024-06-26 to 2024-07-02,first_category,20,seasonal_naive,532,0.697859022556391,1.121290744727043,0.5268736633416071,0.6260046218979212,329
2024-06-26 to 2024-07-02,first_category,20,xgb_observed_sales,532,0.5389669191656928,0.8062819717153423,0.40691237906553285,0.5201717328184803,329
2024-06-26 to 2024-07-02,first_category,20,xgb_stockout_aware,532,0.5397905216208079,0.8072866167007067,0.4075341872368652,0.4872815067926904,329
2024-06-26 to 2024-07-02,first_category,21,seasonal_naive,287,0.7188501742160278,1.3541165781855982,0.15786332438078182,0.4948705739557588,188
2024-06-26 to 2024-07-02,first_category,21,xgb_observed_sales,287,0.8157498524807887,1.878058674321239,0.17914300948204234,0.38142238545474993,188
2024-06-26 to 2024-07-02,first_category,21,xgb_stockout_aware,287,0.7135736582503501,1.6074156410335942,0.15670457339014796,0.3719895768639684,188
2024-06-26 to 2024-07-02,first_category,22,seasonal_naive,35,0.4828571428571428,0.6124890669578169,0.6450381679389312,1.017978346096724,28
2024-06-26 to 2024-07-02,first_category,22,xgb_observed_sales,35,0.34463464396340515,0.44020510923529854,0.4603897915541672,0.5698978832614863,28
2024-06-26 to 2024-07-02,first_category,22,xgb_stockout_aware,35,0.34516170774187366,0.43395780033238773,0.4610938843879992,0.5700980903687033,28
2024-06-26 to 2024-07-02,first_category,24,seasonal_naive,84,0.2861904761904762,0.37223904250078976,0.5466120964074579,0.6673944939480871,68
2024-06-26 to 2024-07-02,first_category,24,xgb_observed_sales,84,0.2267140867596581,0.28079047672744056,0.4330146268260864,0.521966599849509,68
2024-06-26 to 2024-07-02,first_category,24,xgb_stockout_aware,84,0.22852364351352056,0.2806383896348774,0.43647080616497785,0.5191339360783449,68
2024-06-26 to 2024-07-02,first_category,25,seasonal_naive,91,0.362967032967033,0.5063736621451452,0.47745013009540327,0.6072032716515122,68
2024-06-26 to 2024-07-02,first_category,25,xgb_observed_sales,91,0.28737176399309555,0.3615438226736672,0.3780114270507617,0.46170291218692167,68
2024-06-26 to 2024-07-02,first_category,25,xgb_stockout_aware,91,0.2935617198131896,0.36187487836212595,0.38615375112749717,0.46853393115959935,68
2024-06-26 to 2024-07-02,first_category,26,seasonal_naive,21,0.719047619047619,1.020037347588896,1.438095238095238,1.209661026803884,20
2024-06-26 to 2024-07-02,first_category,26,xgb_observed_sales,21,0.3942970128286453,0.5577360724302326,0.7885940256572906,1.0536914929074415,20
2024-06-26 to 2024-07-02,first_category,26,xgb_stockout_aware,21,0.39261525003683007,0.5430515814380517,0.7852305000736601,1.0550569422545406,20
2024-06-26 to 2024-07-02,first_category,27,seasonal_naive,14,0.35714285714285715,0.4519797719873249,0.4504504504504505,0.5440718711727114,8
2024-06-26 to 2024-07-02,first_category,27,xgb_observed_sales,14,0.21348813772201533,0.2843422298687767,0.269264317847587,0.3441667461337419,8
2024-06-26 to 2024-07-02,first_category,27,xgb_stockout_aware,14,0.23184842211859563,0.2945465302826922,0.2924214333027333,0.3624109259273108,8
2024-06-26 to 2024-07-02,first_category,28,seasonal_naive,756,0.5519841269841269,0.7610126225235766,0.6211670139922596,0.6879424362791763,719
2024-06-26 to 2024-07-02,first_category,28,xgb_observed_sales,756,0.37328581254949017,0.5061549963440657,0.4200715604159193,0.5183800922865619,719
2024-06-26 to 2024-07-02,first_category,28,xgb_stockout_aware,756,0.39170469502529137,0.5390649847290402,0.4407989720737128,0.5247238180301323,719
2024-06-26 to 2024-07-02,first_category,29,seasonal_naive,308,0.4782467532467533,0.6832171794427554,0.4608886107634544,0.6215997825525764,139
2024-06-26 to 2024-07-02,first_category,29,xgb_observed_sales,308,0.3888381398391801,0.545425511727659,0.3747251159901986,0.5426914104469821,139
2024-06-26 to 2024-07-02,first_category,29,xgb_stockout_aware,308,0.39465030976752563,0.5375328528960841,0.3803263310650748,0.5681889441155938,139
2024-06-26 to 2024-07-02,first_category,30,seasonal_naive,119,0.2352941176470589,0.3078797102220063,0.38408779149519917,0.4975598384318907,72
2024-06-26 to 2024-07-02,first_category,30,xgb_observed_sales,119,0.22749618119051476,0.29753149038092686,0.37135864967998994,0.45406478723704696,72
2024-06-26 to 2024-07-02,first_category,30,xgb_stockout_aware,119,0.20754830010798803,0.2725910350786815,0.33879626492250453,0.42020288510931375,72
2024-06-26 to 2024-07-02,first_category,31,seasonal_naive,203,0.3246305418719212,0.4667780772476518,0.43241469816272976,0.572369424579954,106
2024-06-26 to 2024-07-02,first_category,31,xgb_observed_sales,203,0.2581890509853809,0.3443418831578097,0.3439132372049366,0.429800147037852,106
2024-06-26 to 2024-07-02,first_category,31,xgb_stockout_aware,203,0.2623896370380383,0.35634628562754006,0.34950850602835815,0.4313025499224446,106
2024-06-26 to 2024-07-02,second_category,2,seasonal_naive,7,0.38571428571428573,0.511300861947808,1.4210526315789476,1.025974025974026,7
2024-06-26 to 2024-07-02,second_category,2,xgb_observed_sales,7,0.21889187267848426,0.2640293130998771,0.8064437414470472,0.7526834066398088,7
2024-06-26 to 2024-07-02,second_category,2,xgb_stockout_aware,7,0.18414113010678973,0.22874261249308264,0.6784146898671202,0.7083003396975999,7
2024-06-26 to 2024-07-02,second_category,3,seasonal_naive,175,0.3451428571428572,0.4492533488228791,0.5881207400194742,0.6227443898296349,169
2024-06-26 to 2024-07-02,second_category,3,xgb_observed_sales,175,0.23610426303318569,0.29960829385184773,0.40231982503220537,0.464577044709586,169
2024-06-26 to 2024-07-02,second_category,3,xgb_stockout_aware,175,0.23013847640582494,0.2922964907123409,0.3921541710907435,0.4602924105366427,169
2024-06-26 to 2024-07-02,second_category,5,seasonal_naive,77,0.4948051948051949,0.6451618139922466,0.6791443850267382,0.9486689646916419,66
2024-06-26 to 2024-07-02,second_category,5,xgb_observed_sales,77,0.3941017699125526,0.532078461388081,0.5409239979191899,0.703823117669141,66
2024-06-26 to 2024-07-02,second_category,5,xgb_stockout_aware,77,0.3850312512416345,0.5177631097641338,0.5284742664100865,0.6821762032009797,66
2024-06-26 to 2024-07-02,second_category,6,seasonal_naive,525,0.8048171428571429,1.0977555986127852,0.6707352499964282,0.839848354215502,430
2024-06-26 to 2024-07-02,second_category,6,xgb_observed_sales,525,0.5689772984418415,0.8333072938680554,0.47418613519819347,0.6340424335475446,430
2024-06-26 to 2024-07-02,second_category,6,xgb_stockout_aware,525,0.5626610598057793,0.8147120522444524,0.46892217687151516,0.6255519985349961,430
2024-06-26 to 2024-07-02,second_category,7,seasonal_naive,546,0.5420695970695971,0.7705305959320495,1.1630840570597714,1.1427666331773243,424
2024-06-26 to 2024-07-02,second_category,7,xgb_observed_sales,546,0.3214775822683444,0.5024100437732114,0.6897738826522419,0.8829803471781984,424
2024-06-26 to 2024-07-02,second_category,7,xgb_stockout_aware,546,0.30923678328632803,0.44728710330740923,0.6635095833470943,0.8928537437258078,424
2024-06-26 to 2024-07-02,second_category,8,seasonal_naive,14,0.19999999999999998,0.24784787961282104,0.5384615384615384,0.5320861678004536,8
2024-06-26 to 2024-07-02,second_category,8,xgb_observed_sales,14,0.12428174146584106,0.1515453472421692,0.3346046885618798,0.36205331329444806,8
2024-06-26 to 2024-07-02,second_category,8,xgb_stockout_aware,14,0.1280129100595202,0.14843789710197824,0.344650142467939,0.3778468421479156,8
2024-06-26 to 2024-07-02,second_category,9,seasonal_naive,7,0.49999999999999994,0.7299706452023553,0.7446808510638298,0.482070359308211,7
2024-06-26 to 2024-07-02,second_category,9,xgb_observed_sales,7,0.1876799208777292,0.22258851387062636,0.27952328641363927,0.281131450593865,7
2024-06-26 to 2024-07-02,second_category,9,xgb_stockout_aware,7,0.16205120086669922,0.19463594079582774,0.24135285235465845,0.25145842545115643,7
2024-06-26 to 2024-07-02,second_category,12,seasonal_naive,56,0.3946428571428572,0.5111262075065218,0.5377128953771291,0.5733532454568043,49
2024-06-26 to 2024-07-02,second_category,12,xgb_observed_sales,56,0.2765441050486905,0.374656205244459,0.3767997538376318,0.3777482089999256,49
2024-06-26 to 2024-07-02,second_category,12,xgb_stockout_aware,56,0.2944107473960944,0.3814969659918413,0.4011435974253355,0.4167557056179526,49
2024-06-26 to 2024-07-02,second_category,15,seasonal_naive,28,0.41428571428571426,0.5618845839799181,0.7160493827160493,0.944920345760682,18
2024-06-26 to 2024-07-02,second_category,15,xgb_observed_sales,28,0.32748629289147047,0.4192657232758461,0.5660256914173564,0.8795898241323573,18
2024-06-26 to 2024-07-02,second_category,15,xgb_stockout_aware,28,0.31944550878501365,0.43046322840771206,0.5521280398753323,0.7846954954347388,18
2024-06-26 to 2024-07-02,second_category,16,seasonal_naive,14,0.27142857142857146,0.34641016151377546,0.7450980392156864,1.2140589569160998,13
2024-06-26 to 2024-07-02,second_category,16,xgb_observed_sales,14,0.34315991103649146,0.3849560634840158,0.9420075989237021,0.9101382714770061,13
2024-06-26 to 2024-07-02,second_category,16,xgb_stockout_aware,14,0.31773381701537545,0.35916088321691986,0.8722104780814229,0.9053322893527801,13
2024-06-26 to 2024-07-02,second_category,17,seasonal_naive,56,0.3132142857142857,0.38995420976607725,0.5066435586366261,0.7138618702892584,43
2024-06-26 to 2024-07-02,second_category,17,xgb_observed_sales,56,0.32651128832783016,0.4045447801117445,0.5281522861455369,0.5868206373589163,43
2024-06-26 to 2024-07-02,second_category,17,xgb_stockout_aware,56,0.33549362731831417,0.41079542727701046,0.5426817772913226,0.6137512483126981,43
2024-06-26 to 2024-07-02,second_category,19,seasonal_naive,7,0.10999999999999999,0.1458472782448427,0.18075117370892013,0.19670605084138917,4
2024-06-26 to 2024-07-02,second_category,19,xgb_observed_sales,7,0.11528468336377827,0.14189252753279494,0.18943492571512857,0.18841864119747082,4
2024-06-26 to 2024-07-02,second_category,19,xgb_stockout_aware,7,0.10761837584631784,0.13256140939070143,0.17683770678972413,0.17674208891811313,4
2024-06-26 to 2024-07-02,second_category,20,seasonal_naive,7,0.22285714285714284,0.2461126339126632,0.8297872340425531,0.7846495119787046,6
2024-06-26 to 2024-07-02,second_category,20,xgb_observed_sales,7,0.1359582370519638,0.1548288317527524,0.5062274783849715,0.5070030345864599,6
2024-06-26 to 2024-07-02,second_category,20,xgb_stockout_aware,7,0.12147373139858246,0.1448354993129533,0.45229580839897726,0.48399316843653456,6
2024-06-26 to 2024-07-02,second_category,22,seasonal_naive,7,0.4714285714285714,0.554204706893452,0.4583333333333333,0.5740981240981241,3
2024-06-26 to 2024-07-02,second_category,22,xgb_observed_sales,7,0.21543417487825667,0.3205467596388404,0.20944989224274954,0.22122148586895835,3
2024-06-26 to 2024-07-02,second_category,22,xgb_stockout_aware,7,0.2398872307368687,0.324767687662331,0.23322369654973346,0.2433580118987992,3
2024-06-26 to 2024-07-02,second_category,23,seasonal_naive,21,0.719047619047619,1.020037347588896,1.438095238095238,1.209661026803884,20
2024-06-26 to 2024-07-02,second_category,23,xgb_observed_sales,21,0.3942970128286453,0.5577360724302326,0.7885940256572906,1.0536914929074415,20
2024-06-26 to 2024-07-02,second_category,23,xgb_stockout_aware,21,0.39261525003683007,0.5430515814380517,0.7852305000736601,1.0550569422545406,20
2024-06-26 to 2024-07-02,second_category,24,seasonal_naive,7,0.4000000000000001,0.6391959234627742,0.5957446808510639,0.5934300993124523,5
2024-06-26 to 2024-07-02,second_category,24,xgb_observed_sales,7,0.3929991245269776,0.6183355410129512,0.5853178450401794,0.7524343874856124,5
2024-06-26 to 2024-07-02,second_category,24,xgb_stockout_aware,7,0.4674723710332599,0.656338201318919,0.6962354462197488,0.8594277708841547,5
2024-06-26 to 2024-07-02,second_category,25,seasonal_naive,392,0.2817091836734694,0.3817056911992242,0.3473515349773529,0.39234969158484273,205
2024-06-26 to 2024-07-02,second_category,25,xgb_observed_sales,392,0.2245397880308482,0.3043753670651486,0.276860835770296,0.32259349828420014,205
2024-06-26 to 2024-07-02,second_category,25,xgb_stockout_aware,392,0.24460238630218167,0.3275254974174868,0.3015983122497963,0.35421420340040866,205
2024-06-26 to 2024-07-02,second_category,26,seasonal_naive,14,0.17714285714285713,0.21817424229271426,0.3315508021390375,0.3981163677592248,4
2024-06-26 to 2024-07-02,second_category,26,xgb_observed_sales,14,0.1596335623094014,0.18259940222857934,0.29877939469674064,0.3308173975420022,4
2024-06-26 to 2024-07-02,second_category,26,xgb_stockout_aware,14,0.21517265728541785,0.2253236053493591,0.4027295724593383,0.4623136362395631,4
2024-06-26 to 2024-07-02,second_category,27,seasonal_naive,217,0.2925345622119816,0.399813320493752,0.3230698763295842,0.3836975923787767,104
2024-06-26 to 2024-07-02,second_category,27,xgb_observed_sales,217,0.2623894749423875,0.3600992648894748,0.28977818750317114,0.3308200537473417,104
2024-06-26 to 2024-07-02,second_category,27,xgb_stockout_aware,217,0.26600671134786125,0.3683746983297933,0.2937729979260313,0.3387521924555417,104
2024-06-26 to 2024-07-02,second_category,28,seasonal_naive,861,0.7806515679442508,1.3147069293589844,0.5231320631362659,0.6813741559955824,472
2024-06-26 to 2024-07-02,second_category,28,xgb_observed_sales,861,0.626769658437174,1.094850358236184,0.42001235633573575,0.5083892248434975,472
2024-06-26 to 2024-07-02,second_category,28,xgb_stockout_aware,861,0.6119767337019851,1.0867175554255046,0.4100992868508212,0.4918274307667434,472
2024-06-26 to 2024-07-02,second_category,29,seasonal_naive,224,0.33834821428571427,0.43168533927255065,0.5297406863772978,0.6341251589968196,115
2024-06-26 to 2024-07-02,second_category,29,xgb_observed_sales,224,0.24706797418317628,0.3227167480889545,0.3868262124626511,0.46369002769306944,115
2024-06-26 to 2024-07-02,second_category,29,xgb_stockout_aware,224,0.24236858356211868,0.31806464684766494,0.37946853091433974,0.4476650126618044,115
2024-06-26 to 2024-07-02,second_category,30,seasonal_naive,63,0.4603174603174603,0.5690426379538917,0.7142857142857142,0.9119702898219523,52
2024-06-26 to 2024-07-02,second_category,30,xgb_observed_sales,63,0.2707695678112999,0.3372638239704626,0.42015967418994804,0.5606368093409152,52
2024-06-26 to 2024-07-02,second_category,30,xgb_stockout_aware,63,0.27275214654112623,0.3393990584525421,0.42323608946036817,0.545426198366455,52
2024-06-26 to 2024-07-02,second_category,32,seasonal_naive,7,0.3514285714285715,0.4255416716206702,0.9461538461538462,0.820717377860235,4
2024-06-26 to 2024-07-02,second_category,32,xgb_observed_sales,7,0.27281784074647086,0.29084647104229383,0.7345095712404984,0.7664452895786665,4
2024-06-26 to 2024-07-02,second_category,32,xgb_stockout_aware,7,0.27383476836340764,0.28922789802863463,0.7372474532860975,0.7919402275446947,4
2024-06-26 to 2024-07-02,second_category,33,seasonal_naive,490,0.4067142857142857,0.5409490903655786,0.6046970294626332,0.8611771540914003,285
2024-06-26 to 2024-07-02,second_category,33,xgb_observed_sales,490,0.3294404047946541,0.44417585720243746,0.4898073196874124,0.7188276465860526,285
2024-06-26 to 2024-07-02,second_category,33,xgb_stockout_aware,490,0.34678480149045277,0.4443126769817827,0.5155947226092238,0.7038305880625484,285
2024-06-26 to 2024-07-02,second_category,38,seasonal_naive,7,0.32714285714285707,0.37994360483780065,0.36349206349206337,0.6063132367538243,4
2024-06-26 to 2024-07-02,second_category,38,xgb_observed_sales,7,0.35220768621989657,0.46377367703633177,0.3913418735776628,0.39839557784182544,4
2024-06-26 to 2024-07-02,second_category,38,xgb_stockout_aware,7,0.34738084248134066,0.45594185818807487,0.38597871386815624,0.3879764690824427,4
2024-06-26 to 2024-07-02,second_category,43,seasonal_naive,35,0.25885714285714284,0.3389648106472748,0.4237605238540691,0.4445195953383294,14
2024-06-26 to 2024-07-02,second_category,43,xgb_observed_sales,35,0.20590677360125947,0.25818518536023227,0.3370784413491151,0.36340051480876945,14
2024-06-26 to 2024-07-02,second_category,43,xgb_stockout_aware,35,0.2030206392151969,0.2583068104678808,0.33235371246641204,0.35836310147311273,14
2024-06-26 to 2024-07-02,second_category,47,seasonal_naive,49,0.4893877551020409,0.6669761186557903,0.6894767107533066,0.7576618864591949,18
2024-06-26 to 2024-07-02,second_category,47,xgb_observed_sales,49,0.31711587677196584,0.39417864055646945,0.4467704991899461,0.5408645447830167,18
2024-06-26 to 2024-07-02,second_category,47,xgb_stockout_aware,49,0.33124743349698127,0.4207901260865969,0.46667982292559174,0.5295572790375805,18
2024-06-26 to 2024-07-02,second_category,50,seasonal_naive,238,0.9263067226890755,1.453200236915556,0.6425767075015522,0.8035837876100169,129
2024-06-26 to 2024-07-02,second_category,50,xgb_observed_sales,238,0.7060745531468331,1.0071786591654988,0.48980219024494026,0.6928500398908891,129
2024-06-26 to 2024-07-02,second_category,50,xgb_stockout_aware,238,0.7222219104035563,1.0289843734983042,0.5010035724725842,0.6346442577832193,129
2024-06-26 to 2024-07-02,second_category,51,seasonal_naive,7,0.2285714285714286,0.297609523657138,0.34782608695652173,0.33664747950462237,6
2024-06-26 to 2024-07-02,second_category,51,xgb_observed_sales,7,0.18695309843335833,0.20947726418583376,0.284493845442067,0.28902179009453854,6
2024-06-26 to 2024-07-02,second_category,51,xgb_stockout_aware,7,0.16926494325910296,0.18988230737717632,0.25757708756820014,0.2589912198866753,6
2024-06-26 to 2024-07-02,second_category,52,seasonal_naive,21,0.4571428571428572,0.6796357567879738,0.9056603773584906,1.0455165351457805,17
2024-06-26 to 2024-07-02,second_category,52,xgb_observed_sales,21,0.32933378091880255,0.506860660688427,0.6524537169146087,0.7939050391204964,17
2024-06-26 to 2024-07-02,second_category,52,xgb_stockout_aware,21,0.35586674852030625,0.5175440254838755,0.7050190300873991,0.8395703062746692,17
2024-06-26 to 2024-07-02,second_category,53,seasonal_naive,273,0.4427838827838828,0.6250145785845507,0.5661561519366775,0.7578971953558732,134
2024-06-26 to 2024-07-02,second_category,53,xgb_observed_sales,273,0.3716144591831899,0.5047527679683083,0.4751568889373371,0.5934616996769828,134
2024-06-26 to 2024-07-02,second_category,53,xgb_stockout_aware,273,0.4058403129368038,0.56266612804954,0.5189190456266566,0.5754403761335618,134
2024-06-26 to 2024-07-02,second_category,56,seasonal_naive,63,0.7007936507936507,0.9867752514252658,0.44758718572587186,0.4481960148887738,55
2024-06-26 to 2024-07-02,second_category,56,xgb_observed_sales,63,0.4012296552885146,0.5201359231522047,0.2562598163339053,0.28866243982434553,55
2024-06-26 to 2024-07-02,second_category,56,xgb_stockout_aware,63,0.40879457878688025,0.5431699781417224,0.261091428057314,0.2855238416151343,55
2024-06-26 to 2024-07-02,second_category,58,seasonal_naive,98,0.4298979591836736,0.6772460741104072,0.4566937669376695,0.483520915645363,66
2024-06-26 to 2024-07-02,second_category,58,xgb_observed_sales,98,0.3454366792221459,0.5248144972437329,0.3669679627508975,0.39022588540824954,66
2024-06-26 to 2024-07-02,second_category,58,xgb_stockout_aware,98,0.3389492788485119,0.5233761836110684,0.36007619866833784,0.3814237915627589,66
2024-06-26 to 2024-07-02,second_category,59,seasonal_naive,14,0.4428571428571429,0.5756983337031395,1.7222222222222223,1.2759634156692978,12
2024-06-26 to 2024-07-02,second_category,59,xgb_observed_sales,14,0.343351286649704,0.3745046148860311,1.3352550036377375,1.165604465702938,12
2024-06-26 to 2024-07-02,second_category,59,xgb_stockout_aware,14,0.3655099264213017,0.40259316281144036,1.4214274916383955,1.1950072246626924,12
2024-06-26 to 2024-07-02,second_category,60,seasonal_naive,91,0.37571428571428567,0.49409813502275746,0.426256077795786,0.6919373151806505,53
2024-06-26 to 2024-07-02,second_category,60,xgb_observed_sales,91,0.3124156033010273,0.3978403837819565,0.35444233761866956,0.5033757802563076,53
2024-06-26 to 2024-07-02,second_category,60,xgb_stockout_aware,91,0.3147995285345958,0.40052318924651187,0.35714695295659166,0.49458000769730626,53
2024-06-26 to 2024-07-02,second_category,61,seasonal_naive,35,0.20885714285714288,0.27993366561179656,0.3300225733634311,0.3432654371030444,20
2024-06-26 to 2024-07-02,second_category,61,xgb_observed_sales,35,0.16628646441868372,0.2090882604844665,0.26275513565029024,0.2737877345452707,20
2024-06-26 to 2024-07-02,second_category,61,xgb_stockout_aware,35,0.15843726652009146,0.20500041412340478,0.2503523398737336,0.2638750018236494,20
2024-06-26 to 2024-07-02,second_category,64,seasonal_naive,252,0.7896825396825397,1.4413254481965716,0.154895153883276,0.5159268429630803,168
2024-06-26 to 2024-07-02,second_category,64,xgb_observed_sales,252,0.9059531008227477,2.002725158992125,0.1777014659832592,0.39637164252551094,168
2024-06-26 to 2024-07-02,second_category,64,xgb_stockout_aware,252,0.7906759348795528,1.7137115415545614,0.15509000699725026,0.3870054900640127,168
2024-06-26 to 2024-07-02,second_category,65,seasonal_naive,7,0.24285714285714283,0.3184785258515422,0.4358974358974358,0.5140456182472989,5
2024-06-26 to 2024-07-02,second_category,65,xgb_observed_sales,7,0.2115421005657741,0.24279782177469394,0.3796909497334407,0.4671120063985254,5
2024-06-26 to 2024-07-02,second_category,65,xgb_stockout_aware,7,0.22380961350032264,0.26084720825343033,0.4017095626928867,0.48146383995582237,5
2024-06-26 to 2024-07-02,second_category,66,seasonal_naive,7,0.32857142857142857,0.44561354172806344,0.4893617021276596,0.6152806258069415,5
2024-06-26 to 2024-07-02,second_category,66,xgb_observed_sales,7,0.33874473912375314,0.4113317484441045,0.504513441248143,0.6684562902061809,5
2024-06-26 to 2024-07-02,second_category,66,xgb_stockout_aware,7,0.32325087359973365,0.41530398204233154,0.4814374713187523,0.5981279969109926,5
2024-06-26 to 2024-07-02,second_category,67,seasonal_naive,14,0.1642857142857143,0.21876275473019363,0.6388888888888888,0.8119047619047619,7
2024-06-26 to 2024-07-02,second_category,67,xgb_observed_sales,14,0.1804565301963261,0.19912830307794158,0.7017753952079347,0.6033637407863416,7
2024-06-26 to 2024-07-02,second_category,67,xgb_stockout_aware,14,0.19570382024560656,0.21649257663911822,0.7610704120662477,0.6164088088519278,7
2024-06-26 to 2024-07-02,second_category,68,seasonal_naive,84,0.4826190476190476,0.6742014676990988,0.2983295312385017,0.34565102727108526,61
2024-06-26 to 2024-07-02,second_category,68,xgb_observed_sales,84,0.5239966254574911,0.7925934439241117,0.32390695811633863,0.34408118085821254,61
2024-06-26 to 2024-07-02,second_category,68,xgb_stockout_aware,84,0.4771134618350438,0.6952767705328902,0.29492626973392944,0.31991176182809306,61
2024-06-26 to 2024-07-02,second_category,69,seasonal_naive,56,0.31857142857142856,0.39998214245852814,0.5740025740025739,0.679124537281995,50
2024-06-26 to 2024-07-02,second_category,69,xgb_observed_sales,56,0.22924476789576667,0.285862905994205,0.4130536358482282,0.5124242045400881,50
2024-06-26 to 2024-07-02,second_category,69,xgb_stockout_aware,56,0.23229503310152463,0.28346607142820035,0.4185496091919363,0.517458799804827,50
2024-06-26 to 2024-07-02,second_category,70,seasonal_naive,7,0.32857142857142857,0.4735881272643079,0.2584269662921348,0.3099105863081018,6
2024-06-26 to 2024-07-02,second_category,70,xgb_observed_sales,7,0.43929982525961747,0.49694651037601273,0.3455167164963283,0.3939137623434659,6
2024-06-26 to 2024-07-02,second_category,70,xgb_stockout_aware,7,0.44517404181616654,0.48174948519604127,0.35013688682170396,0.3995120101709226,6
2024-06-26 to 2024-07-02,second_category,71,seasonal_naive,84,0.3658333333333333,0.5090104779537122,0.5097876575978765,0.6319776620967964,62
2024-06-26 to 2024-07-02,second_category,71,xgb_observed_sales,84,0.27471109222088536,0.3478895095309775,0.38280908670461794,0.4673520080072097,62
2024-06-26 to 2024-07-02,second_category,71,xgb_stockout_aware,84,0.2809273596462749,0.35003713995543795,0.39147143679971946,0.4742857579086557,62
2024-06-26 to 2024-07-02,second_category,72,seasonal_naive,483,0.6461697722567288,0.8725987459471687,0.6068442543262687,0.6497531061918357,469
2024-06-26 to 2024-07-02,second_category,72,xgb_observed_sales,483,0.4391395819298229,0.5817234544872902,0.4124138014234969,0.5016227321213541,469
2024-06-26 to 2024-07-02,second_category,72,xgb_stockout_aware,483,0.4680761700769883,0.6265093059879675,0.4395893255827053,0.5122507381216052,469
2024-06-26 to 2024-07-02,second_category,73,seasonal_naive,21,0.35714285714285704,0.45825756949558394,0.7575757575757575,0.9465883323026179,15
2024-06-26 to 2024-07-02,second_category,73,xgb_observed_sales,21,0.25574042981579187,0.3246648660301558,0.5424796996092556,0.6006300244360061,15
2024-06-26 to 2024-07-02,second_category,73,xgb_stockout_aware,21,0.24222222751095182,0.3231196510199766,0.5138047250232312,0.5884231476998932,15
2024-06-26 to 2024-07-02,second_category,74,seasonal_naive,56,0.2625,0.3286878675669583,0.38381201044386426,0.48551061443804105,34
2024-06-26 to 2024-07-02,second_category,74,xgb_observed_sales,56,0.24273933502180234,0.3134898921054458,0.35491913214676063,0.4416476546485947,34
2024-06-26 to 2024-07-02,second_category,74,xgb_stockout_aware,56,0.22902158115591323,0.29899385694665337,0.3348618418989854,0.41484673094927843,34
2024-06-26 to 2024-07-02,second_category,75,seasonal_naive,63,0.21111111111111114,0.2881247525220161,0.38439306358381503,0.5082702597597571,38
2024-06-26 to 2024-07-02,second_category,75,xgb_observed_sales,63,0.2139467111182591,0.28259069192085184,0.3895561503020324,0.4651022384267825,38
2024-06-26 to 2024-07-02,second_category,75,xgb_stockout_aware,63,0.18846093917649887,0.24676151756410294,0.343151421043914,0.42496391102934533,38
2024-06-26 to 2024-07-02,second_category,76,seasonal_naive,126,0.4714285714285715,0.6026396959831,0.34315424610052,0.45967887924959294,45
2024-06-26 to 2024-07-02,second_category,76,xgb_observed_sales,126,0.39359776552707426,0.5329139267654925,0.28650097317395357,0.32727321377934154,45
2024-06-26 to 2024-07-02,second_category,76,xgb_stockout_aware,126,0.388105405654226,0.5141265580966051,0.28250306824051113,0.3286559575509176,45
2024-06-26 to 2024-07-02,second_category,77,seasonal_naive,7,0.35714285714285715,0.43260011227790635,0.36231884057971014,0.3422383000022752,6
2024-06-26 to 2024-07-02,second_category,77,xgb_observed_sales,7,0.27808746610369,0.316330321791533,0.2821177192356275,0.3001330255406148,6
2024-06-26 to 2024-07-02,second_category,77,xgb_stockout_aware,7,0.2907427498272487,0.3336376620937647,0.2949564128682233,0.3167092627725661,6
2024-06-26 to 2024-07-02,second_category,78,seasonal_naive,182,0.48296703296703297,0.7338368234944902,0.6000000000000001,0.7336988694546419,94
2024-06-26 to 2024-07-02,second_category,78,xgb_observed_sales,182,0.38554301436294564,0.5539218547002108,0.47896811340652634,0.6918270850630411,94
2024-06-26 to 2024-07-02,second_category,78,xgb_stockout_aware,182,0.39918139723057927,0.5531573315678834,0.49591136038201655,0.7340194732757543,94
2024-06-26 to 2024-07-02,second_category,79,seasonal_naive,175,0.31942857142857145,0.46910248651775754,0.4122418879056048,0.5366684006363414,85
2024-06-26 to 2024-07-02,second_category,79,xgb_observed_sales,175,0.25768694892099925,0.3476942302780109,0.3325605904216436,0.4144872466099631,85
2024-06-26 to 2024-07-02,second_category,79,xgb_stockout_aware,175,0.2636756016697202,0.36099665189265,0.3402893089395357,0.4170318096751459,85
2024-06-26 to 2024-07-02,second_category,80,seasonal_naive,259,0.3563320463320463,0.48290905800280687,0.45413837220745984,0.5015087838709896,156
2024-06-26 to 2024-07-02,second_category,80,xgb_observed_sales,259,0.27998176102932815,0.37407958830299437,0.35683139507231565,0.3925724913579212,156
2024-06-26 to 2024-07-02,second_category,80,xgb_stockout_aware,259,0.27368655067152964,0.36994310736304764,0.3488082699730645,0.38848635523981484,156
2024-06-26 to 2024-07-02,second_category,81,seasonal_naive,28,0.47857142857142854,0.5794085654478071,0.6232558139534883,1.1519553427938518,21
2024-06-26 to 2024-07-02,second_category,81,xgb_observed_sales,28,0.3838733247348241,0.47941554117413937,0.4999280508174453,0.6420894914283916,21
2024-06-26 to 2024-07-02,second_category,81,xgb_stockout_aware,28,0.39093933446066725,0.47531929081858904,0.5091302960417993,0.6497580065980898,21
2024-06-26 to 2024-07-02,third_category,1,seasonal_naive,56,0.8892857142857142,1.183366867398755,0.5750577367205543,0.7590548943740382,28
2024-06-26 to 2024-07-02,third_category,1,xgb_observed_sales,56,0.7067867832524437,0.8870561602391887,0.4570445711563147,0.5946657650505021,28
2024-06-26 to 2024-07-02,third_category,1,xgb_stockout_aware,56,0.7688045982803617,1.0119753441688948,0.4971484700196335,0.5908613954158065,28
2024-06-26 to 2024-07-02,third_category,2,seasonal_naive,63,0.9136507936507938,1.195361405136074,0.5513409961685826,0.7748590934631255,34
2024-06-26 to 2024-07-02,third_category,2,xgb_observed_sales,63,0.710852663479154,0.9230931886149858,0.42896281416845505,0.6224050027326078,34
2024-06-26 to 2024-07-02,third_category,2,xgb_stockout_aware,63,0.7176156339191256,0.9231281269929217,0.4330439170201621,0.5920946076787795,34
2024-06-26 to 2024-07-02,third_category,3,seasonal_naive,7,0.4714285714285714,0.554204706893452,0.4583333333333333,0.5740981240981241,3
2024-06-26 to 2024-07-02,third_category,3,xgb_observed_sales,7,0.21543417487825667,0.3205467596388404,0.20944989224274954,0.22122148586895835,3
2024-06-26 to 2024-07-02,third_category,3,xgb_stockout_aware,7,0.2398872307368687,0.324767687662331,0.23322369654973346,0.2433580118987992,3
2024-06-26 to 2024-07-02,third_category,6,seasonal_naive,77,0.4948051948051949,0.6451618139922466,0.6791443850267382,0.9486689646916419,66
2024-06-26 to 2024-07-02,third_category,6,xgb_observed_sales,77,0.3941017699125526,0.532078461388081,0.5409239979191899,0.703823117669141,66
2024-06-26 to 2024-07-02,third_category,6,xgb_stockout_aware,77,0.3850312512416345,0.5177631097641338,0.5284742664100865,0.6821762032009797,66
2024-06-26 to 2024-07-02,third_category,7,seasonal_naive,175,0.3451428571428572,0.4492533488228791,0.5881207400194742,0.6227443898296349,169
2024-06-26 to 2024-07-02,third_category,7,xgb_observed_sales,175,0.23610426303318569,0.29960829385184773,0.40231982503220537,0.464577044709586,169
2024-06-26 to 2024-07-02,third_category,7,xgb_stockout_aware,175,0.23013847640582494,0.2922964907123409,0.3921541710907435,0.4602924105366427,169
2024-06-26 to 2024-07-02,third_category,9,seasonal_naive,14,0.19999999999999998,0.24784787961282104,0.5384615384615384,0.5320861678004536,8
2024-06-26 to 2024-07-02,third_category,9,xgb_observed_sales,14,0.12428174146584106,0.1515453472421692,0.3346046885618798,0.36205331329444806,8
2024-06-26 to 2024-07-02,third_category,9,xgb_stockout_aware,14,0.1280129100595202,0.14843789710197824,0.344650142467939,0.3778468421479156,8
2024-06-26 to 2024-07-02,third_category,10,seasonal_naive,56,0.24410714285714286,0.30486823851812256,0.4720303867403315,0.6117508661232787,26
2024-06-26 to 2024-07-02,third_category,10,xgb_observed_sales,56,0.19810397700539656,0.242850186808999,0.3830739886844685,0.46873424945649234,26
2024-06-26 to 2024-07-02,third_category,10,xgb_stockout_aware,56,0.19863423189946583,0.2468377590890528,0.38409934345200575,0.46191663916257764,26
2024-06-26 to 2024-07-02,third_category,15,seasonal_naive,28,0.2357142857142857,0.280305955290694,0.9850746268656716,1.1611820718963577,15
2024-06-26 to 2024-07-02,third_category,15,xgb_observed_sales,28,0.21048078952091084,0.24920860354423996,0.8796212099381349,0.8636000752303277,15
2024-06-26 to 2024-07-02,third_category,15,xgb_stockout_aware,28,0.2003074955727373,0.24069996954808578,0.8371059516472603,0.8263227854877405,15
2024-06-26 to 2024-07-02,third_category,16,seasonal_naive,7,0.16,0.20135256924821485,0.21333333333333335,0.2510583486758384,1
2024-06-26 to 2024-07-02,third_category,16,xgb_observed_sales,7,0.16126047713415964,0.17227411805984338,0.21501396951221285,0.234110705728868,1
2024-06-26 to 2024-07-02,third_category,16,xgb_stockout_aware,7,0.11683723756245204,0.1305343778495259,0.15578298341660274,0.1657696213443335,1
2024-06-26 to 2024-07-02,third_category,19,seasonal_naive,21,0.49380952380952386,0.6302267165756418,0.27075718015665795,0.5618951433319599,10
2024-06-26 to 2024-07-02,third_category,19,xgb_observed_sales,21,0.4627240856488545,0.5337621479865617,0.25371294513383663,0.496807571517009,10
2024-06-26 to 2024-07-02,third_category,19,xgb_stockout_aware,21,0.433178584916251,0.5073641152207732,0.2375130622256206,0.45342311946473385,10
2024-06-26 to 2024-07-02,third_category,20,seasonal_naive,14,0.42142857142857154,0.5175491695067657,0.5130434782608697,0.43961244414660566,14
2024-06-26 to 2024-07-02,third_category,20,xgb_observed_sales,14,0.19161911862237116,0.22821264287569923,0.23327544875766923,0.2458366216899139,14
2024-06-26 to 2024-07-02,third_category,20,xgb_stockout_aware,14,0.17945168954985485,0.22980034456095375,0.21846292640851897,0.23173679793233984,14
2024-06-26 to 2024-07-02,third_category,24,seasonal_naive,21,1.5176666666666665,2.025138925275663,0.732515111815946,0.8092444768458842,11
2024-06-26 to 2024-07-02,third_category,24,xgb_observed_sales,21,1.1090728813807171,1.2303173678571144,0.5353037419613196,0.712376093882317,11
2024-06-26 to 2024-07-02,third_category,24,xgb_stockout_aware,21,1.0574762273515976,1.2629881747246101,0.5104001648942413,0.6508340483975307,11
2024-06-26 to 2024-07-02,third_category,29,seasonal_naive,7,0.29999999999999993,0.36449573777637356,1.4999999999999998,1.142857142857143,7
2024-06-26 to 2024-07-02,third_category,29,xgb_observed_sales,7,0.12843903082289868,0.15984116367421847,0.6421951541144933,1.311613595583689,7
2024-06-26 to 2024-07-02,third_category,29,xgb_stockout_aware,7,0.1422032401497875,0.19388138695776125,0.7110162007489376,0.9895583051649195,7
2024-06-26 to 2024-07-02,third_category,30,seasonal_naive,7,0.24285714285714288,0.2803059552906941,0.29310344827586216,0.3688588722202168,2
2024-06-26 to 2024-07-02,third_category,30,xgb_observed_sales,7,0.3179673297064645,0.3399770654226422,0.3837536737836641,0.3628786619811745,2
2024-06-26 to 2024-07-02,third_category,30,xgb_stockout_aware,7,0.32218354088919504,0.4219754201459587,0.38884220452144236,0.3622365835702764,2
2024-06-26 to 2024-07-02,third_category,37,seasonal_naive,7,0.5571428571428572,0.8008923594519873,0.7959183673469387,1.1090909090909091,5
2024-06-26 to 2024-07-02,third_category,37,xgb_observed_sales,7,0.4995396392686026,0.6167611077945727,0.7136280560980037,0.7984604578878914,5
2024-06-26 to 2024-07-02,third_category,37,xgb_stockout_aware,7,0.4485875240394047,0.5918251680858677,0.6408393200562924,0.7236448880038545,5
2024-06-26 to 2024-07-02,third_category,38,seasonal_naive,7,0.5571428571428572,0.6403124237432849,0.9512195121951221,1.1588744588744588,4
2024-06-26 to 2024-07-02,third_category,38,xgb_observed_sales,7,0.36399917176791596,0.4261538691012498,0.6214620005793687,1.0454065810766737,4
2024-06-26 to 2024-07-02,third_category,38,xgb_stockout_aware,7,0.3648077300616673,0.4186694245450356,0.6228424659589441,1.0633422049999048,4
2024-06-26 to 2024-07-02,third_category,44,seasonal_naive,14,0.27142857142857146,0.34641016151377546,0.7450980392156864,1.2140589569160998,13
2024-06-26 to 2024-07-02,third_category,44,xgb_observed_sales,14,0.34315991103649146,0.3849560634840158,0.9420075989237021,0.9101382714770061,13
2024-06-26 to 2024-07-02,third_category,44,xgb_stockout_aware,14,0.31773381701537545,0.35916088321691986,0.8722104780814229,0.9053322893527801,13
2024-06-26 to 2024-07-02,third_category,46,seasonal_naive,7,0.11428571428571428,0.20701966780270628,0.26666666666666666,0.23304473304473303,4
2024-06-26 to 2024-07-02,third_category,46,xgb_observed_sales,7,0.08940274374825614,0.1510785346797838,0.20860640207926434,0.1858722392732049,4
2024-06-26 to 2024-07-02,third_category,46,xgb_stockout_aware,7,0.10468287382807051,0.18378345845546518,0.24426003893216455,0.22349788240630478,4
2024-06-26 to 2024-07-02,third_category,47,seasonal_naive,49,0.4714285714285715,0.5829201646600904,0.7938144329896907,1.0469296743006227,38
2024-06-26 to 2024-07-02,third_category,47,xgb_observed_sales,49,0.29338398186527953,0.36244407684811775,0.49401426499651874,0.6505797200983442,38
2024-06-26 to 2024-07-02,third_category,47,xgb_stockout_aware,49,0.2994094199672037,0.3647130165693065,0.5041601916973533,0.635051741347631,38
2024-06-26 to 2024-07-02,third_category,52,seasonal_naive,28,0.32285714285714284,0.3984613263184127,0.5342789598108747,0.685533540439008,20
2024-06-26 to 2024-07-02,third_category,52,xgb_observed_sales,28,0.33206123539379667,0.39494063434447657,0.549510318618576,0.6269552971332369,20
2024-06-26 to 2024-07-02,third_category,52,xgb_stockout_aware,28,0.3519139850139618,0.4159159128557604,0.5823635685810243,0.675840770338283,20
2024-06-26 to 2024-07-02,third_category,55,seasonal_naive,21,0.3666666666666667,0.42370250120079483,0.5238095238095238,0.9119053558377676,19
2024-06-26 to 2024-07-02,third_category,55,xgb_observed_sales,21,0.3981475404330662,0.4699342828731895,0.568782200618666,0.6669572236883927,19
2024-06-26 to 2024-07-02,third_category,55,xgb_stockout_aware,21,0.39053673488753177,0.4561807093339214,0.5579096212679024,0.6610496742473826,19
2024-06-26 to 2024-07-02,third_category,56,seasonal_naive,7,0.4714285714285714,0.5331845030434721,0.5238095238095238,0.7413782904466134,3
2024-06-26 to 2024-07-02,third_category,56,xgb_observed_sales,7,0.5673824352877481,0.646208904914496,0.630424928097498,0.796578165078711,3
2024-06-26 to 2024-07-02,third_category,56,xgb_stockout_aware,7,0.5398361870220729,0.5988211586284576,0.599817985580081,0.7848343313035228,3
2024-06-26 to 2024-07-02,third_category,57,seasonal_naive,14,0.5357142857142857,0.6912721192534406,0.7281553398058253,1.0564228874573702,14
2024-06-26 to 2024-07-02,third_category,57,xgb_observed_sales,14,0.3242882375206266,0.41933045602404695,0.4407801286688129,0.7106297632808686,14
2024-06-26 to 2024-07-02,third_category,57,xgb_stockout_aware,14,0.2838977321982384,0.35817977052203825,0.38588041269663476,0.6899163008469618,14
2024-06-26 to 2024-07-02,third_category,58,seasonal_naive,28,0.5499999999999999,0.6824326235712106,0.608695652173913,0.7587949421285959,20
2024-06-26 to 2024-07-02,third_category,58,xgb_observed_sales,28,0.3781875831740243,0.49658236472702744,0.4185475228803431,0.4355708153769778,20
2024-06-26 to 2024-07-02,third_category,58,xgb_stockout_aware,28,0.35147574373653956,0.4804932719265891,0.3889850128309528,0.40724516188403065,20
2024-06-26 to 2024-07-02,third_category,59,seasonal_naive,14,0.5092857142857143,0.585106827852829,0.3159060700044307,0.3349569681522016,9
2024-06-26 to 2024-07-02,third_category,59,xgb_observed_sales,14,0.3686697684015548,0.47262992924785274,0.228683064139201,0.2346500254227402,9
2024-06-26 to 2024-07-02,third_category,59,xgb_stockout_aware,14,0.3946845987864904,0.485020161049451,0.24481986632746416,0.255071360979786,9
2024-06-26 to 2024-07-02,third_category,60,seasonal_naive,105,0.46095238095238095,0.5974549195984421,0.35905044510385753,0.473707801466861,36
2024-06-26 to 2024-07-02,third_category,60,xgb_observed_sales,105,0.3570108090695881,0.48216978232133584,0.2780870545423349,0.3252868099518971,36
2024-06-26 to 2024-07-02,third_category,60,xgb_stockout_aware,105,0.3727111528600965,0.49805474219857354,0.2903165508183244,0.3372090880053829,36
2024-06-26 to 2024-07-02,third_category,61,seasonal_naive,14,0.5071428571428571,0.770435869213933,1.0289855072463765,1.2664781031776104,10
2024-06-26 to 2024-07-02,third_category,61,xgb_observed_sales,14,0.342466246017388,0.5561645322660714,0.6948590498903523,0.8679888492688407,10
2024-06-26 to 2024-07-02,third_category,61,xgb_stockout_aware,14,0.38021534149135866,0.5670310289028857,0.7714514175186986,0.9330797126469451,10
2024-06-26 to 2024-07-02,third_category,63,seasonal_naive,7,0.18571428571428575,0.2591193878173865,0.31707317073170743,0.45801842268007675,4
2024-06-26 to 2024-07-02,third_category,63,xgb_observed_sales,7,0.22681005171367102,0.2703616035562569,0.38723667365748715,0.5104595608154766,4
2024-06-26 to 2024-07-02,third_category,63,xgb_stockout_aware,7,0.20777362670217242,0.25488002308732305,0.3547354602232213,0.48597748930943435,4
2024-06-26 to 2024-07-02,third_category,65,seasonal_naive,525,0.8048171428571429,1.0977555986127852,0.6707352499964282,0.839848354215502,430
2024-06-26 to 2024-07-02,third_category,65,xgb_observed_sales,525,0.5689772984418415,0.8333072938680554,0.47418613519819347,0.6340424335475446,430
2024-06-26 to 2024-07-02,third_category,65,xgb_stockout_aware,525,0.5626610598057793,0.8147120522444524,0.46892217687151516,0.6255519985349961,430
2024-06-26 to 2024-07-02,third_category,66,seasonal_naive,336,0.5832440476190476,0.8433029238823802,1.7045316169435505,1.24667987623076,242
2024-06-26 to 2024-07-02,third_category,66,xgb_observed_sales,336,0.31148721669788804,0.5237953604740132,0.9103218649255491,0.9887506179837896,242
2024-06-26 to 2024-07-02,third_category,66,xgb_stockout_aware,336,0.29641664930727396,0.4425651735120632,0.8662781087870232,1.0237642984956221,242
2024-06-26 to 2024-07-02,third_category,67,seasonal_naive,210,0.47619047619047616,0.6370318075335986,0.7168458781362007,0.9765054442918267,182
2024-06-26 to 2024-07-02,third_category,67,xgb_observed_sales,210,0.3374621671810747,0.46615736395809326,0.5080075634983919,0.7137479138892526,182
2024-06-26 to 2024-07-02,third_category,67,xgb_stockout_aware,210,0.32974899765281446,0.454740216774507,0.49639634055262394,0.6833968560941053,182
2024-06-26 to 2024-07-02,third_category,68,seasonal_naive,14,0.4499999999999999,0.7430631582462268,2.6249999999999996,1.1787545787545788,13
2024-06-26 to 2024-07-02,third_category,68,xgb_observed_sales,14,0.2603731461933681,0.33319417089756154,1.5188433527946474,1.205557168521905,13
2024-06-26 to 2024-07-02,third_category,68,xgb_stockout_aware,14,0.26548886703593394,0.3309259570084254,1.5486850577096145,1.2082121202964629,13
2024-06-26 to 2024-07-02,third_category,69,seasonal_naive,7,0.4000000000000001,0.6391959234627742,0.5957446808510639,0.5934300993124523,5
2024-06-26 to 2024-07-02,third_category,69,xgb_observed_sales,7,0.3929991245269776,0.6183355410129512,0.5853178450401794,0.7524343874856124,5
2024-06-26 to 2024-07-02,third_category,69,xgb_stockout_aware,7,0.4674723710332599,0.656338201318919,0.6962354462197488,0.8594277708841547,5
2024-06-26 to 2024-07-02,third_category,72,seasonal_naive,98,0.37959183673469393,0.5002040400003314,0.28994544037412323,0.3549151828737993,69
2024-06-26 to 2024-07-02,third_category,72,xgb_observed_sales,98,0.3388051371185147,0.4654346043711878,0.25879114136877973,0.3057032047384166,69
2024-06-26 to 2024-07-02,third_category,72,xgb_stockout_aware,98,0.33175948116244103,0.43832602498441214,0.25340942442649433,0.2950311069098215,69
2024-06-26 to 2024-07-02,third_category,73,seasonal_naive,7,0.35714285714285715,0.43260011227790635,0.36231884057971014,0.3422383000022752,6
2024-06-26 to 2024-07-02,third_category,73,xgb_observed_sales,7,0.27808746610369,0.316330321791533,0.2821177192356275,0.3001330255406148,6
2024-06-26 to 2024-07-02,third_category,73,xgb_stockout_aware,7,0.2907427498272487,0.3336376620937647,0.2949564128682233,0.3167092627725661,6
2024-06-26 to 2024-07-02,third_category,74,seasonal_naive,21,0.6380952380952382,1.0592000575456753,0.49446494464944646,0.5203571283292157,15
2024-06-26 to 2024-07-02,third_category,74,xgb_observed_sales,21,0.5422605911890666,0.7507818608353679,0.420201934131749,0.4574923580256656,15
2024-06-26 to 2024-07-02,third_category,74,xgb_stockout_aware,21,0.5278385633514041,0.734261927974341,0.4090261930029331,0.43955959647057424,15
2024-06-26 to 2024-07-02,third_category,75,seasonal_naive,14,0.33642857142857147,0.4016128199433593,1.1544117647058825,1.1434961863533293,9
2024-06-26 to 2024-07-02,third_category,75,xgb_observed_sales,14,0.22225538649729318,0.24920501231595557,0.762641032098555,0.9793200469429769,9
2024-06-26 to 2024-07-02,third_category,75,xgb_stockout_aware,14,0.2803769895860127,0.30822845792675646,0.9620779054422005,0.9551667747051138,9
2024-06-26 to 2024-07-02,third_category,76,seasonal_naive,21,0.2952380952380952,0.36774732526300613,0.3229166666666666,0.3388973050934861,16
2024-06-26 to 2024-07-02,third_category,76,xgb_observed_sales,21,0.234021102246784,0.276120418938484,0.25596058058241994,0.26233028043190487,16
2024-06-26 to 2024-07-02,third_category,76,xgb_stockout_aware,21,0.2245573509307135,0.2699234899118668,0.24560960258046785,0.2515569840753876,16
2024-06-26 to 2024-07-02,third_category,77,seasonal_naive,140,0.5315714285714287,0.7516097011462418,0.579504750038935,0.7861214902332607,54
2024-06-26 to 2024-07-02,third_category,77,xgb_observed_sales,140,0.47314906924111505,0.6188525987505977,0.5158142788798951,0.6602831968826044,54
2024-06-26 to 2024-07-02,third_category,77,xgb_stockout_aware,140,0.5426021891321455,0.7112431459782954,0.5915301859406664,0.6513927614693382,54
2024-06-26 to 2024-07-02,third_category,78,seasonal_naive,14,0.4071428571428571,0.478837878916982,0.4956521739130434,0.5275737280558156,12
2024-06-26 to 2024-07-02,third_category,78,xgb_observed_sales,14,0.22419314214161462,0.29491332326171993,0.2729307817376178,0.2810506609473785,12
2024-06-26 to 2024-07-02,third_category,78,xgb_stockout_aware,14,0.24932343108313423,0.30476405360547076,0.3035241769707721,0.3130916511288512,12
2024-06-26 to 2024-07-02,third_category,79,seasonal_naive,42,0.33571428571428574,0.41202172850701063,0.5465116279069768,0.5858843537414966,35
2024-06-26 to 2024-07-02,third_category,79,xgb_observed_sales,42,0.2407342883802595,0.34260733075757266,0.39189302759577127,0.3919884232652143,35
2024-06-26 to 2024-07-02,third_category,79,xgb_stockout_aware,42,0.2583873718976974,0.35403147282949204,0.42063060541485625,0.43852194402820477,35
2024-06-26 to 2024-07-02,third_category,81,seasonal_naive,154,1.6631233766233764,2.433938288229406,0.6451410579345088,0.8530385463882052,74
2024-06-26 to 2024-07-02,third_category,81,xgb_observed_sales,154,1.1918065390223032,1.8066127508855705,0.4623128640036139,0.5876996872336919,74
2024-06-26 to 2024-07-02,third_category,81,xgb_stockout_aware,154,1.1685200081630185,1.8662256194364724,0.45327980165517595,0.5581497224904536,74
2024-06-26 to 2024-07-02,third_category,82,seasonal_naive,168,0.47023809523809523,0.7333874438911147,0.6677937447168216,0.7663144911448049,86
2024-06-26 to 2024-07-02,third_category,82,xgb_observed_sales,168,0.3821993327300463,0.5557019942766683,0.5427682831669297,0.7312212035682043,86
2024-06-26 to 2024-07-02,third_category,82,xgb_stockout_aware,168,0.4009123002711152,0.5602531518507354,0.5693429116276192,0.7791470795588159,86
2024-06-26 to 2024-07-02,third_category,83,seasonal_naive,91,0.34384615384615386,0.44110376043798066,1.2372479240806644,1.2229130227190992,32
2024-06-26 to 2024-07-02,third_category,83,xgb_observed_sales,91,0.2768196231323284,0.33061977939421133,0.9960690274828741,1.1540137944297408,32
2024-06-26 to 2024-07-02,third_category,83,xgb_stockout_aware,91,0.3219686972832942,0.378611193623887,1.1585271432494968,1.145477608922729,32
2024-06-26 to 2024-07-02,third_category,85,seasonal_naive,14,0.5714285714285714,0.7319250547113999,0.5228758169934641,0.5357599206027275,14
2024-06-26 to 2024-07-02,third_category,85,xgb_observed_sales,14,0.38397355505398334,0.45752567058715543,0.3513483510297887,0.33502756620405927,14
2024-06-26 to 2024-07-02,third_category,85,xgb_stockout_aware,14,0.4024808738912854,0.4540318149452332,0.3682831525802612,0.3514569903871959,14
2024-06-26 to 2024-07-02,third_category,86,seasonal_naive,84,0.2904761904761905,0.3944133678793161,0.48586220629231386,0.5683205707987701,56
2024-06-26 to 2024-07-02,third_category,86,xgb_observed_sales,84,0.21716349286692485,0.2769012400212293,0.3632364277344024,0.42235149515981,56
2024-06-26 to 2024-07-02,third_category,86,xgb_stockout_aware,84,0.2109270708050047,0.26660338446098725,0.3528051363524571,0.4164340969210221,56
2024-06-26 to 2024-07-02,third_category,88,seasonal_naive,21,0.24095238095238095,0.3237724068363014,0.3446866485013624,0.3551998065643634,12
2024-06-26 to 2024-07-02,third_category,88,xgb_observed_sales,21,0.20260191213516965,0.26983763571492175,0.2898256236266051,0.3096300431170708,12
2024-06-26 to 2024-07-02,third_category,88,xgb_stockout_aware,21,0.21108106283914477,0.27975304325632044,0.30195519888433514,0.3267243671585765,12
2024-06-26 to 2024-07-02,third_category,92,seasonal_naive,14,0.2857142857142857,0.36055512754639896,0.5970149253731343,0.5784992784992785,2
2024-06-26 to 2024-07-02,third_category,92,xgb_observed_sales,14,0.21086406580039432,0.23964651129614947,0.44061148077694334,0.44405622234631775,2
2024-06-26 to 2024-07-02,third_category,92,xgb_stockout_aware,14,0.19093000377927502,0.2222911897005035,0.3989582168522165,0.4058212029449172,2
2024-06-26 to 2024-07-02,third_category,94,seasonal_naive,91,0.2887912087912088,0.38089541698649865,0.30772833723653403,0.3689972857686418,44
2024-06-26 to 2024-07-02,third_category,94,xgb_observed_sales,91,0.2200822226424794,0.29065188128159136,0.23451384379936335,0.33163960013340305,44
2024-06-26 to 2024-07-02,third_category,94,xgb_stockout_aware,91,0.23526304368789377,0.32133686381294985,0.25069012851988687,0.3394305077641283,44
2024-06-26 to 2024-07-02,third_category,95,seasonal_naive,14,0.17714285714285713,0.21817424229271426,0.3315508021390375,0.3981163677592248,4
2024-06-26 to 2024-07-02,third_category,95,xgb_observed_sales,14,0.1596335623094014,0.18259940222857934,0.29877939469674064,0.3308173975420022,4
2024-06-26 to 2024-07-02,third_category,95,xgb_stockout_aware,14,0.21517265728541785,0.2253236053493591,0.4027295724593383,0.4623136362395631,4
2024-06-26 to 2024-07-02,third_category,97,seasonal_naive,7,0.13142857142857145,0.16492422502470644,0.2804878048780488,0.32154851950770313,6
2024-06-26 to 2024-07-02,third_category,97,xgb_observed_sales,7,0.18606552464621412,0.20513860847297805,0.3970910586961886,0.42357581248250836,6
2024-06-26 to 2024-07-02,third_category,97,xgb_stockout_aware,7,0.20814021979059497,0.2458881770920558,0.4442016885774892,0.49832964002006974,6
2024-06-26 to 2024-07-02,third_category,98,seasonal_naive,112,0.3358035714285714,0.45262626494082925,0.3355938252877666,0.3693499406599064,47
2024-06-26 to 2024-07-02,third_category,98,xgb_observed_sales,112,0.29657222299703534,0.40644060447196556,0.2963869811338267,0.31928956369540373,47
2024-06-26 to 2024-07-02,third_category,98,xgb_stockout_aware,112,0.28833969207746646,0.4020601591313063,0.2881595923322588,0.3167576546188032,47
2024-06-26 to 2024-07-02,third_category,99,seasonal_naive,28,0.20642857142857143,0.28387623057542927,0.2236842105263158,0.28073061441705577,13
2024-06-26 to 2024-07-02,third_category,99,xgb_observed_sales,28,0.23199247956275942,0.3494177621430019,0.25138503977388793,0.2495199126664931,13
2024-06-26 to 2024-07-02,third_category,99,xgb_stockout_aware,28,0.2661049209322248,0.3644869984769557,0.28834898553027455,0.30274582533456623,13
2024-06-26 to 2024-07-02,third_category,100,seasonal_naive,63,0.2346031746031746,0.3199801581150018,0.2848882035466462,0.3406141338788181,36
2024-06-26 to 2024-07-02,third_category,100,xgb_observed_sales,63,0.216696969062563,0.3053758019217773,0.26314396782847865,0.28704445913696636,36
2024-06-26 to 2024-07-02,third_category,100,xgb_stockout_aware,63,0.23167046399343585,0.32216831986613503,0.28132689343844375,0.31486640357048357,36
2024-06-26 to 2024-07-02,third_category,101,seasonal_naive,56,0.18464285714285714,0.22988351087328682,0.2804448060754,0.3650185664824243,29
2024-06-26 to 2024-07-02,third_category,101,xgb_observed_sales,56,0.15139393670218332,0.18616793740736,0.22994468281318864,0.2673221012032708,29
2024-06-26 to 2024-07-02,third_category,101,xgb_stockout_aware,56,0.19552704140543936,0.2417987073076239,0.2969762494902252,0.35231885617093656,29
2024-06-26 to 2024-07-02,third_category,103,seasonal_naive,98,0.31204081632653063,0.43821996154200643,0.4438316400580553,0.45210218365300486,47
2024-06-26 to 2024-07-02,third_category,103,xgb_observed_sales,98,0.23333778145361922,0.32494104467902657,0.33188828131284026,0.3648287848413342,47
2024-06-26 to 2024-07-02,third_category,103,xgb_stockout_aware,98,0.249093440430505,0.3382235119919125,0.35429836229592887,0.39870423306340397,47
2024-06-26 to 2024-07-02,third_category,104,seasonal_naive,35,0.29057142857142854,0.38177405434553646,0.3475734791524264,0.519590117753302,15
2024-06-26 to 2024-07-02,third_category,104,xgb_observed_sales,35,0.2505159818104336,0.31475107183137907,0.2996602653234851,0.4279625404651851,15
2024-06-26 to 2024-07-02,third_category,104,xgb_stockout_aware,35,0.2679197165625436,0.3537419092851515,0.3204781298595019,0.4202136440133038,15
2024-06-26 to 2024-07-02,third_category,105,seasonal_naive,84,0.32702380952380955,0.4192240564707726,0.3995636363636364,0.4201946415229816,57
2024-06-26 to 2024-07-02,third_category,105,xgb_observed_sales,84,0.25096433814082825,0.3124527809455438,0.3066327913284302,0.34572647992990424,57
2024-06-26 to 2024-07-02,third_category,105,xgb_stockout_aware,84,0.2536607758487974,0.32117732896963264,0.30992734794616705,0.34594068262396377,57
2024-06-26 to 2024-07-02,third_category,106,seasonal_naive,35,0.2851428571428571,0.38222655959148477,0.310323383084577,0.3519561509626766,15
2024-06-26 to 2024-07-02,third_category,106,xgb_observed_sales,35,0.25914736509323116,0.36728466960024525,0.28203226922459856,0.2721887789902598,15
2024-06-26 to 2024-07-02,third_category,106,xgb_stockout_aware,35,0.2958881147589002,0.40654957812948433,0.32201753782840503,0.3321434368816473,15
2024-06-26 to 2024-07-02,third_category,109,seasonal_naive,49,0.4422448979591837,0.5962347846002839,0.46592130724575365,0.439837032016551,33
2024-06-26 to 2024-07-02,third_category,109,xgb_observed_sales,49,0.3806796745864713,0.4878697876527359,0.4010600742794473,0.4140700748695388,33
2024-06-26 to 2024-07-02,third_category,109,xgb_stockout_aware,49,0.35285481258314483,0.4710686537893737,0.37174555615080834,0.38354283666560873,33
2024-06-26 to 2024-07-02,third_category,110,seasonal_naive,56,0.29250000000000004,0.37297069973007646,0.3928999760134326,0.41699994451165695,33
2024-06-26 to 2024-07-02,third_category,110,xgb_observed_sales,56,0.21283019306404252,0.27386274556617646,0.28588368461468894,0.30647600915366346,33
2024-06-26 to 2024-07-02,third_category,110,xgb_stockout_aware,56,0.22326049070273127,0.29832057939777246,0.29989415877555653,0.3167631111069076,33
2024-06-26 to 2024-07-02,third_category,111,seasonal_naive,7,0.62,0.6731164195632984,0.44285714285714284,0.6455319237927933,4
2024-06-26 to 2024-07-02,third_category,111,xgb_observed_sales,7,0.5828967997006007,0.7155748866393205,0.4163548569290005,0.5632843108054814,4
2024-06-26 to 2024-07-02,third_category,111,xgb_stockout_aware,7,0.6454627820423671,0.7800643941545597,0.4610448443159764,0.6034539256402601,4
2024-06-26 to 2024-07-02,third_category,112,seasonal_naive,63,0.4047619047619049,0.5484610504033298,0.4636363636363638,0.5195097166266078,30
2024-06-26 to 2024-07-02,third_category,112,xgb_observed_sales,63,0.3114519085959782,0.4054285806331169,0.35675400439175686,0.3937090366893115,30
2024-06-26 to 2024-07-02,third_category,112,xgb_stockout_aware,63,0.29930523660447866,0.38543085332335797,0.3428405437469483,0.394936367740678,30
2024-06-26 to 2024-07-02,third_category,113,seasonal_naive,154,0.37116883116883115,0.464327470649756,0.5259961350878807,0.6598576303189989,68
2024-06-26 to 2024-07-02,third_category,113,xgb_observed_sales,154,0.2654615263582824,0.34672083398940096,0.37619467248712146,0.45388474165114767,68
2024-06-26 to 2024-07-02,third_category,113,xgb_stockout_aware,154,0.26082570513347525,0.34187350522591375,0.36962509055447856,0.4367123484120477,68
2024-06-26 to 2024-07-02,third_category,114,seasonal_naive,35,0.30771428571428583,0.3857793595900567,0.6487951807228916,0.6522266902098833,25
2024-06-26 to 2024-07-02,third_category,114,xgb_observed_sales,35,0.2038325381278992,0.24968401067456292,0.42976739966725724,0.49193840176553527,25
2024-06-26 to 2024-07-02,third_category,114,xgb_stockout_aware,35,0.20987589291163858,0.25719017249449544,0.4425094127655029,0.4972857100439563,25
2024-06-26 to 2024-07-02,third_category,115,seasonal_naive,7,0.2914285714285714,0.45694638635183454,1.1333333333333333,0.6804421768707483,3
2024-06-26 to 2024-07-02,third_category,115,xgb_observed_sales,7,0.17759576184409004,0.25019790575017653,0.690650184949239,0.5792838745750336,3
2024-06-26 to 2024-07-02,third_category,115,xgb_stockout_aware,7,0.17837972896439688,0.24309633530568484,0.6936989459726545,0.5970321880189371,3
2024-06-26 to 2024-07-02,third_category,116,seasonal_naive,21,0.18000000000000002,0.2382875413884502,0.2885496183206107,0.34153254153254153,14
2024-06-26 to 2024-07-02,third_category,116,xgb_observed_sales,21,0.21193322454180033,0.28588378392659164,0.3397402836166265,0.36236679013247886,14
2024-06-26 to 2024-07-02,third_category,116,xgb_stockout_aware,21,0.19530510959171116,0.2702133918730698,0.3130845268264072,0.33544893429872596,14
2024-06-26 to 2024-07-02,third_category,117,seasonal_naive,7,0.29142857142857137,0.31112698372208086,0.7034482758620688,0.8089639683624644,5
2024-06-26 to 2024-07-02,third_category,117,xgb_observed_sales,7,0.23346346787043976,0.26160971752933093,0.5635325086527857,0.7265403160528275,5
2024-06-26 to 2024-07-02,third_category,117,xgb_stockout_aware,7,0.20395463875361847,0.2389631433885733,0.49230430043976875,0.6278011989777967,5
2024-06-26 to 2024-07-02,third_category,119,seasonal_naive,7,0.22285714285714284,0.2461126339126632,0.8297872340425531,0.7846495119787046,6
2024-06-26 to 2024-07-02,third_category,119,xgb_observed_sales,7,0.1359582370519638,0.1548288317527524,0.5062274783849715,0.5070030345864599,6
2024-06-26 to 2024-07-02,third_category,119,xgb_stockout_aware,7,0.12147373139858246,0.1448354993129533,0.45229580839897726,0.48399316843653456,6
2024-06-26 to 2024-07-02,third_category,121,seasonal_naive,21,0.2761904761904762,0.35989416433697496,0.5576923076923076,0.5118704047275476,12
2024-06-26 to 2024-07-02,third_category,121,xgb_observed_sales,21,0.16756644334111898,0.21503835425116957,0.3383553182849517,0.36754221191846753,12
2024-06-26 to 2024-07-02,third_category,121,xgb_stockout_aware,21,0.1632373460701534,0.20365964935584652,0.3296138718724251,0.3663633105354884,12
2024-06-26 to 2024-07-02,third_category,122,seasonal_naive,7,0.3514285714285715,0.4255416716206702,0.9461538461538462,0.820717377860235,4
2024-06-26 to 2024-07-02,third_category,122,xgb_observed_sales,7,0.27281784074647086,0.29084647104229383,0.7345095712404984,0.7664452895786665,4
2024-06-26 to 2024-07-02,third_category,122,xgb_stockout_aware,7,0.27383476836340764,0.28922789802863463,0.7372474532860975,0.7919402275446947,4
2024-06-26 to 2024-07-02,third_category,123,seasonal_naive,154,0.39623376623376627,0.5486429539409861,0.42419186652763297,0.630999562549708,95
2024-06-26 to 2024-07-02,third_category,123,xgb_observed_sales,154,0.3250718631334119,0.4727600316406233,0.3480088072474483,0.45642590304481434,95
2024-06-26 to 2024-07-02,third_category,123,xgb_stockout_aware,154,0.33189832324331453,0.46894075986844846,0.35531693972520295,0.4596174915369279,95
2024-06-26 to 2024-07-02,third_category,127,seasonal_naive,63,0.5606349206349205,0.7586642396814472,0.28995977341761753,0.31052982657225026,48
2024-06-26 to 2024-07-02,third_category,127,xgb_observed_sales,63,0.6177662905435714,0.8977936958510525,0.3195080560236844,0.31493773499172134,48
2024-06-26 to 2024-07-02,third_category,127,xgb_stockout_aware,63,0.5602859453927904,0.7842970425605688,0.28977928380055656,0.29197450587051993,48
2024-06-26 to 2024-07-02,third_category,128,seasonal_naive,84,0.39047619047619053,0.5871642911161278,0.39613526570048313,0.5564551185022931,36
2024-06-26 to 2024-07-02,third_category,128,xgb_observed_sales,84,0.3088609940416756,0.4117416169988486,0.31333724033213467,0.4028587925915563,36
2024-06-26 to 2024-07-02,third_category,128,xgb_stockout_aware,84,0.31632452220434226,0.42609454398599783,0.32090893556962263,0.40650237080901713,36
2024-06-26 to 2024-07-02,third_category,131,seasonal_naive,84,0.37940476190476197,0.49102540909911413,0.5256473692891309,0.7480740249498268,45
2024-06-26 to 2024-07-02,third_category,131,xgb_observed_sales,84,0.3141156157780261,0.4084916724530464,0.43519234249305944,0.5228404532807106,45
2024-06-26 to 2024-07-02,third_category,131,xgb_stockout_aware,84,0.301014083183947,0.3967103460966127,0.4170407881816188,0.49279505315569483,45
2024-06-26 to 2024-07-02,third_category,133,seasonal_naive,14,0.27214285714285713,0.34982648760288493,0.7485265225933201,0.6549517080572981,12
2024-06-26 to 2024-07-02,third_category,133,xgb_observed_sales,14,0.18906820740018573,0.23607189246091956,0.5200304329278193,0.4941133637682678,12
2024-06-26 to 2024-07-02,third_category,133,xgb_stockout_aware,14,0.1805978330544063,0.22367784271861263,0.4967327431751843,0.47822589470977345,12
2024-06-26 to 2024-07-02,third_category,135,seasonal_naive,7,0.10999999999999999,0.1458472782448427,0.18075117370892013,0.19670605084138917,4
2024-06-26 to 2024-07-02,third_category,135,xgb_observed_sales,7,0.11528468336377827,0.14189252753279494,0.18943492571512857,0.18841864119747082,4
2024-06-26 to 2024-07-02,third_category,135,xgb_stockout_aware,7,0.10761837584631784,0.13256140939070143,0.17683770678972413,0.17674208891811313,4
2024-06-26 to 2024-07-02,third_category,139,seasonal_naive,28,0.30714285714285705,0.38452196667699345,0.5931034482758619,0.7821484537871092,28
2024-06-26 to 2024-07-02,third_category,139,xgb_observed_sales,28,0.250665693623679,0.30212245763261264,0.4840440980319319,0.6200136192145453,28
2024-06-26 to 2024-07-02,third_category,139,xgb_stockout_aware,28,0.25226604299885885,0.29909740943188734,0.4871344278598654,0.6267121110172138,28
2024-06-26 to 2024-07-02,third_category,140,seasonal_naive,49,0.4893877551020409,0.6669761186557903,0.6894767107533066,0.7576618864591949,18
2024-06-26 to 2024-07-02,third_category,140,xgb_observed_sales,49,0.31711587677196584,0.39417864055646945,0.4467704991899461,0.5408645447830167,18
2024-06-26 to 2024-07-02,third_category,140,xgb_stockout_aware,49,0.33124743349698127,0.4207901260865969,0.46667982292559174,0.5295572790375805,18
2024-06-26 to 2024-07-02,third_category,142,seasonal_naive,63,0.5123809523809524,0.6502722262667907,0.5450861195542047,0.7162456394043384,38
2024-06-26 to 2024-07-02,third_category,142,xgb_observed_sales,63,0.35682021381363044,0.4806451570155,0.37959597214216007,0.4535680371751534,38
2024-06-26 to 2024-07-02,third_category,142,xgb_stockout_aware,63,0.3417342741527255,0.45352857260845886,0.363547100162474,0.4404803687504611,38
2024-06-26 to 2024-07-02,third_category,143,seasonal_naive,14,0.2928571428571428,0.4008918628686366,0.8541666666666666,0.8979730353679933,11
2024-06-26 to 2024-07-02,third_category,143,xgb_observed_sales,14,0.19242793555770601,0.2273533696668303,0.5612481453766426,0.7132409179119542,11
2024-06-26 to 2024-07-02,third_category,143,xgb_stockout_aware,14,0.17183122847761426,0.2066651734321996,0.5011744163930416,0.6560517660816495,11
2024-06-26 to 2024-07-02,third_category,147,seasonal_naive,7,0.49999999999999994,0.7299706452023553,0.7446808510638298,0.482070359308211,7
2024-06-26 to 2024-07-02,third_category,147,xgb_observed_sales,7,0.1876799208777292,0.22258851387062636,0.27952328641363927,0.281131450593865,7
2024-06-26 to 2024-07-02,third_category,147,xgb_stockout_aware,7,0.16205120086669922,0.19463594079582774,0.24135285235465845,0.25145842545115643,7
2024-06-26 to 2024-07-02,third_category,149,seasonal_naive,126,1.2468253968253966,1.6732489069955805,0.388092885375494,0.5068272297386107,81
2024-06-26 to 2024-07-02,third_category,149,xgb_observed_sales,126,1.2596788181672018,1.7817274713768747,0.39209370328326937,0.47045834347121485,81
2024-06-26 to 2024-07-02,third_category,149,xgb_stockout_aware,126,1.151740543426029,1.632490483857235,0.3584963153944656,0.4304050906315392,81
2024-06-26 to 2024-07-02,third_category,150,seasonal_naive,7,0.34285714285714286,0.41747540560578456,0.32,0.4378716521573665,6
2024-06-26 to 2024-07-02,third_category,150,xgb_observed_sales,7,0.44198175498417447,0.5550836940945146,0.41251630465189615,0.499840179533463,6
2024-06-26 to 2024-07-02,third_category,150,xgb_stockout_aware,7,0.433384006364005,0.557260456282846,0.4044917392730713,0.4999967218688581,6
2024-06-26 to 2024-07-02,third_category,151,seasonal_naive,14,0.5499999999999999,0.664938235584973,1.0,1.7142857142857142,12
2024-06-26 to 2024-07-02,third_category,151,xgb_observed_sales,14,0.26306455433368686,0.3111697191540069,0.4782991896976125,0.635969810550696,12
2024-06-26 to 2024-07-02,third_category,151,xgb_stockout_aware,14,0.29526857222829545,0.3424819095510386,0.5368519495059918,0.6571004866099891,12
2024-06-26 to 2024-07-02,third_category,152,seasonal_naive,7,1.257142857142857,1.4202615453298935,1.0864197530864197,1.2714739229024943,7
2024-06-26 to 2024-07-02,third_category,152,xgb_observed_sales,7,0.6621447460991996,0.8433100666003449,0.5722238546536292,0.7499601416785148,7
2024-06-26 to 2024-07-02,third_category,152,xgb_stockout_aware,7,0.6468680160386222,0.8158989412073179,0.5590217422555994,0.7487465861706958,7
2024-06-26 to 2024-07-02,third_category,153,seasonal_naive,7,0.2285714285714286,0.297609523657138,0.34782608695652173,0.33664747950462237,6
2024-06-26 to 2024-07-02,third_category,153,xgb_observed_sales,7,0.18695309843335833,0.20947726418583376,0.284493845442067,0.28902179009453854,6
2024-06-26 to 2024-07-02,third_category,153,xgb_stockout_aware,7,0.16926494325910296,0.18988230737717632,0.25757708756820014,0.2589912198866753,6
2024-06-26 to 2024-07-02,third_category,154,seasonal_naive,413,0.6815980629539952,0.9121854660403256,0.598299681190223,0.6308784756771163,404
2024-06-26 to 2024-07-02,third_category,154,xgb_observed_sales,413,0.4636526599057361,0.6071900065284348,0.4069894761765546,0.4685043539967196,404
2024-06-26 to 2024-07-02,third_category,154,xgb_stockout_aware,413,0.4958337995821281,0.6576566651194112,0.43523774543553423,0.4820151989577126,404
2024-06-26 to 2024-07-02,third_category,156,seasonal_naive,91,0.2895604395604396,0.3670359445822502,0.47298510141805783,0.6548760517686768,51
2024-06-26 to 2024-07-02,third_category,156,xgb_observed_sales,91,0.23636318597164785,0.2994977434523161,0.3860895696180211,0.47987838418125983,51
2024-06-26 to 2024-07-02,third_category,156,xgb_stockout_aware,91,0.231467035982635,0.2930335683678899,0.37809190943133697,0.451923480221215,51
2024-06-26 to 2024-07-02,third_category,157,seasonal_naive,14,0.6357142857142856,0.7392080704568718,0.31560283687943264,0.3423114091726869,8
2024-06-26 to 2024-07-02,third_category,157,xgb_observed_sales,14,0.42566719395773756,0.5320958533685289,0.2113241388442669,0.2190976630010833,8
2024-06-26 to 2024-07-02,third_category,157,xgb_stockout_aware,14,0.37841056074414936,0.4595392313728143,0.18786339895099616,0.19248819787901522,8
2024-06-26 to 2024-07-02,third_category,158,seasonal_naive,7,0.17142857142857143,0.22038926600773587,0.3636363636363636,0.44421768707482995,3
2024-06-26 to 2024-07-02,third_category,158,xgb_observed_sales,7,0.15608707836696079,0.19312340318083163,0.33109380259658344,0.374687719754116,3
2024-06-26 to 2024-07-02,third_category,158,xgb_stockout_aware,7,0.17524607181549073,0.19938934768119224,0.3717340917298288,0.4335285317962594,3
2024-06-26 to 2024-07-02,third_category,159,seasonal_naive,14,0.25285714285714284,0.3390322361411333,0.6968503937007875,0.6246275134979454,10
2024-06-26 to 2024-07-02,third_category,159,xgb_observed_sales,14,0.19145454219409394,0.2394589255897457,0.5276306280939598,0.5286189187838836,10
2024-06-26 to 2024-07-02,third_category,159,xgb_stockout_aware,14,0.1753246153252465,0.22273842411218586,0.48317807373099436,0.5033193260560289,10
2024-06-26 to 2024-07-02,third_category,160,seasonal_naive,14,0.47285714285714286,0.5875129177911143,0.7290748898678414,0.8552875695732839,10
2024-06-26 to 2024-07-02,third_category,160,xgb_observed_sales,14,0.33903939604759203,0.41208870647358564,0.5227479674742608,0.5898368329287159,10
2024-06-26 to 2024-07-02,third_category,160,xgb_stockout_aware,14,0.37215717145374827,0.45700629834193773,0.573810616778907,0.610754046302528,10
2024-06-26 to 2024-07-02,third_category,161,seasonal_naive,21,0.26666666666666666,0.34914862437758787,0.35220125786163514,0.37912542997672705,15
2024-06-26 to 2024-07-02,third_category,161,xgb_observed_sales,21,0.250106930732727,0.311401700766987,0.33032990851492244,0.35895451782279836,15
2024-06-26 to 2024-07-02,third_category,161,xgb_stockout_aware,21,0.24714033149537587,0.3041228079918987,0.3264117585787983,0.3594543033953704,15
2024-06-26 to 2024-07-02,third_category,165,seasonal_naive,14,0.4428571428571429,0.5756983337031395,1.7222222222222223,1.2759634156692978,12
2024-06-26 to 2024-07-02,third_category,165,xgb_observed_sales,14,0.343351286649704,0.3745046148860311,1.3352550036377375,1.165604465702938,12
2024-06-26 to 2024-07-02,third_category,165,xgb_stockout_aware,14,0.3655099264213017,0.40259316281144036,1.4214274916383955,1.1950072246626924,12
2024-06-26 to 2024-07-02,third_category,166,seasonal_naive,56,0.7276785714285714,1.0273466169840495,0.45972472924187724,0.4590347785494047,48
2024-06-26 to 2024-07-02,third_category,166,xgb_observed_sales,56,0.4092356351017952,0.5363928031163852,0.2585423687466215,0.29480711457315384,48
2024-06-26 to 2024-07-02,third_category,166,xgb_stockout_aware,56,0.4226438387376921,0.5649241766434975,0.2670132555202026,0.2947106403236906,48
2024-06-26 to 2024-07-02,third_category,167,seasonal_naive,28,0.4035714285714285,0.6020797289396148,0.6726190476190476,0.8022540991395274,11
2024-06-26 to 2024-07-02,third_category,167,xgb_observed_sales,28,0.3316094587956156,0.4674345770887395,0.552682431326026,0.5998070209522293,11
2024-06-26 to 2024-07-02,third_category,167,xgb_stockout_aware,28,0.35591260365077426,0.5264896490810757,0.5931876727512904,0.5778569427522663,11
2024-06-26 to 2024-07-02,third_category,168,seasonal_naive,28,0.2621428571428572,0.32376137597222526,0.5373352855051245,0.6351878258613268,13
2024-06-26 to 2024-07-02,third_category,168,xgb_observed_sales,28,0.19028901768582207,0.2294148440040487,0.3900506951100306,0.4751994441960152,13
2024-06-26 to 2024-07-02,third_category,168,xgb_stockout_aware,28,0.19478000628096717,0.2419419135319753,0.39925623542218747,0.46813724358092673,13
2024-06-26 to 2024-07-02,third_category,169,seasonal_naive,7,0.35714285714285715,0.4456135417280635,0.6756756756756757,0.603593399082121,7
2024-06-26 to 2024-07-02,third_category,169,xgb_observed_sales,7,0.30306885072163176,0.3899810433329417,0.5733735013652492,0.6457374188238071,7
2024-06-26 to 2024-07-02,third_category,169,xgb_stockout_aware,7,0.30716956257820127,0.40063334791905747,0.581131604877678,0.6525514935301179,7
2024-06-26 to 2024-07-02,third_category,170,seasonal_naive,56,0.3723214285714286,0.4833864913296606,0.3773072747014115,0.4341926854051485,38
2024-06-26 to 2024-07-02,third_category,170,xgb_observed_sales,56,0.3237487333480801,0.40413754113809514,0.32808413079067106,0.4081881236827388,38
2024-06-26 to 2024-07-02,third_category,170,xgb_stockout_aware,56,0.3123696092835494,0.3839835071093108,0.3165526261288231,0.3887324724390531,38
2024-06-26 to 2024-07-02,third_category,172,seasonal_naive,77,0.37311688311688324,0.5270464135898489,0.4409823484267077,0.473474675822494,51
2024-06-26 to 2024-07-02,third_category,172,xgb_observed_sales,77,0.2917574305038948,0.44364229894676066,0.34482459169301455,0.37188048378531796,51
2024-06-26 to 2024-07-02,third_category,172,xgb_stockout_aware,77,0.28743401943863217,0.448988264412357,0.3397148042482682,0.36556857204244564,51
2024-06-26 to 2024-07-02,third_category,174,seasonal_naive,21,0.2542857142857143,0.30601898478300177,0.3492478744277306,0.4136062187934457,13
2024-06-26 to 2024-07-02,third_category,174,xgb_observed_sales,21,0.22567657953216916,0.2912728307545309,0.3099547527910761,0.33137010633985386,13
2024-06-26 to 2024-07-02,third_category,174,xgb_stockout_aware,21,0.2167596968582698,0.26624325892095463,0.29770788973339873,0.32086906694900436,13
2024-06-26 to 2024-07-02,third_category,177,seasonal_naive,56,0.32821428571428574,0.42729213827143064,0.6471830985915494,0.8930025958297813,28
2024-06-26 to 2024-07-02,third_category,177,xgb_observed_sales,56,0.2265345778422696,0.2896532149454891,0.4466878999706725,0.6877129107713201,28
2024-06-26 to 2024-07-02,third_category,177,xgb_stockout_aware,56,0.26336184544222696,0.3267622251394556,0.51930504735087,0.6951502216289516,28
2024-06-26 to 2024-07-02,third_category,179,seasonal_naive,35,0.3891428571428572,0.5463750674085653,0.3891428571428572,0.530634789181529,14
2024-06-26 to 2024-07-02,third_category,179,xgb_observed_sales,35,0.33260261705943517,0.45160941545240463,0.33260261705943517,0.37994721672621684,14
2024-06-26 to 2024-07-02,third_category,179,xgb_stockout_aware,35,0.3356196776458195,0.4574026741753956,0.3356196776458195,0.3837552371093533,14
2024-06-26 to 2024-07-02,third_category,180,seasonal_naive,140,0.4712142857142857,0.5830860019879449,0.5604451618384164,0.6932170393336585,85
2024-06-26 to 2024-07-02,third_category,180,xgb_observed_sales,140,0.31859407616513113,0.42316720537418356,0.37892422617550214,0.5118011751562588,85
2024-06-26 to 2024-07-02,third_category,180,xgb_stockout_aware,140,0.3268134168641908,0.4260782623557067,0.38870001156220124,0.5132681375755838,85
2024-06-26 to 2024-07-02,third_category,181,seasonal_naive,210,0.46985714285714286,0.6240150333964414,0.7688771136912647,0.9333050253247447,136
2024-06-26 to 2024-07-02,third_category,181,xgb_observed_sales,210,0.3833704897278831,0.5180635084039137,0.6273498234462358,0.7537316647276093,136
2024-06-26 to 2024-07-02,third_category,181,xgb_stockout_aware,210,0.3955468144189743,0.5069061813675458,0.6472752359384758,0.7264217361509446,136
2024-06-26 to 2024-07-02,third_category,183,seasonal_naive,21,0.30952380952380953,0.3946064947695181,0.5701754385964913,0.9660817806290183,11
2024-06-26 to 2024-07-02,third_category,183,xgb_observed_sales,21,0.29879984990471886,0.3726981125519989,0.5504207761402716,0.9328721572092489,11
2024-06-26 to 2024-07-02,third_category,183,xgb_stockout_aware,21,0.3308859058788845,0.3965973937390673,0.609526668724261,0.8521969312826401,11
2024-06-26 to 2024-07-02,third_category,184,seasonal_naive,42,2.8000000000000003,3.324726984852971,0.10906055828619124,0.11318253486439665,35
2024-06-26 to 2024-07-02,third_category,184,xgb_observed_sales,42,3.8323931103660946,4.800707443999555,0.14927247578167113,0.16039483009153338,35
2024-06-26 to 2024-07-02,third_category,184,xgb_stockout_aware,42,3.1380278451102117,4.078321686178128,0.12222681025190475,0.12487012140868867,35
2024-06-26 to 2024-07-02,third_category,186,seasonal_naive,7,0.11857142857142855,0.20032117069489042,0.36563876651982363,0.35538296290175986,6
2024-06-26 to 2024-07-02,third_category,186,xgb_observed_sales,7,0.17615424036979674,0.20835098111394168,0.5432069086293291,0.5340951250813963,6
2024-06-26 to 2024-07-02,third_category,186,xgb_stockout_aware,7,0.14941977926662992,0.17926867613372827,0.4607658391481979,0.48017004521926304,6
2024-06-26 to 2024-07-02,third_category,188,seasonal_naive,63,0.43793650793650796,0.5636629072556336,0.37532308529451763,0.48338408997366944,38
2024-06-26 to 2024-07-02,third_category,188,xgb_observed_sales,63,0.3577199649810791,0.44835265265180446,0.3065754019018906,0.3432760936011877,38
2024-06-26 to 2024-07-02,third_category,188,xgb_stockout_aware,63,0.36568487651764403,0.4538353623718585,0.31340154020693195,0.3471387731237798,38
2024-06-26 to 2024-07-02,third_category,189,seasonal_naive,14,0.45,0.5378528742004771,0.7974683544303798,1.1032946511938106,4
2024-06-26 to 2024-07-02,third_category,189,xgb_observed_sales,14,0.2756384841033391,0.3540405184839738,0.4884732629679427,0.604244524080779,4
2024-06-26 to 2024-07-02,third_category,189,xgb_stockout_aware,14,0.28883849254676275,0.3556626435329829,0.5118656829942632,0.5954823781305659,4
2024-06-26 to 2024-07-02,third_category,190,seasonal_naive,7,0.32714285714285707,0.37994360483780065,0.36349206349206337,0.6063132367538243,4
2024-06-26 to 2024-07-02,third_category,190,xgb_observed_sales,7,0.35220768621989657,0.46377367703633177,0.3913418735776628,0.39839557784182544,4
2024-06-26 to 2024-07-02,third_category,190,xgb_stockout_aware,7,0.34738084248134066,0.45594185818807487,0.38597871386815624,0.3879764690824427,4
2024-06-26 to 2024-07-02,third_category,191,seasonal_naive,7,0.1285714285714286,0.18126539343499315,0.2368421052631579,0.2209940435504345,3
2024-06-26 to 2024-07-02,third_category,191,xgb_observed_sales,7,0.13385679977280754,0.14435212307784911,0.24657831537096128,0.25581187826593915,3
2024-06-26 to 2024-07-02,third_category,191,xgb_stockout_aware,7,0.1224280561719622,0.13676201834654036,0.22552536663256198,0.24529571971391503,3
2024-06-26 to 2024-07-02,third_category,192,seasonal_naive,21,0.35714285714285704,0.45825756949558394,0.7575757575757575,0.9465883323026179,15
2024-06-26 to 2024-07-02,third_category,192,xgb_observed_sales,21,0.25574042981579187,0.3246648660301558,0.5424796996092556,0.6006300244360061,15
2024-06-26 to 2024-07-02,third_category,192,xgb_stockout_aware,21,0.24222222751095182,0.3231196510199766,0.5138047250232312,0.5884231476998932,15
2024-06-26 to 2024-07-02,third_category,193,seasonal_naive,42,0.19761904761904764,0.2558831578595795,0.3192307692307692,0.4262487039252322,24
2024-06-26 to 2024-07-02,third_category,193,xgb_observed_sales,42,0.23446795486268543,0.3147752763501673,0.3787559270858764,0.41727107195853236,24
2024-06-26 to 2024-07-02,third_category,193,xgb_stockout_aware,42,0.20500965657688322,0.2719976658824821,0.33116944523958053,0.37787932456448237,24
2024-06-26 to 2024-07-02,third_category,195,seasonal_naive,21,0.19047619047619047,0.2429971585175824,0.4255319148936171,0.5387789459218031,10
2024-06-26 to 2024-07-02,third_category,195,xgb_observed_sales,21,0.17215081169491725,0.21053307821457476,0.3845922388929003,0.4798035898181209,10
2024-06-26 to 2024-07-02,third_category,195,xgb_stockout_aware,21,0.1637036701043447,0.20308847755085677,0.3657209651267275,0.45593754452001634,10
2024-06-26 to 2024-07-02,third_category,197,seasonal_naive,7,0.4857142857142857,0.5656854249492379,0.33999999999999997,0.3614859056037275,7
2024-06-26 to 2024-07-02,third_category,197,xgb_observed_sales,7,0.33718181678227016,0.36487599688132544,0.23602727174758914,0.23950504183387955,7
2024-06-26 to 2024-07-02,third_category,197,xgb_stockout_aware,7,0.29800049918038507,0.31966861519336787,0.20860034942626954,0.21202945194668343,7
2024-06-26 to 2024-07-02,third_category,199,seasonal_naive,7,0.32857142857142857,0.44561354172806344,0.4893617021276596,0.6152806258069415,5
2024-06-26 to 2024-07-02,third_category,199,xgb_observed_sales,7,0.33874473912375314,0.4113317484441045,0.504513441248143,0.6684562902061809,5
2024-06-26 to 2024-07-02,third_category,199,xgb_stockout_aware,7,0.32325087359973365,0.41530398204233154,0.4814374713187523,0.5981279969109926,5
2024-06-26 to 2024-07-02,third_category,201,seasonal_naive,7,0.24285714285714283,0.3184785258515422,0.4358974358974358,0.5140456182472989,5
2024-06-26 to 2024-07-02,third_category,201,xgb_observed_sales,7,0.2115421005657741,0.24279782177469394,0.3796909497334407,0.4671120063985254,5
2024-06-26 to 2024-07-02,third_category,201,xgb_stockout_aware,7,0.22380961350032264,0.26084720825343033,0.4017095626928867,0.48146383995582237,5
2024-06-26 to 2024-07-02,third_category,204,seasonal_naive,14,0.1642857142857143,0.21876275473019363,0.6388888888888888,0.8119047619047619,7
2024-06-26 to 2024-07-02,third_category,204,xgb_observed_sales,14,0.1804565301963261,0.19912830307794158,0.7017753952079347,0.6033637407863416,7
2024-06-26 to 2024-07-02,third_category,204,xgb_stockout_aware,14,0.19570382024560656,0.21649257663911822,0.7610704120662477,0.6164088088519278,7
2024-06-26 to 2024-07-02,third_category,207,seasonal_naive,14,0.2800000000000001,0.321936107236913,0.39278557114228463,0.4475127327113472,9
2024-06-26 to 2024-07-02,third_category,207,xgb_observed_sales,14,0.25062641944204056,0.32485021837091865,0.35158014751388456,0.3920374972787914,9
2024-06-26 to 2024-07-02,third_category,207,xgb_stockout_aware,14,0.23750720339162013,0.3161146681344103,0.3331764376235152,0.36259654989650153,9
2024-06-26 to 2024-07-02,third_category,209,seasonal_naive,7,0.2714285714285714,0.2903200204700225,0.826086956521739,0.8139764996907856,5
2024-06-26 to 2024-07-02,third_category,209,xgb_observed_sales,7,0.26004449214254105,0.27083746590191493,0.7914397586946902,0.8069190129664829,5
2024-06-26 to 2024-07-02,third_category,209,xgb_stockout_aware,7,0.2177497386932373,0.23284407568703178,0.6627165960228961,0.7248282870972215,5
2024-06-26 to 2024-07-02,third_category,210,seasonal_naive,7,0.32857142857142857,0.4735881272643079,0.2584269662921348,0.3099105863081018,6
2024-06-26 to 2024-07-02,third_category,210,xgb_observed_sales,7,0.43929982525961747,0.49694651037601273,0.3455167164963283,0.3939137623434659,6
2024-06-26 to 2024-07-02,third_category,210,xgb_stockout_aware,7,0.44517404181616654,0.48174948519604127,0.35013688682170396,0.3995120101709226,6
2024-06-26 to 2024-07-02,third_category,212,seasonal_naive,35,0.38085714285714284,0.5038055180325043,0.5130869899923017,0.5578686302176129,27
2024-06-26 to 2024-07-02,third_category,212,xgb_observed_sales,35,0.31781262145723616,0.3892123877238798,0.42815403198626883,0.4721700906146889,27
2024-06-26 to 2024-07-02,third_category,212,xgb_stockout_aware,35,0.316278302192688,0.3859293191533998,0.4260870121918429,0.464552883610973,27
2024-06-26 to 2024-07-02,third_category,213,seasonal_naive,42,0.36904761904761907,0.5409427396860481,0.484375,0.663402049063784,30
2024-06-26 to 2024-07-02,third_category,213,xgb_observed_sales,42,0.24123758453698382,0.32185425878174007,0.31662432970479126,0.4067424383410979,30
2024-06-26 to 2024-07-02,third_category,213,xgb_stockout_aware,42,0.2619978443497703,0.33451169179482415,0.34387217070907355,0.4406393982919636,30
2024-06-26 to 2024-07-02,third_category,216,seasonal_naive,49,0.4516326530612245,0.588122228029209,0.6651638112413586,0.6977515021015535,29
2024-06-26 to 2024-07-02,third_category,216,xgb_observed_sales,49,0.346995851604306,0.4493967546196936,0.511054906180072,0.537724877755579,29
2024-06-26 to 2024-07-02,third_category,216,xgb_stockout_aware,49,0.371177560966842,0.4979323375001512,0.5466696870266083,0.5370020616396927,29
2024-06-26 to 2024-07-02,third_category,217,seasonal_naive,7,0.38571428571428573,0.511300861947808,1.4210526315789476,1.025974025974026,7
2024-06-26 to 2024-07-02,third_category,217,xgb_observed_sales,7,0.21889187267848426,0.2640293130998771,0.8064437414470472,0.7526834066398088,7
2024-06-26 to 2024-07-02,third_category,217,xgb_stockout_aware,7,0.18414113010678973,0.22874261249308264,0.6784146898671202,0.7083003396975999,7
2024-06-26 to 2024-07-02,third_category,218,seasonal_naive,56,0.4125,0.5578978401105349,0.68955223880597,0.6872860609215073,51
2024-06-26 to 2024-07-02,third_category,218,xgb_observed_sales,56,0.28706846795976165,0.3946472550253761,0.4798756479327359,0.693619013000655,51
2024-06-26 to 2024-07-02,third_category,218,xgb_stockout_aware,56,0.30940826194626947,0.40445167609549226,0.5172197811639131,0.6908214487739729,51
2024-06-26 to 2024-07-02,third_category,222,seasonal_naive,35,0.30571428571428566,0.3707135975771208,0.37024221453287187,0.4535496155477838,24
2024-06-26 to 2024-07-02,third_category,222,xgb_observed_sales,35,0.2850924490179335,0.36145117749172145,0.3452676718210267,0.4187540935468789,24
2024-06-26 to 2024-07-02,third_category,222,xgb_stockout_aware,35,0.26821232778685433,0.3439313369825181,0.3248246184269862,0.3901922428068357,24
2024-06-26 to 2024-07-02,third_category,223,seasonal_naive,28,0.22107142857142859,0.2963407787376843,0.3662721893491124,0.3663172092098459,19
2024-06-26 to 2024-07-02,third_category,223,xgb_observed_sales,28,0.16754296123981474,0.21731954100402692,0.27758597128490015,0.28370699174937136,19
2024-06-26 to 2024-07-02,third_category,223,xgb_stockout_aware,28,0.16883727375950133,0.21970811611845073,0.27973039439444003,0.2884013469434784,19
2024-06-26 to 2024-07-02,third_category,227,seasonal_naive,42,0.25238095238095243,0.3199702367110922,0.3667820069204153,0.4153845315701363,22
2024-06-26 to 2024-07-02,third_category,227,xgb_observed_sales,42,0.23139121092501144,0.3059657146388107,0.33627788438929,0.36371302966445046,22
2024-06-26 to 2024-07-02,third_category,227,xgb_stockout_aware,42,0.2303603258870897,0.3150525168692442,0.3347797123618605,0.3556762651053714,22
2024-06-26 to 2024-07-02,third_category,229,seasonal_naive,63,1.5325396825396822,2.2014183739450472,0.9112789051439356,1.2087425272891275,26
2024-06-26 to 2024-07-02,third_category,229,xgb_observed_sales,63,1.1175459153595424,1.4948006999414374,0.6645152682175665,1.0316340597905187,26
2024-06-26 to 2024-07-02,third_category,229,xgb_stockout_aware,63,1.1826213085462178,1.542821696739362,0.7032104052705213,0.902217539445326,26
2024-06-26 to 2024-07-02,third_category,230,seasonal_naive,14,0.31428571428571433,0.3664501525251618,0.656716417910448,0.9154053548790391,10
2024-06-26 to 2024-07-02,third_category,230,xgb_observed_sales,14,0.2807240073169981,0.337968557510674,0.586587477975817,0.781932929134968,10
2024-06-26 to 2024-07-02,third_category,230,xgb_stockout_aware,14,0.32936878417219434,0.39016476108955495,0.6882332803598092,0.8418935258170185,10
2024-06-26 to 2024-07-02,third_category,231,seasonal_naive,21,0.523809523809524,0.6279217421667402,0.28720626631853785,0.38953426816325243,9
2024-06-26 to 2024-07-02,third_category,231,xgb_observed_sales,21,0.5765325478145054,0.7358974283992837,0.316114451804298,0.3372052329165636,9
2024-06-26 to 2024-07-02,third_category,231,xgb_stockout_aware,21,0.4650766696248737,0.5879320328993252,0.2550028736846566,0.2858903052785908,9
2024-06-26 to 2024-07-02,third_category,232,seasonal_naive,7,0.15714285714285717,0.21044171232366052,0.31428571428571433,0.4363017934446506,2
2024-06-26 to 2024-07-02,third_category,232,xgb_observed_sales,7,0.12726010595049175,0.14748322276761616,0.2545202119009835,0.30441726238424377,2
2024-06-26 to 2024-07-02,third_category,232,xgb_stockout_aware,7,0.09013814159802028,0.12285096566560673,0.18027628319604055,0.19730368650145236,2
