store_id,product_id,risk_assessment_date,policy,policy_label,selected_model,forecast_demand,reference_daily_demand,current_simulated_inventory,inventory_coverage_days,lead_time_days,review_period_days,shelf_life_days,replenishment_quantity,simulated_stockout_quantity,stockout_risk,excess_inventory_indicator,excess_inventory_quantity,excess_inventory_risk,estimated_spoilage_exposure,potential_spoilage_risk,demand_spike_risk,forecast_uncertainty_risk,forecast_mae_ratio,holdout_stockout_row_rate,observed_stockout_frequency,replenishment_urgency,overall_risk_score,overall_risk_level,primary_reason,contributing_factors,forecast_uncertainty_method
5,41,2024-07-02,ml_optimized,AI forecast + cost-aware replenishment,xgb_stockout_aware,1.215890884399414,0.760714,3.3,2.714059330768012,2,1,3,2.3,0.0,75.0,True,2.0841091156005858,50.0,0.9,75.0,75.0,100.0,1.201800465583801,0.14285714285714285,0.7142857142857143,75.0,75.0,Critical,Stockout risk,stockout|excess_inventory|potential_spoilage|demand_spike|forecast_uncertainty_proxy|replenishment_urgency,normalized holdout MAE proxy; no predictive interval
5,768,2024-07-02,ml_optimized,AI forecast + cost-aware replenishment,xgb_stockout_aware,0.6086559295654297,0.607143,1.0,1.6429643603636352,2,1,3,0.7,0.0,100.0,True,0.3913440704345703,25.0,0.7,100.0,0.0,75.0,0.5654451341340037,0.0,0.0,100.0,75.0,Critical,Inventory coverage below assumed lead time,stockout|excess_inventory|potential_spoilage|forecast_uncertainty_proxy|replenishment_urgency,normalized holdout MAE proxy; no predictive interval
29,509,2024-07-02,ml_optimized,AI forecast + cost-aware replenishment,xgb_stockout_aware,0.49261346459388733,0.557143,0.5,1.0149945869063937,2,1,3,1.6,0.0,100.0,True,0.007386535406112671,25.0,0.5,100.0,0.0,75.0,0.6962354462197486,0.14285714285714285,0.2857142857142857,100.0,75.0,Critical,Inventory coverage below assumed lead time,stockout|excess_inventory|potential_spoilage|forecast_uncertainty_proxy|replenishment_urgency,normalized holdout MAE proxy; no predictive interval
113,836,2024-07-02,ml_optimized,AI forecast + cost-aware replenishment,xgb_stockout_aware,0.4865584969520569,0.614286,0.8999999999999999,1.8497262007299433,2,1,3,1.3,0.0,100.0,True,0.413441503047943,25.0,0.49999999999999994,100.0,0.0,75.0,0.6438813121879802,0.14285714285714285,0.0,100.0,75.0,Critical,Inventory coverage below assumed lead time,stockout|excess_inventory|potential_spoilage|forecast_uncertainty_proxy|replenishment_urgency,normalized holdout MAE proxy; no predictive interval
356,467,2024-07-02,ml_optimized,AI forecast + cost-aware replenishment,xgb_stockout_aware,1.2749205827713013,0.685714,1.5,1.1765438728265274,2,1,3,2.3,0.0,100.0,True,0.22507941722869873,25.0,0.19999999999999996,50.0,75.0,75.0,0.5032576167738283,0.14285714285714285,0.2857142857142857,100.0,75.0,Critical,Inventory coverage below assumed lead time,stockout|excess_inventory|potential_spoilage|demand_spike|forecast_uncertainty_proxy|replenishment_urgency,normalized holdout MAE proxy; no predictive interval
70,188,2024-07-02,ml_optimized,AI forecast + cost-aware replenishment,xgb_stockout_aware,1.2084009647369385,0.592857,2.9000000000000004,2.399865677557873,2,1,3,2.4,0.0,75.0,True,1.6915990352630619,50.0,1.0000000000000002,75.0,100.0,75.0,0.5081473952386437,0.2857142857142857,0.5714285714285714,75.0,73.75,High,Stockout risk,stockout|excess_inventory|potential_spoilage|demand_spike|forecast_uncertainty_proxy|replenishment_urgency,normalized holdout MAE proxy; no predictive interval
103,41,2024-07-02,ml_optimized,AI forecast + cost-aware replenishment,xgb_stockout_aware,1.1923103332519531,0.568214,3.5,2.9354773689279074,2,1,3,0.0,0.0,75.0,True,2.307689666748047,50.0,1.5000000000000002,75.0,100.0,75.0,0.9338348925113679,0.14285714285714285,0.8571428571428571,75.0,73.75,High,Stockout risk,stockout|excess_inventory|potential_spoilage|demand_spike|forecast_uncertainty_proxy|replenishment_urgency,normalized holdout MAE proxy; no predictive interval
10,41,2024-07-02,ml_optimized,AI forecast + cost-aware replenishment,xgb_stockout_aware,0.9388692378997803,0.596429,1.2000000000000002,1.2781332602656796,2,1,3,0.9,0.0,100.0,True,0.2611307621002199,25.0,0.0,0.0,75.0,100.0,1.3082246945565004,0.0,0.8571428571428571,100.0,71.25,Critical,Inventory coverage below assumed lead time,stockout|excess_inventory|demand_spike|forecast_uncertainty_proxy|replenishment_urgency,normalized holdout MAE proxy; no predictive interval
21,37,2024-07-02,ml_optimized,AI forecast + cost-aware replenishment,xgb_stockout_aware,0.8654730319976807,1.003571,1.6,1.8487000066390142,2,1,3,0.0,0.0,100.0,True,0.7345269680023194,25.0,0.7000000000000002,75.0,0.0,75.0,0.5989384027627798,0.0,0.0,100.0,71.25,Critical,Inventory coverage below assumed lead time,stockout|excess_inventory|potential_spoilage|forecast_uncertainty_proxy|replenishment_urgency,normalized holdout MAE proxy; no predictive interval
278,802,2024-07-02,ml_optimized,AI forecast + cost-aware replenishment,xgb_stockout_aware,0.2516407370567322,0.771429,0.19999999999999996,0.7947838745795365,2,1,3,0.0,0.0,100.0,False,0.0,0.0,0.19999999999999996,100.0,0.0,75.0,0.8618056061980012,0.0,0.14285714285714285,100.0,71.25,Critical,Inventory coverage below assumed lead time,stockout|potential_spoilage|forecast_uncertainty_proxy|replenishment_urgency,normalized holdout MAE proxy; no predictive interval
532,132,2024-07-02,ml_optimized,AI forecast + cost-aware replenishment,xgb_stockout_aware,2.3252744674682617,3.292857,3.0,1.2901702753681261,2,1,3,0.0,0.0,100.0,True,0.6747255325317383,25.0,1.5,100.0,0.0,50.0,0.30638827685177883,0.0,0.0,100.0,71.25,Critical,Inventory coverage below assumed lead time,stockout|excess_inventory|potential_spoilage|forecast_uncertainty_proxy|replenishment_urgency,normalized holdout MAE proxy; no predictive interval
21,129,2024-07-02,ml_optimized,AI forecast + cost-aware replenishment,xgb_stockout_aware,0.7733673453330994,0.314286,1.9000000000000001,2.4567884996251625,2,1,3,0.0,0.0,75.0,True,1.1266326546669008,50.0,0.30000000000000004,50.0,100.0,75.0,0.9822719861299565,0.14285714285714285,0.8571428571428571,75.0,70.0,High,Stockout risk,stockout|excess_inventory|potential_spoilage|demand_spike|forecast_uncertainty_proxy|replenishment_urgency,normalized holdout MAE proxy; no predictive interval
85,44,2024-07-02,ml_optimized,AI forecast + cost-aware replenishment,xgb_stockout_aware,0.5375276207923889,0.192857,0.0,0.0,2,1,3,0.0,0.0,100.0,False,0.0,0.0,0.0,0.0,100.0,100.0,1.1544056785734076,0.5714285714285714,0.8571428571428571,100.0,70.0,Critical,Inventory coverage below assumed lead time,stockout|demand_spike|forecast_uncertainty_proxy|replenishment_urgency,normalized holdout MAE proxy; no predictive interval
110,605,2024-07-02,ml_optimized,AI forecast + cost-aware replenishment,xgb_stockout_aware,0.6669970750808716,0.492857,1.5,2.2488854239999916,2,1,3,0.0,0.0,75.0,True,0.8330029249191284,50.0,0.5,75.0,50.0,75.0,0.5289212489614681,0.2857142857142857,0.7142857142857143,75.0,68.75,High,Stockout risk,stockout|excess_inventory|potential_spoilage|demand_spike|forecast_uncertainty_proxy|replenishment_urgency,normalized holdout MAE proxy; no predictive interval
247,650,2024-07-02,ml_optimized,AI forecast + cost-aware replenishment,xgb_stockout_aware,0.7469518184661865,0.55,1.7000000000000002,2.2759165423692678,2,1,3,1.1,0.0,75.0,True,0.9530481815338137,50.0,0.7000000000000002,75.0,50.0,75.0,0.7956540809487397,0.14285714285714285,0.5714285714285714,75.0,68.75,High,Stockout risk,stockout|excess_inventory|potential_spoilage|demand_spike|forecast_uncertainty_proxy|replenishment_urgency,normalized holdout MAE proxy; no predictive interval
250,768,2024-07-02,ml_optimized,AI forecast + cost-aware replenishment,xgb_stockout_aware,0.644311785697937,0.482143,1.6999999999999997,2.6384741638064417,2,1,3,1.8,0.0,75.0,True,1.0556882143020627,50.0,0.9999999999999999,100.0,50.0,50.0,0.49102322288921896,0.14285714285714285,0.0,75.0,68.75,High,Stockout risk,stockout|excess_inventory|potential_spoilage|demand_spike|forecast_uncertainty_proxy|replenishment_urgency,normalized holdout MAE proxy; no predictive interval
897,328,2024-07-02,ml_optimized,AI forecast + cost-aware replenishment,xgb_stockout_aware,0.4198743999004364,0.321429,0.8,1.9053316901190016,2,1,3,0.6,0.0,100.0,True,0.38012560009956364,25.0,0.10000000000000009,50.0,50.0,50.0,0.49561238288879383,0.14285714285714285,0.2857142857142857,100.0,68.75,Critical,Inventory coverage below assumed lead time,stockout|excess_inventory|potential_spoilage|demand_spike|forecast_uncertainty_proxy|replenishment_urgency,normalized holdout MAE proxy; no predictive interval
0,253,2024-07-02,ml_optimized,AI forecast + cost-aware replenishment,xgb_stockout_aware,0.4799961447715759,0.496429,1.1,2.2916850728529834,2,1,3,0.8,0.0,75.0,True,0.6200038552284242,50.0,0.3,75.0,0.0,100.0,1.9907496889432272,0.14285714285714285,0.8571428571428571,75.0,67.5,High,Stockout risk,stockout|excess_inventory|potential_spoilage|forecast_uncertainty_proxy|replenishment_urgency,normalized holdout MAE proxy; no predictive interval
1,768,2024-07-02,ml_optimized,AI forecast + cost-aware replenishment,xgb_stockout_aware,1.1467993259429932,0.721429,1.2999999999999998,1.1335897838368822,2,1,3,1.6,0.0,100.0,True,0.15320067405700666,25.0,0.0,0.0,75.0,75.0,0.5226546730480942,0.2857142857142857,0.14285714285714285,100.0,67.5,Critical,Inventory coverage below assumed lead time,stockout|excess_inventory|demand_spike|forecast_uncertainty_proxy|replenishment_urgency,normalized holdout MAE proxy; no predictive interval
3,77,2024-07-02,ml_optimized,AI forecast + cost-aware replenishment,xgb_stockout_aware,0.5004868507385254,0.657143,0.8999999999999999,1.7982490422514543,2,1,3,0.0,0.0,100.0,True,0.3995131492614745,25.0,0.19999999999999996,50.0,0.0,75.0,0.6905385085514614,0.0,0.8571428571428571,100.0,67.5,Critical,Inventory coverage below assumed lead time,stockout|excess_inventory|potential_spoilage|forecast_uncertainty_proxy|replenishment_urgency,normalized holdout MAE proxy; no predictive interval
3,90,2024-07-02,ml_optimized,AI forecast + cost-aware replenishment,xgb_stockout_aware,1.1452168226242065,0.732143,1.9000000000000004,1.6590744760858875,2,1,3,0.0,0.0,100.0,True,0.7547831773757938,25.0,0.0,0.0,75.0,75.0,0.5313166392218206,0.14285714285714285,0.42857142857142855,100.0,67.5,Critical,Inventory coverage below assumed lead time,stockout|excess_inventory|demand_spike|forecast_uncertainty_proxy|replenishment_urgency,normalized holdout MAE proxy; no predictive interval
22,287,2024-07-02,ml_optimized,AI forecast + cost-aware replenishment,xgb_stockout_aware,0.570858895778656,0.514286,1.2000000000000002,2.1020956472320376,2,1,3,1.0,0.0,75.0,True,0.6291411042213442,50.0,1.2000000000000002,100.0,0.0,75.0,0.5149490066937039,0.14285714285714285,0.14285714285714285,75.0,67.5,High,Stockout risk,stockout|excess_inventory|potential_spoilage|forecast_uncertainty_proxy|replenishment_urgency,normalized holdout MAE proxy; no predictive interval
42,284,2024-07-02,ml_optimized,AI forecast + cost-aware replenishment,xgb_stockout_aware,0.4484102129936218,0.650714,0.4,0.8920403425460999,2,1,3,0.6,0.0,100.0,False,0.0,0.0,0.4,100.0,0.0,50.0,0.41018159826349765,0.14285714285714285,0.42857142857142855,100.0,67.5,Critical,Inventory coverage below assumed lead time,stockout|potential_spoilage|forecast_uncertainty_proxy|replenishment_urgency,normalized holdout MAE proxy; no predictive interval
326,835,2024-07-02,ml_optimized,AI forecast + cost-aware replenishment,xgb_stockout_aware,2.1932218074798584,1.796429,4.0,1.8238009426854263,2,1,3,5.0,0.0,100.0,True,1.8067781925201416,25.0,1.4000000000000001,75.0,0.0,50.0,0.25230960764436644,0.0,0.0,100.0,67.5,Critical,Inventory coverage below assumed lead time,stockout|excess_inventory|potential_spoilage|forecast_uncertainty_proxy|replenishment_urgency,normalized holdout MAE proxy; no predictive interval
361,41,2024-07-02,ml_optimized,AI forecast + cost-aware replenishment,xgb_stockout_aware,1.018766164779663,0.535714,0.0,0.0,2,1,3,2.2,0.3,100.0,False,0.0,0.0,0.0,0.0,75.0,100.0,1.8712447698299701,0.2857142857142857,0.7142857142857143,100.0,67.5,Critical,Current simulated stockout exposure,stockout|demand_spike|forecast_uncertainty_proxy|replenishment_urgency,normalized holdout MAE proxy; no predictive interval
365,802,2024-07-02,ml_optimized,AI forecast + cost-aware replenishment,xgb_stockout_aware,0.3696853518486023,0.785714,0.6,1.6230018230360361,2,1,3,1.5,0.0,100.0,True,0.23031464815139768,25.0,0.09999999999999998,50.0,0.0,75.0,0.6058525710270324,0.0,0.0,100.0,67.5,Critical,Inventory coverage below assumed lead time,stockout|excess_inventory|potential_spoilage|forecast_uncertainty_proxy|replenishment_urgency,normalized holdout MAE proxy; no predictive interval
3,41,2024-07-02,ml_optimized,AI forecast + cost-aware replenishment,xgb_stockout_aware,1.3532942533493042,0.432143,3.3,2.4384940613120474,2,1,3,3.5,0.0,75.0,True,1.9467057466506956,50.0,0.0,0.0,100.0,100.0,1.643532830315667,0.0,0.8571428571428571,75.0,66.25,High,Stockout risk,stockout|excess_inventory|demand_spike|forecast_uncertainty_proxy|replenishment_urgency,normalized holdout MAE proxy; no predictive interval
3,129,2024-07-02,ml_optimized,AI forecast + cost-aware replenishment,xgb_stockout_aware,1.4081075191497803,0.207143,0.8999999999999995,0.6391557375841742,2,1,3,3.9,0.0,100.0,False,0.0,0.0,0.0,0.0,100.0,75.0,0.7112305063799202,0.2857142857142857,0.7142857142857143,100.0,66.25,Critical,Inventory coverage below assumed lead time,stockout|demand_spike|forecast_uncertainty_proxy|replenishment_urgency,normalized holdout MAE proxy; no predictive interval
9,115,2024-07-02,ml_optimized,AI forecast + cost-aware replenishment,xgb_stockout_aware,0.6103676557540894,0.305,0.0,0.0,2,1,3,0.0,0.4,100.0,False,0.0,0.0,0.0,0.0,100.0,75.0,0.7932452027286803,0.5714285714285714,0.5714285714285714,100.0,66.25,Critical,Current simulated stockout exposure,stockout|demand_spike|forecast_uncertainty_proxy|replenishment_urgency,normalized holdout MAE proxy; no predictive interval
20,41,2024-07-02,ml_optimized,AI forecast + cost-aware replenishment,xgb_stockout_aware,1.4221439361572266,0.605714,0.3999999999999997,0.28126548222737513,2,1,3,4.0,0.0,100.0,False,0.0,0.0,0.0,0.0,100.0,75.0,0.5749562706266131,0.2857142857142857,0.7142857142857143,100.0,66.25,Critical,Inventory coverage below assumed lead time,stockout|demand_spike|forecast_uncertainty_proxy|replenishment_urgency,normalized holdout MAE proxy; no predictive interval
21,41,2024-07-02,ml_optimized,AI forecast + cost-aware replenishment,xgb_stockout_aware,0.9847443103790283,0.432143,1.9,1.9294348593582527,2,1,3,2.6,0.0,100.0,True,0.9152556896209716,25.0,0.0,0.0,100.0,50.0,0.4778200441332006,0.14285714285714285,0.5714285714285714,100.0,66.25,Critical,Inventory coverage below assumed lead time,stockout|excess_inventory|demand_spike|forecast_uncertainty_proxy|replenishment_urgency,normalized holdout MAE proxy; no predictive interval
25,129,2024-07-02,ml_optimized,AI forecast + cost-aware replenishment,xgb_stockout_aware,0.43157440423965454,0.207143,0.0,0.0,2,1,3,0.0,0.3,100.0,False,0.0,0.0,0.0,0.0,100.0,75.0,0.5370306080104383,0.8571428571428571,0.14285714285714285,100.0,66.25,Critical,Current simulated stockout exposure,stockout|demand_spike|forecast_uncertainty_proxy|replenishment_urgency,normalized holdout MAE proxy; no predictive interval
163,751,2024-07-02,ml_optimized,AI forecast + cost-aware replenishment,xgb_stockout_aware,0.6572437882423401,0.292857,0.0,0.0,2,1,3,0.0,1.2,100.0,False,0.0,0.0,0.0,0.0,100.0,75.0,0.6035539110501607,0.7142857142857143,0.0,100.0,66.25,Critical,Current simulated stockout exposure,stockout|demand_spike|forecast_uncertainty_proxy|replenishment_urgency,normalized holdout MAE proxy; no predictive interval
9,351,2024-07-02,ml_optimized,AI forecast + cost-aware replenishment,xgb_stockout_aware,0.8374515175819397,0.567857,2.6,3.104657338859745,2,1,3,1.6,0.0,75.0,True,1.7625484824180604,75.0,0.9999999999999999,75.0,50.0,75.0,0.5646463883550543,0.2857142857142857,0.42857142857142855,40.0,65.5,High,Stockout risk,stockout|excess_inventory|potential_spoilage|demand_spike|forecast_uncertainty_proxy|replenishment_urgency,normalized holdout MAE proxy; no predictive interval
9,367,2024-07-02,ml_optimized,AI forecast + cost-aware replenishment,xgb_stockout_aware,1.0229219198226929,0.425,2.5,2.443979302382468,2,1,3,0.0,0.0,100.0,True,1.4770780801773071,50.0,0.0,0.0,100.0,50.0,0.4997762152126857,0.7142857142857143,0.42857142857142855,75.0,65.0,High,Stockout risk,stockout|excess_inventory|demand_spike|forecast_uncertainty_proxy|replenishment_urgency,normalized holdout MAE proxy; no predictive interval
64,129,2024-07-02,ml_optimized,AI forecast + cost-aware replenishment,xgb_stockout_aware,0.920253574848175,0.617857,1.2,1.3039884144954046,2,1,3,0.0,0.0,100.0,True,0.2797464251518249,25.0,0.0,0.0,50.0,75.0,0.7281827485119855,0.14285714285714285,0.7142857142857143,100.0,65.0,Critical,Inventory coverage below assumed lead time,stockout|excess_inventory|demand_spike|forecast_uncertainty_proxy|replenishment_urgency,normalized holdout MAE proxy; no predictive interval
102,389,2024-07-02,ml_optimized,AI forecast + cost-aware replenishment,xgb_stockout_aware,0.617158055305481,0.485714,0.0,0.0,2,1,3,1.4,0.09999999999999998,100.0,False,0.0,0.0,0.0,0.0,50.0,100.0,1.657361102104187,0.14285714285714285,0.0,100.0,65.0,Critical,Current simulated stockout exposure,stockout|demand_spike|forecast_uncertainty_proxy|replenishment_urgency,normalized holdout MAE proxy; no predictive interval
0,90,2024-07-02,ml_optimized,AI forecast + cost-aware replenishment,xgb_stockout_aware,1.807741641998291,1.064286,2.5000000000000004,1.3829409811218831,2,1,3,1.9,0.0,100.0,True,0.6922583580017094,25.0,0.0,0.0,75.0,50.0,0.2580143128122602,0.14285714285714285,0.2857142857142857,100.0,63.75,Critical,Inventory coverage below assumed lead time,stockout|excess_inventory|demand_spike|forecast_uncertainty_proxy|replenishment_urgency,normalized holdout MAE proxy; no predictive interval
3,223,2024-07-02,ml_optimized,AI forecast + cost-aware replenishment,xgb_stockout_aware,0.7301682233810425,1.010714,1.9,2.6021400810926196,2,1,3,0.8,0.0,75.0,True,1.1698317766189574,50.0,1.4,100.0,0.0,50.0,0.44896432615461807,0.0,0.8571428571428571,75.0,63.75,High,Stockout risk,stockout|excess_inventory|potential_spoilage|forecast_uncertainty_proxy|replenishment_urgency,normalized holdout MAE proxy; no predictive interval
5,71,2024-07-02,ml_optimized,AI forecast + cost-aware replenishment,xgb_stockout_aware,1.0089616775512695,0.864286,2.9,2.87424197025822,2,1,3,2.9,0.0,75.0,True,1.8910383224487304,50.0,1.3,75.0,0.0,75.0,0.7678862754688707,0.14285714285714285,0.5714285714285714,75.0,63.75,High,Stockout risk,stockout|excess_inventory|potential_spoilage|forecast_uncertainty_proxy|replenishment_urgency,normalized holdout MAE proxy; no predictive interval
9,41,2024-07-02,ml_optimized,AI forecast + cost-aware replenishment,xgb_stockout_aware,1.6905162334442139,1.017857,0.7000000000000002,0.4140746986935691,2,1,3,1.6,0.0,100.0,False,0.0,0.0,0.0,0.0,75.0,75.0,0.6150108459519179,0.0,0.8571428571428571,100.0,63.75,Critical,Inventory coverage below assumed lead time,stockout|demand_spike|forecast_uncertainty_proxy|replenishment_urgency,normalized holdout MAE proxy; no predictive interval
9,80,2024-07-02,ml_optimized,AI forecast + cost-aware replenishment,xgb_stockout_aware,0.3688940405845642,0.58,0.78,2.1144283024035326,2,1,3,0.3,0.0,75.0,True,0.4111059594154358,50.0,0.27999999999999997,75.0,0.0,75.0,0.6490596793103948,0.0,0.0,75.0,63.75,High,Stockout risk,stockout|excess_inventory|potential_spoilage|forecast_uncertainty_proxy|replenishment_urgency,normalized holdout MAE proxy; no predictive interval
21,496,2024-07-02,ml_optimized,AI forecast + cost-aware replenishment,xgb_stockout_aware,0.8542718291282654,0.566429,1.4000000000000001,1.6388226232727567,2,1,3,3.0,0.0,100.0,True,0.5457281708717348,25.0,0.0,0.0,75.0,50.0,0.27696399939687627,0.14285714285714285,0.7142857142857143,100.0,63.75,Critical,Inventory coverage below assumed lead time,stockout|excess_inventory|demand_spike|forecast_uncertainty_proxy|replenishment_urgency,normalized holdout MAE proxy; no predictive interval
42,45,2024-07-02,ml_optimized,AI forecast + cost-aware replenishment,xgb_stockout_aware,0.9548187851905823,0.825,2.4,2.5135659637456325,2,1,3,0.6,0.0,75.0,True,1.4451812148094176,50.0,0.8999999999999999,75.0,0.0,75.0,0.627694182708615,0.14285714285714285,0.8571428571428571,75.0,63.75,High,Stockout risk,stockout|excess_inventory|potential_spoilage|forecast_uncertainty_proxy|replenishment_urgency,normalized holdout MAE proxy; no predictive interval
42,309,2024-07-02,ml_optimized,AI forecast + cost-aware replenishment,xgb_stockout_aware,1.842177391052246,1.767857,2.4000000000000012,1.30280613129723,2,1,3,4.4,0.0,100.0,True,0.5578226089477551,25.0,0.0,0.0,0.0,100.0,2.026112942048061,0.0,0.7142857142857143,100.0,63.75,Critical,Inventory coverage below assumed lead time,stockout|excess_inventory|forecast_uncertainty_proxy|replenishment_urgency,normalized holdout MAE proxy; no predictive interval
46,807,2024-07-02,ml_optimized,AI forecast + cost-aware replenishment,xgb_stockout_aware,0.5049509406089783,0.310714,0.0,0.0,2,1,3,0.0,0.2,100.0,False,0.0,0.0,0.0,0.0,75.0,75.0,0.6408393200562924,0.7142857142857143,0.2857142857142857,100.0,63.75,Critical,Current simulated stockout exposure,stockout|demand_spike|forecast_uncertainty_proxy|replenishment_urgency,normalized holdout MAE proxy; no predictive interval
52,343,2024-07-02,ml_optimized,AI forecast + cost-aware replenishment,xgb_stockout_aware,0.9312465190887451,0.592857,2.2,2.3624249378701263,2,1,3,1.1,0.0,75.0,True,1.268753480911255,50.0,0.5000000000000001,50.0,75.0,50.0,0.279985426245509,0.42857142857142855,0.42857142857142855,75.0,63.75,High,Stockout risk,stockout|excess_inventory|potential_spoilage|demand_spike|forecast_uncertainty_proxy|replenishment_urgency,normalized holdout MAE proxy; no predictive interval
64,244,2024-07-02,ml_optimized,AI forecast + cost-aware replenishment,xgb_stockout_aware,0.521135687828064,0.538571,0.8,1.5351088376506286,2,1,3,0.0,0.0,100.0,True,0.2788643121719361,25.0,0.0,0.0,0.0,100.0,1.2010781133876125,0.14285714285714285,0.14285714285714285,100.0,63.75,Critical,Inventory coverage below assumed lead time,stockout|excess_inventory|forecast_uncertainty_proxy|replenishment_urgency,normalized holdout MAE proxy; no predictive interval
68,191,2024-07-02,ml_optimized,AI forecast + cost-aware replenishment,xgb_stockout_aware,1.6128084659576416,1.842857,4.5,2.7901639252172594,2,1,3,0.0,0.0,75.0,True,2.8871915340423584,50.0,2.0,75.0,0.0,75.0,0.9941737179708953,0.0,0.7142857142857143,75.0,63.75,High,Stockout risk,stockout|excess_inventory|potential_spoilage|forecast_uncertainty_proxy|replenishment_urgency,normalized holdout MAE proxy; no predictive interval
70,333,2024-07-02,ml_optimized,AI forecast + cost-aware replenishment,xgb_stockout_aware,0.5560674667358398,0.303571,0.0,0.0,2,1,3,0.0,0.8,100.0,False,0.0,0.0,0.0,0.0,75.0,75.0,0.8614158431688945,0.5714285714285714,0.42857142857142855,100.0,63.75,Critical,Current simulated stockout exposure,stockout|demand_spike|forecast_uncertainty_proxy|replenishment_urgency,normalized holdout MAE proxy; no predictive interval
252,835,2024-07-02,ml_optimized,AI forecast + cost-aware replenishment,xgb_stockout_aware,1.4305626153945923,1.285714,4.2,2.9359078412946737,2,1,3,3.0,0.0,75.0,True,2.769437384605408,50.0,2.5,100.0,0.0,50.0,0.4059290765511869,0.14285714285714285,0.0,75.0,63.75,High,Stockout risk,stockout|excess_inventory|potential_spoilage|forecast_uncertainty_proxy|replenishment_urgency,normalized holdout MAE proxy; no predictive interval
306,694,2024-07-02,ml_optimized,AI forecast + cost-aware replenishment,xgb_stockout_aware,0.9586020708084106,0.635714,0.0,0.0,2,1,3,3.9,0.9000000000000001,100.0,False,0.0,0.0,0.0,0.0,75.0,75.0,0.5767538093808872,0.42857142857142855,0.42857142857142855,100.0,63.75,Critical,Current simulated stockout exposure,stockout|demand_spike|forecast_uncertainty_proxy|replenishment_urgency,normalized holdout MAE proxy; no predictive interval
317,130,2024-07-02,ml_optimized,AI forecast + cost-aware replenishment,xgb_stockout_aware,0.4553275406360626,0.374643,1.1,2.4158433255835403,2,1,3,0.8,0.0,75.0,True,0.6446724593639375,50.0,0.39999999999999997,75.0,0.0,75.0,0.6125993004867009,0.14285714285714285,0.14285714285714285,75.0,63.75,High,Stockout risk,stockout|excess_inventory|potential_spoilage|forecast_uncertainty_proxy|replenishment_urgency,normalized holdout MAE proxy; no predictive interval
321,467,2024-07-02,ml_optimized,AI forecast + cost-aware replenishment,xgb_stockout_aware,1.1908838748931885,0.715714,0.0,0.0,2,1,3,1.5,0.10000000000000009,100.0,False,0.0,0.0,0.0,0.0,75.0,75.0,0.6003052656139646,0.2857142857142857,0.2857142857142857,100.0,63.75,Critical,Current simulated stockout exposure,stockout|demand_spike|forecast_uncertainty_proxy|replenishment_urgency,normalized holdout MAE proxy; no predictive interval
360,363,2024-07-02,ml_optimized,AI forecast + cost-aware replenishment,xgb_stockout_aware,0.7067726254463196,0.425,0.0,0.0,2,1,3,0.0,0.9,100.0,False,0.0,0.0,0.0,0.0,75.0,75.0,0.6685540330025458,0.5714285714285714,0.7142857142857143,100.0,63.75,Critical,Current simulated stockout exposure,stockout|demand_spike|forecast_uncertainty_proxy|replenishment_urgency,normalized holdout MAE proxy; no predictive interval
389,494,2024-07-02,ml_optimized,AI forecast + cost-aware replenishment,xgb_stockout_aware,0.4029357135295868,0.42,1.0,2.4817854720305697,2,1,3,0.0,0.0,75.0,True,0.5970642864704132,50.0,0.3,75.0,0.0,75.0,0.5776713031988878,0.14285714285714285,0.42857142857142855,75.0,63.75,High,Stockout risk,stockout|excess_inventory|potential_spoilage|forecast_uncertainty_proxy|replenishment_urgency,normalized holdout MAE proxy; no predictive interval
419,130,2024-07-02,ml_optimized,AI forecast + cost-aware replenishment,xgb_stockout_aware,0.3952813148498535,0.435357,0.7,1.7708906889916944,2,1,3,0.6,0.0,100.0,True,0.30471868515014644,25.0,0.0,0.0,0.0,100.0,1.7265623537823558,0.0,0.5714285714285714,100.0,63.75,Critical,Inventory coverage below assumed lead time,stockout|excess_inventory|forecast_uncertainty_proxy|replenishment_urgency,normalized holdout MAE proxy; no predictive interval
633,835,2024-07-02,ml_optimized,AI forecast + cost-aware replenishment,xgb_stockout_aware,1.409700870513916,0.928571,2.7571430000000006,1.9558354950826309,2,1,3,2.0,0.0,100.0,True,1.3474421294860845,25.0,0.0,0.0,75.0,50.0,0.4118695505734148,0.14285714285714285,0.0,100.0,63.75,Critical,Inventory coverage below assumed lead time,stockout|excess_inventory|demand_spike|forecast_uncertainty_proxy|replenishment_urgency,normalized holdout MAE proxy; no predictive interval
3,261,2024-07-02,ml_optimized,AI forecast + cost-aware replenishment,xgb_stockout_aware,0.6928452849388123,0.335714,0.0,0.0,2,1,3,0.0,0.7,100.0,False,0.0,0.0,0.0,0.0,100.0,50.0,0.41382065276637864,0.8571428571428571,0.5714285714285714,100.0,62.5,Critical,Current simulated stockout exposure,stockout|demand_spike|forecast_uncertainty_proxy|replenishment_urgency,normalized holdout MAE proxy; no predictive interval
21,351,2024-07-02,ml_optimized,AI forecast + cost-aware replenishment,xgb_stockout_aware,0.8167563080787659,0.4,0.0,0.0,2,1,3,0.0,1.2,100.0,False,0.0,0.0,0.0,0.0,100.0,50.0,0.4984872292060804,1.0,0.2857142857142857,100.0,62.5,Critical,Current simulated stockout exposure,stockout|demand_spike|forecast_uncertainty_proxy|replenishment_urgency,normalized holdout MAE proxy; no predictive interval
89,129,2024-07-02,ml_optimized,AI forecast + cost-aware replenishment,xgb_stockout_aware,0.7416881322860718,0.332143,0.0,0.0,2,1,3,0.7,0.7,100.0,False,0.0,0.0,0.0,0.0,100.0,50.0,0.3854830466783964,0.8571428571428571,0.42857142857142855,100.0,62.5,Critical,Current simulated stockout exposure,stockout|demand_spike|forecast_uncertainty_proxy|replenishment_urgency,normalized holdout MAE proxy; no predictive interval
266,751,2024-07-02,ml_optimized,AI forecast + cost-aware replenishment,xgb_stockout_aware,0.6633968949317932,0.303571,0.0,0.0,2,1,3,0.0,1.0,100.0,False,0.0,0.0,0.0,0.0,100.0,50.0,0.47828437351598985,0.7142857142857143,0.2857142857142857,100.0,62.5,Critical,Current simulated stockout exposure,stockout|demand_spike|forecast_uncertainty_proxy|replenishment_urgency,normalized holdout MAE proxy; no predictive interval
355,271,2024-07-02,ml_optimized,AI forecast + cost-aware replenishment,xgb_stockout_aware,0.6250116229057312,0.275,0.0,0.0,2,1,3,0.0,0.9,100.0,False,0.0,0.0,0.0,0.0,100.0,50.0,0.4399766997685508,1.0,0.0,100.0,62.5,Critical,Current simulated stockout exposure,stockout|demand_spike|forecast_uncertainty_proxy|replenishment_urgency,normalized holdout MAE proxy; no predictive interval
355,510,2024-07-02,ml_optimized,AI forecast + cost-aware replenishment,xgb_stockout_aware,1.1506426334381104,0.342857,1.9,1.6512511745917289,2,1,3,3.5,0.0,100.0,True,0.7493573665618896,25.0,0.0,0.0,100.0,25.0,0.19784776003737195,0.2857142857142857,0.14285714285714285,100.0,62.5,Critical,Inventory coverage below assumed lead time,stockout|excess_inventory|demand_spike|forecast_uncertainty_proxy|replenishment_urgency,normalized holdout MAE proxy; no predictive interval
0,129,2024-07-02,ml_optimized,AI forecast + cost-aware replenishment,xgb_stockout_aware,0.8506481647491455,0.585714,0.0,0.0,2,1,3,1.7,0.0,100.0,False,0.0,0.0,0.0,0.0,50.0,75.0,0.733555667642234,0.2857142857142857,0.7142857142857143,100.0,61.25,Critical,Inventory coverage below assumed lead time,stockout|demand_spike|forecast_uncertainty_proxy|replenishment_urgency,normalized holdout MAE proxy; no predictive interval
3,207,2024-07-02,ml_optimized,AI forecast + cost-aware replenishment,xgb_stockout_aware,0.6055032014846802,0.446429,1.1928569999999998,1.9700259174107444,2,1,3,0.7,0.0,100.0,True,0.5873537985153197,25.0,0.0,0.0,50.0,50.0,0.39517739911874133,0.0,0.5714285714285714,100.0,61.25,Critical,Inventory coverage below assumed lead time,stockout|excess_inventory|demand_spike|forecast_uncertainty_proxy|replenishment_urgency,normalized holdout MAE proxy; no predictive interval
3,467,2024-07-02,ml_optimized,AI forecast + cost-aware replenishment,xgb_stockout_aware,1.979222059249878,1.457143,0.0,0.0,2,1,3,5.8,2.4,100.0,False,0.0,0.0,0.0,0.0,50.0,75.0,0.5991750216819871,0.42857142857142855,0.2857142857142857,100.0,61.25,Critical,Current simulated stockout exposure,stockout|demand_spike|forecast_uncertainty_proxy|replenishment_urgency,normalized holdout MAE proxy; no predictive interval
5,11,2024-07-02,ml_optimized,AI forecast + cost-aware replenishment,xgb_stockout_aware,0.8457955718040466,0.667857,2.5,2.9557969837411235,2,1,3,0.0,0.0,75.0,True,1.6542044281959534,50.0,0.4,50.0,50.0,50.0,0.37559416428418224,0.14285714285714285,0.2857142857142857,75.0,61.25,High,Stockout risk,stockout|excess_inventory|potential_spoilage|demand_spike|forecast_uncertainty_proxy|replenishment_urgency,normalized holdout MAE proxy; no predictive interval
11,72,2024-07-02,ml_optimized,AI forecast + cost-aware replenishment,xgb_stockout_aware,0.4259679615497589,0.330714,0.0,0.0,2,1,3,0.0,0.7,100.0,False,0.0,0.0,0.0,0.0,50.0,75.0,0.7043340493892802,0.7142857142857143,0.2857142857142857,100.0,61.25,Critical,Current simulated stockout exposure,stockout|demand_spike|forecast_uncertainty_proxy|replenishment_urgency,normalized holdout MAE proxy; no predictive interval
13,120,2024-07-02,ml_optimized,AI forecast + cost-aware replenishment,xgb_stockout_aware,0.4248369038105011,0.335357,0.0,0.0,2,1,3,0.0,0.2,100.0,False,0.0,0.0,0.0,0.0,50.0,75.0,0.5643411370424123,0.8571428571428571,0.42857142857142855,100.0,61.25,Critical,Current simulated stockout exposure,stockout|demand_spike|forecast_uncertainty_proxy|replenishment_urgency,normalized holdout MAE proxy; no predictive interval
13,280,2024-07-02,ml_optimized,AI forecast + cost-aware replenishment,xgb_stockout_aware,1.9970190525054932,1.594286,2.8000000000000003,1.4020897780054096,2,1,3,2.3,0.0,100.0,True,0.8029809474945071,25.0,0.0,0.0,50.0,50.0,0.27895865897218625,0.14285714285714285,0.2857142857142857,100.0,61.25,Critical,Inventory coverage below assumed lead time,stockout|excess_inventory|demand_spike|forecast_uncertainty_proxy|replenishment_urgency,normalized holdout MAE proxy; no predictive interval
21,259,2024-07-02,ml_optimized,AI forecast + cost-aware replenishment,xgb_stockout_aware,0.5341364741325378,0.4,0.0,0.0,2,1,3,0.0,1.1,100.0,False,0.0,0.0,0.0,0.0,50.0,75.0,0.5311172923376393,0.7142857142857143,0.42857142857142855,100.0,61.25,Critical,Current simulated stockout exposure,stockout|demand_spike|forecast_uncertainty_proxy|replenishment_urgency,normalized holdout MAE proxy; no predictive interval
52,467,2024-07-02,ml_optimized,AI forecast + cost-aware replenishment,xgb_stockout_aware,2.176729679107666,1.525,0.0,0.0,2,1,3,4.2,0.3999999999999999,100.0,False,0.0,0.0,0.0,0.0,50.0,75.0,0.5136910598009627,0.5714285714285714,0.42857142857142855,100.0,61.25,Critical,Current simulated stockout exposure,stockout|demand_spike|forecast_uncertainty_proxy|replenishment_urgency,normalized holdout MAE proxy; no predictive interval
64,253,2024-07-02,ml_optimized,AI forecast + cost-aware replenishment,xgb_stockout_aware,0.49343249201774597,0.367857,0.0,0.0,2,1,3,0.0,0.0,100.0,False,0.0,0.0,0.0,0.0,50.0,75.0,0.9144939821341942,0.5714285714285714,0.5714285714285714,100.0,61.25,Critical,Inventory coverage below assumed lead time,stockout|demand_spike|forecast_uncertainty_proxy|replenishment_urgency,normalized holdout MAE proxy; no predictive interval
72,309,2024-07-02,ml_optimized,AI forecast + cost-aware replenishment,xgb_stockout_aware,2.925800323486328,2.007143,5.1,1.7431128020120445,2,1,3,7.4,0.0,100.0,True,2.1741996765136715,25.0,0.0,0.0,50.0,50.0,0.31451451720822843,0.14285714285714285,0.14285714285714285,100.0,61.25,Critical,Inventory coverage below assumed lead time,stockout|excess_inventory|demand_spike|forecast_uncertainty_proxy|replenishment_urgency,normalized holdout MAE proxy; no predictive interval
89,467,2024-07-02,ml_optimized,AI forecast + cost-aware replenishment,xgb_stockout_aware,1.1574852466583252,0.889286,1.2,1.0367302766617676,2,1,3,1.7,0.0,100.0,True,0.04251475334167476,25.0,0.0,0.0,50.0,50.0,0.35503749684853986,0.2857142857142857,0.2857142857142857,100.0,61.25,Critical,Inventory coverage below assumed lead time,stockout|excess_inventory|demand_spike|forecast_uncertainty_proxy|replenishment_urgency,normalized holdout MAE proxy; no predictive interval
111,694,2024-07-02,ml_optimized,AI forecast + cost-aware replenishment,xgb_stockout_aware,0.7121121883392334,0.525,0.0,0.0,2,1,3,0.0,0.09999999999999998,100.0,False,0.0,0.0,0.0,0.0,50.0,75.0,0.5992264618476233,0.2857142857142857,0.14285714285714285,100.0,61.25,Critical,Current simulated stockout exposure,stockout|demand_spike|forecast_uncertainty_proxy|replenishment_urgency,normalized holdout MAE proxy; no predictive interval
304,37,2024-07-02,ml_optimized,AI forecast + cost-aware replenishment,xgb_stockout_aware,1.1868555545806885,0.796429,2.0,1.6851250282993302,2,1,3,2.4,0.0,100.0,True,0.8131444454193115,25.0,0.0,0.0,50.0,50.0,0.3786507439613342,0.14285714285714285,0.14285714285714285,100.0,61.25,Critical,Inventory coverage below assumed lead time,stockout|excess_inventory|demand_spike|forecast_uncertainty_proxy|replenishment_urgency,normalized holdout MAE proxy; no predictive interval
352,836,2024-07-02,ml_optimized,AI forecast + cost-aware replenishment,xgb_stockout_aware,0.4844803214073181,0.332143,0.0,0.0,2,1,3,0.0,0.0,100.0,False,0.0,0.0,0.0,0.0,50.0,75.0,0.5451544137562022,0.5714285714285714,0.14285714285714285,100.0,61.25,Critical,Inventory coverage below assumed lead time,stockout|demand_spike|forecast_uncertainty_proxy|replenishment_urgency,normalized holdout MAE proxy; no predictive interval
389,467,2024-07-02,ml_optimized,AI forecast + cost-aware replenishment,xgb_stockout_aware,3.1399879455566406,2.442857,4.7,1.4968210329122167,2,1,3,9.7,0.0,100.0,True,1.5600120544433596,25.0,0.0,0.0,50.0,50.0,0.25911456777694375,0.14285714285714285,0.14285714285714285,100.0,61.25,Critical,Inventory coverage below assumed lead time,stockout|excess_inventory|demand_spike|forecast_uncertainty_proxy|replenishment_urgency,normalized holdout MAE proxy; no predictive interval
3,544,2024-07-02,ml_optimized,AI forecast + cost-aware replenishment,xgb_stockout_aware,0.9739179015159607,0.603571,3.8,3.9017662516368943,2,1,3,2.0,0.0,75.0,True,2.826082098484039,75.0,0.5000000000000001,50.0,75.0,50.0,0.4044917392730713,0.42857142857142855,0.14285714285714285,40.0,60.5,High,Stockout risk,stockout|excess_inventory|potential_spoilage|demand_spike|forecast_uncertainty_proxy|replenishment_urgency,normalized holdout MAE proxy; no predictive interval
0,190,2024-07-02,ml_optimized,AI forecast + cost-aware replenishment,xgb_stockout_aware,0.9151727557182312,0.935714,1.6,1.748303792920839,2,1,3,0.0,0.0,100.0,True,0.6848272442817689,25.0,0.0,0.0,0.0,75.0,0.871468921502431,0.0,0.8571428571428571,100.0,60.0,Critical,Inventory coverage below assumed lead time,stockout|excess_inventory|forecast_uncertainty_proxy|replenishment_urgency,normalized holdout MAE proxy; no predictive interval
1,830,2024-07-02,ml_optimized,AI forecast + cost-aware replenishment,xgb_stockout_aware,0.09104365110397339,0.232143,0.0,0.0,2,1,3,0.0,0.4,100.0,False,0.0,0.0,0.0,0.0,0.0,100.0,1.3687555458810592,0.5714285714285714,0.0,100.0,60.0,Critical,Current simulated stockout exposure,stockout|forecast_uncertainty_proxy|replenishment_urgency,normalized holdout MAE proxy; no predictive interval
3,389,2024-07-02,ml_optimized,AI forecast + cost-aware replenishment,xgb_stockout_aware,0.5881072282791138,0.482143,2.4000000000000004,4.0808884580839875,2,1,3,0.0,0.0,75.0,True,1.8118927717208866,100.0,1.7000000000000002,100.0,0.0,75.0,0.5957827583337441,0.2857142857142857,0.0,0.0,60.0,High,Stockout risk,stockout|excess_inventory|potential_spoilage|forecast_uncertainty_proxy,normalized holdout MAE proxy; no predictive interval
5,351,2024-07-02,ml_optimized,AI forecast + cost-aware replenishment,xgb_stockout_aware,0.5105452537536621,0.337143,0.0,0.0,2,1,3,0.0,0.6,100.0,False,0.0,0.0,0.0,0.0,75.0,50.0,0.4183496059255397,0.8571428571428571,0.42857142857142855,100.0,60.0,Critical,Current simulated stockout exposure,stockout|demand_spike|forecast_uncertainty_proxy|replenishment_urgency,normalized holdout MAE proxy; no predictive interval
5,638,2024-07-02,ml_optimized,AI forecast + cost-aware replenishment,xgb_stockout_aware,0.4029830992221832,0.616071,1.2,2.9777923747079638,2,1,3,0.4,0.0,75.0,True,0.7970169007778167,50.0,0.5,75.0,0.0,50.0,0.29458266737833194,0.14285714285714285,0.14285714285714285,75.0,60.0,High,Stockout risk,stockout|excess_inventory|potential_spoilage|forecast_uncertainty_proxy|replenishment_urgency,normalized holdout MAE proxy; no predictive interval
11,41,2024-07-02,ml_optimized,AI forecast + cost-aware replenishment,xgb_stockout_aware,1.366668939590454,1.210714,2.1999999999999997,1.6097534203559698,2,1,3,0.0,0.0,100.0,True,0.8333310604095456,25.0,0.0,0.0,0.0,75.0,0.7441091984510423,0.0,0.42857142857142855,100.0,60.0,Critical,Inventory coverage below assumed lead time,stockout|excess_inventory|forecast_uncertainty_proxy|replenishment_urgency,normalized holdout MAE proxy; no predictive interval
12,411,2024-07-02,ml_optimized,AI forecast + cost-aware replenishment,xgb_stockout_aware,0.5206255316734314,0.703571,0.7,1.3445364420565593,2,1,3,0.4,0.0,100.0,True,0.17937446832656856,25.0,0.0,0.0,0.0,75.0,0.6900929287075995,0.0,0.0,100.0,60.0,Critical,Inventory coverage below assumed lead time,stockout|excess_inventory|forecast_uncertainty_proxy|replenishment_urgency,normalized holdout MAE proxy; no predictive interval
21,467,2024-07-02,ml_optimized,AI forecast + cost-aware replenishment,xgb_stockout_aware,1.8012268543243408,1.146429,0.0,0.0,2,1,3,5.9,2.4000000000000004,100.0,False,0.0,0.0,0.0,0.0,75.0,50.0,0.49803944387369686,0.2857142857142857,0.42857142857142855,100.0,60.0,Critical,Current simulated stockout exposure,stockout|demand_spike|forecast_uncertainty_proxy|replenishment_urgency,normalized holdout MAE proxy; no predictive interval
23,287,2024-07-02,ml_optimized,AI forecast + cost-aware replenishment,xgb_stockout_aware,0.8406407237052917,0.728571,1.2,1.4274825929331147,2,1,3,1.8,0.0,100.0,True,0.3593592762947082,25.0,0.0,0.0,0.0,75.0,0.5104977282984504,0.14285714285714285,0.14285714285714285,100.0,60.0,Critical,Inventory coverage below assumed lead time,stockout|excess_inventory|forecast_uncertainty_proxy|replenishment_urgency,normalized holdout MAE proxy; no predictive interval
24,253,2024-07-02,ml_optimized,AI forecast + cost-aware replenishment,xgb_stockout_aware,0.560433566570282,0.463214,0.0,0.0,2,1,3,0.0,0.0,100.0,False,0.0,0.0,0.0,0.0,0.0,100.0,1.8468207674367085,0.2857142857142857,0.8571428571428571,100.0,60.0,Critical,Inventory coverage below assumed lead time,stockout|forecast_uncertainty_proxy|replenishment_urgency,normalized holdout MAE proxy; no predictive interval
25,45,2024-07-02,ml_optimized,AI forecast + cost-aware replenishment,xgb_stockout_aware,0.6986880302429199,0.613214,1.5000000000000002,2.1468809183384465,2,1,3,1.8,0.0,75.0,True,0.8013119697570803,50.0,0.40000000000000013,75.0,0.0,50.0,0.36646892070770265,0.14285714285714285,0.5714285714285714,75.0,60.0,High,Stockout risk,stockout|excess_inventory|potential_spoilage|forecast_uncertainty_proxy|replenishment_urgency,normalized holdout MAE proxy; no predictive interval
29,657,2024-07-02,ml_optimized,AI forecast + cost-aware replenishment,xgb_stockout_aware,0.3485513925552368,0.65,0.10000000000000006,0.28690173712088246,2,1,3,0.4,0.0,100.0,False,0.0,0.0,0.0,0.0,0.0,100.0,2.541406825184822,0.0,0.0,100.0,60.0,Critical,Inventory coverage below assumed lead time,stockout|forecast_uncertainty_proxy|replenishment_urgency,normalized holdout MAE proxy; no predictive interval
36,573,2024-07-02,ml_optimized,AI forecast + cost-aware replenishment,xgb_stockout_aware,0.4284369647502899,0.632143,0.8,1.8672525151191655,2,1,3,0.6,0.0,100.0,True,0.3715630352497101,25.0,0.0,0.0,0.0,75.0,0.530728260676066,0.14285714285714285,0.8571428571428571,100.0,60.0,Critical,Inventory coverage below assumed lead time,stockout|excess_inventory|forecast_uncertainty_proxy|replenishment_urgency,normalized holdout MAE proxy; no predictive interval
42,50,2024-07-02,ml_optimized,AI forecast + cost-aware replenishment,xgb_stockout_aware,0.50875324010849,0.942857,0.8,1.572471557781927,2,1,3,1.5,0.0,100.0,True,0.29124675989151005,25.0,0.0,0.0,0.0,75.0,0.5677413137062737,0.0,0.42857142857142855,100.0,60.0,Critical,Inventory coverage below assumed lead time,stockout|excess_inventory|forecast_uncertainty_proxy|replenishment_urgency,normalized holdout MAE proxy; no predictive interval
64,108,2024-07-02,ml_optimized,AI forecast + cost-aware replenishment,xgb_stockout_aware,0.4765145778656006,0.246429,0.0,0.0,2,1,3,0.0,0.8,100.0,False,0.0,0.0,0.0,0.0,75.0,50.0,0.3314285775025686,0.8571428571428571,0.7142857142857143,100.0,60.0,Critical,Current simulated stockout exposure,stockout|demand_spike|forecast_uncertainty_proxy|replenishment_urgency,normalized holdout MAE proxy; no predictive interval
68,115,2024-07-02,ml_optimized,AI forecast + cost-aware replenishment,xgb_stockout_aware,0.3927893042564392,0.517857,0.49999999999999994,1.2729470853248244,2,1,3,0.8,0.0,100.0,True,0.10721069574356074,25.0,0.0,0.0,0.0,75.0,0.5648030972480773,0.0,0.0,100.0,60.0,Critical,Inventory coverage below assumed lead time,stockout|excess_inventory|forecast_uncertainty_proxy|replenishment_urgency,normalized holdout MAE proxy; no predictive interval
68,190,2024-07-02,ml_optimized,AI forecast + cost-aware replenishment,xgb_stockout_aware,0.48323139548301697,0.314286,0.0,0.0,2,1,3,0.0,0.4,100.0,False,0.0,0.0,0.0,0.0,75.0,50.0,0.27548425584226044,0.8571428571428571,0.5714285714285714,100.0,60.0,Critical,Current simulated stockout exposure,stockout|demand_spike|forecast_uncertainty_proxy|replenishment_urgency,normalized holdout MAE proxy; no predictive interval
70,210,2024-07-02,ml_optimized,AI forecast + cost-aware replenishment,xgb_stockout_aware,0.759097158908844,0.72,1.6,2.1077670772736163,2,1,3,0.4,0.0,75.0,True,0.8409028410911561,50.0,0.5000000000000001,75.0,0.0,50.0,0.41168769473029726,0.0,0.42857142857142855,75.0,60.0,High,Stockout risk,stockout|excess_inventory|potential_spoilage|forecast_uncertainty_proxy|replenishment_urgency,normalized holdout MAE proxy; no predictive interval
72,50,2024-07-02,ml_optimized,AI forecast + cost-aware replenishment,xgb_stockout_aware,0.5691850185394287,0.596786,0.7000000000000001,1.2298285745402302,2,1,3,1.9,0.0,100.0,True,0.13081498146057136,25.0,0.0,0.0,0.0,75.0,0.7826681774716047,0.2857142857142857,0.7142857142857143,100.0,60.0,Critical,Inventory coverage below assumed lead time,stockout|excess_inventory|forecast_uncertainty_proxy|replenishment_urgency,normalized holdout MAE proxy; no predictive interval
77,441,2024-07-02,ml_optimized,AI forecast + cost-aware replenishment,xgb_stockout_aware,0.6078475713729858,0.614286,0.9000000000000001,1.4806343603004124,2,1,3,2.5,0.0,100.0,True,0.2921524286270143,25.0,0.0,0.0,0.0,75.0,0.5603206002193948,0.14285714285714285,0.0,100.0,60.0,Critical,Inventory coverage below assumed lead time,stockout|excess_inventory|forecast_uncertainty_proxy|replenishment_urgency,normalized holdout MAE proxy; no predictive interval
85,4,2024-07-02,ml_optimized,AI forecast + cost-aware replenishment,xgb_stockout_aware,0.13174419105052948,0.614286,0.0,0.0,2,1,3,0.0,0.2,100.0,False,0.0,0.0,0.0,0.0,0.0,100.0,1.1948499416603764,0.42857142857142855,0.5714285714285714,100.0,60.0,Critical,Current simulated stockout exposure,stockout|forecast_uncertainty_proxy|replenishment_urgency,normalized holdout MAE proxy; no predictive interval
85,116,2024-07-02,ml_optimized,AI forecast + cost-aware replenishment,xgb_stockout_aware,0.3137508034706116,0.308929,0.0,0.0,2,1,3,0.0,0.4,100.0,False,0.0,0.0,0.0,0.0,0.0,100.0,1.6063623160959404,0.2857142857142857,0.42857142857142855,100.0,60.0,Critical,Current simulated stockout exposure,stockout|forecast_uncertainty_proxy|replenishment_urgency,normalized holdout MAE proxy; no predictive interval
101,467,2024-07-02,ml_optimized,AI forecast + cost-aware replenishment,xgb_stockout_aware,2.0991291999816895,1.389286,0.30000000000000004,0.14291640552788124,2,1,3,5.7,0.0,100.0,False,0.0,0.0,0.0,0.0,75.0,50.0,0.42053651979991363,0.2857142857142857,0.2857142857142857,100.0,60.0,Critical,Inventory coverage below assumed lead time,stockout|demand_spike|forecast_uncertainty_proxy|replenishment_urgency,normalized holdout MAE proxy; no predictive interval
107,836,2024-07-02,ml_optimized,AI forecast + cost-aware replenishment,xgb_stockout_aware,0.4696201980113983,0.628571,0.6000000000000001,1.2776281823922686,2,1,3,0.3,0.0,100.0,True,0.13037980198860177,25.0,0.0,0.0,0.0,75.0,0.650047287940979,0.0,0.0,100.0,60.0,Critical,Inventory coverage below assumed lead time,stockout|excess_inventory|forecast_uncertainty_proxy|replenishment_urgency,normalized holdout MAE proxy; no predictive interval
116,836,2024-07-02,ml_optimized,AI forecast + cost-aware replenishment,xgb_stockout_aware,0.36105722188949585,0.421429,0.5,1.3848220439502206,2,1,3,0.5,0.0,100.0,True,0.13894277811050415,25.0,0.0,0.0,0.0,75.0,0.6920865022617838,0.0,0.0,100.0,60.0,Critical,Inventory coverage below assumed lead time,stockout|excess_inventory|forecast_uncertainty_proxy|replenishment_urgency,normalized holdout MAE proxy; no predictive interval
156,115,2024-07-02,ml_optimized,AI forecast + cost-aware replenishment,xgb_stockout_aware,0.7414753437042236,0.675,1.0000000000000002,1.348662512504128,2,1,3,0.0,0.0,100.0,True,0.2585246562957766,25.0,0.0,0.0,0.0,75.0,0.8236439603346366,0.14285714285714285,0.42857142857142855,100.0,60.0,Critical,Inventory coverage below assumed lead time,stockout|excess_inventory|forecast_uncertainty_proxy|replenishment_urgency,normalized holdout MAE proxy; no predictive interval
295,768,2024-07-02,ml_optimized,AI forecast + cost-aware replenishment,xgb_stockout_aware,0.8098286390304565,0.603571,1.9,2.346175361586025,2,1,3,0.6,0.0,100.0,True,1.0901713609695434,50.0,0.0,0.0,50.0,50.0,0.4678714177501735,0.7142857142857143,0.0,75.0,60.0,High,Stockout risk,stockout|excess_inventory|demand_spike|forecast_uncertainty_proxy|replenishment_urgency,normalized holdout MAE proxy; no predictive interval
310,4,2024-07-02,ml_optimized,AI forecast + cost-aware replenishment,xgb_stockout_aware,0.12287179380655289,1.585714,0.0,0.0,2,1,3,0.0,0.1,100.0,False,0.0,0.0,0.0,0.0,0.0,100.0,1.2303787507116797,0.5714285714285714,0.2857142857142857,100.0,60.0,Critical,Current simulated stockout exposure,stockout|forecast_uncertainty_proxy|replenishment_urgency,normalized holdout MAE proxy; no predictive interval
332,4,2024-07-02,ml_optimized,AI forecast + cost-aware replenishment,xgb_stockout_aware,0.13491882383823395,0.685714,2.0,14.82372839536443,2,1,3,0.0,0.0,75.0,True,1.865081176161766,100.0,0.7,75.0,0.0,100.0,1.453028216958046,0.2857142857142857,0.5714285714285714,0.0,60.0,High,Stockout risk,stockout|excess_inventory|potential_spoilage|forecast_uncertainty_proxy,normalized holdout MAE proxy; no predictive interval
333,253,2024-07-02,ml_optimized,AI forecast + cost-aware replenishment,xgb_stockout_aware,0.341055691242218,0.378571,0.0,0.0,2,1,3,0.0,0.0,100.0,False,0.0,0.0,0.0,0.0,0.0,100.0,1.1867461414898142,0.2857142857142857,0.5714285714285714,100.0,60.0,Critical,Inventory coverage below assumed lead time,stockout|forecast_uncertainty_proxy|replenishment_urgency,normalized holdout MAE proxy; no predictive interval
389,834,2024-07-02,ml_optimized,AI forecast + cost-aware replenishment,xgb_stockout_aware,2.443957805633545,3.717857,6.799999999999999,2.7823720951013886,2,1,3,0.0,0.0,75.0,True,4.356042194366454,50.0,1.1999999999999997,50.0,0.0,75.0,0.7448042795575899,0.0,0.0,75.0,60.0,High,Stockout risk,stockout|excess_inventory|potential_spoilage|forecast_uncertainty_proxy|replenishment_urgency,normalized holdout MAE proxy; no predictive interval
392,836,2024-07-02,ml_optimized,AI forecast + cost-aware replenishment,xgb_stockout_aware,0.488030344247818,0.632143,0.964286,1.975873040202482,2,1,3,0.0,0.0,100.0,True,0.476255655752182,25.0,0.0,0.0,0.0,75.0,0.5433249859248891,0.0,0.0,100.0,60.0,Critical,Inventory coverage below assumed lead time,stockout|excess_inventory|forecast_uncertainty_proxy|replenishment_urgency,normalized holdout MAE proxy; no predictive interval
456,116,2024-07-02,ml_optimized,AI forecast + cost-aware replenishment,xgb_stockout_aware,0.4652372896671295,0.439286,0.7000000000000001,1.504608541806354,2,1,3,1.0,0.0,100.0,True,0.23476271033287055,25.0,0.0,0.0,0.0,75.0,0.5280581558904339,0.0,0.5714285714285714,100.0,60.0,Critical,Inventory coverage below assumed lead time,stockout|excess_inventory|forecast_uncertainty_proxy|replenishment_urgency,normalized holdout MAE proxy; no predictive interval
495,134,2024-07-02,ml_optimized,AI forecast + cost-aware replenishment,xgb_stockout_aware,0.5664559006690979,0.496429,0.7999999999999998,1.4122899930162958,2,1,3,0.9,0.0,100.0,True,0.23354409933090192,25.0,0.0,0.0,0.0,75.0,0.7659823451723371,0.0,0.42857142857142855,100.0,60.0,Critical,Inventory coverage below assumed lead time,stockout|excess_inventory|forecast_uncertainty_proxy|replenishment_urgency,normalized holdout MAE proxy; no predictive interval
694,3,2024-07-02,ml_optimized,AI forecast + cost-aware replenishment,xgb_stockout_aware,0.8271381258964539,0.778571,0.9,1.0880891254100737,2,1,3,0.3,0.0,100.0,True,0.07286187410354616,25.0,0.0,0.0,0.0,75.0,0.7007185553128902,0.14285714285714285,0.14285714285714285,100.0,60.0,Critical,Inventory coverage below assumed lead time,stockout|excess_inventory|forecast_uncertainty_proxy|replenishment_urgency,normalized holdout MAE proxy; no predictive interval
531,367,2024-07-02,ml_optimized,AI forecast + cost-aware replenishment,xgb_stockout_aware,1.041180968284607,0.532143,3.6,3.45761218237706,2,1,3,0.8,0.0,100.0,True,2.558819031715393,75.0,0.0,0.0,75.0,50.0,0.33983464205442965,0.5714285714285714,0.14285714285714285,40.0,59.25,Medium,Stockout risk,stockout|excess_inventory|demand_spike|forecast_uncertainty_proxy|replenishment_urgency,normalized holdout MAE proxy; no predictive interval
743,676,2024-07-02,ml_optimized,AI forecast + cost-aware replenishment,xgb_stockout_aware,0.3829793632030487,0.475,1.4,3.6555494486467808,2,1,3,0.3,0.0,40.0,True,1.0170206367969512,75.0,1.0,100.0,0.0,100.0,1.1695593506097794,0.14285714285714285,0.0,40.0,59.25,Medium,Potential spoilage,stockout|excess_inventory|potential_spoilage|forecast_uncertainty_proxy|replenishment_urgency,normalized holdout MAE proxy; no predictive interval
5,525,2024-07-02,ml_optimized,AI forecast + cost-aware replenishment,xgb_stockout_aware,0.6826013922691345,0.504643,0.0,0.0,2,1,3,0.0,0.4,100.0,False,0.0,0.0,0.0,0.0,50.0,50.0,0.4487155772544243,0.8571428571428571,0.42857142857142855,100.0,57.5,Critical,Current simulated stockout exposure,stockout|demand_spike|forecast_uncertainty_proxy|replenishment_urgency,normalized holdout MAE proxy; no predictive interval
5,704,2024-07-02,ml_optimized,AI forecast + cost-aware replenishment,xgb_stockout_aware,0.5801479816436768,0.426786,0.0,0.0,2,1,3,0.0,0.6,100.0,False,0.0,0.0,0.0,0.0,50.0,50.0,0.2521105352437722,1.0,0.14285714285714285,100.0,57.5,Critical,Current simulated stockout exposure,stockout|demand_spike|forecast_uncertainty_proxy|replenishment_urgency,normalized holdout MAE proxy; no predictive interval
9,108,2024-07-02,ml_optimized,AI forecast + cost-aware replenishment,xgb_stockout_aware,0.38680365681648254,0.267857,0.0,0.0,2,1,3,0.0,0.2,100.0,False,0.0,0.0,0.0,0.0,50.0,50.0,0.3294095355888893,0.8571428571428571,0.42857142857142855,100.0,57.5,Critical,Current simulated stockout exposure,stockout|demand_spike|forecast_uncertainty_proxy|replenishment_urgency,normalized holdout MAE proxy; no predictive interval
10,116,2024-07-02,ml_optimized,AI forecast + cost-aware replenishment,xgb_stockout_aware,0.4720097482204437,0.345357,0.0,0.0,2,1,3,0.0,0.0,100.0,False,0.0,0.0,0.0,0.0,50.0,50.0,0.4047730612754822,0.7142857142857143,0.8571428571428571,100.0,57.5,Critical,Inventory coverage below assumed lead time,stockout|demand_spike|forecast_uncertainty_proxy|replenishment_urgency,normalized holdout MAE proxy; no predictive interval
13,44,2024-07-02,ml_optimized,AI forecast + cost-aware replenishment,xgb_stockout_aware,0.815264105796814,0.336429,3.5,4.293087326074792,2,1,3,0.8,0.0,100.0,True,2.684735894203186,100.0,0.0,0.0,100.0,50.0,0.3403597944661191,0.7142857142857143,0.14285714285714285,0.0,57.5,Medium,Stockout risk,stockout|excess_inventory|demand_spike|forecast_uncertainty_proxy,normalized holdout MAE proxy; no predictive interval
21,419,2024-07-02,ml_optimized,AI forecast + cost-aware replenishment,xgb_stockout_aware,0.5809934139251709,0.388929,0.0,0.0,2,1,3,0.0,0.9,100.0,False,0.0,0.0,0.0,0.0,50.0,50.0,0.25757708756820014,0.8571428571428571,0.14285714285714285,100.0,57.5,Critical,Current simulated stockout exposure,stockout|demand_spike|forecast_uncertainty_proxy|replenishment_urgency,normalized holdout MAE proxy; no predictive interval
36,45,2024-07-02,ml_optimized,AI forecast + cost-aware replenishment,xgb_stockout_aware,0.6169884204864502,0.485714,0.0,0.0,2,1,3,0.0,0.8,100.0,False,0.0,0.0,0.0,0.0,50.0,50.0,0.3741018747289976,0.8571428571428571,0.8571428571428571,100.0,57.5,Critical,Current simulated stockout exposure,stockout|demand_spike|forecast_uncertainty_proxy|replenishment_urgency,normalized holdout MAE proxy; no predictive interval
36,254,2024-07-02,ml_optimized,AI forecast + cost-aware replenishment,xgb_stockout_aware,0.4849758744239807,0.377143,0.0,0.0,2,1,3,0.0,0.4,100.0,False,0.0,0.0,0.0,0.0,50.0,50.0,0.2687063831271547,0.8571428571428571,0.7142857142857143,100.0,57.5,Critical,Current simulated stockout exposure,stockout|demand_spike|forecast_uncertainty_proxy|replenishment_urgency,normalized holdout MAE proxy; no predictive interval
52,108,2024-07-02,ml_optimized,AI forecast + cost-aware replenishment,xgb_stockout_aware,0.4492495059967041,0.353571,0.0,0.0,2,1,3,0.0,0.6,100.0,False,0.0,0.0,0.0,0.0,50.0,50.0,0.42529332126889907,0.8571428571428571,0.2857142857142857,100.0,57.5,Critical,Current simulated stockout exposure,stockout|demand_spike|forecast_uncertainty_proxy|replenishment_urgency,normalized holdout MAE proxy; no predictive interval
64,200,2024-07-02,ml_optimized,AI forecast + cost-aware replenishment,xgb_stockout_aware,0.63145911693573,0.482143,0.0,0.0,2,1,3,0.0,0.4,100.0,False,0.0,0.0,0.0,0.0,50.0,50.0,0.2674893357537009,0.7142857142857143,0.5714285714285714,100.0,57.5,Critical,Current simulated stockout exposure,stockout|demand_spike|forecast_uncertainty_proxy|replenishment_urgency,normalized holdout MAE proxy; no predictive interval
70,336,2024-07-02,ml_optimized,AI forecast + cost-aware replenishment,xgb_stockout_aware,0.5030300617218018,0.371429,0.0,0.0,2,1,3,0.0,0.1,100.0,False,0.0,0.0,0.0,0.0,50.0,50.0,0.40170956269288677,0.8571428571428571,0.2857142857142857,100.0,57.5,Critical,Current simulated stockout exposure,stockout|demand_spike|forecast_uncertainty_proxy|replenishment_urgency,normalized holdout MAE proxy; no predictive interval
71,45,2024-07-02,ml_optimized,AI forecast + cost-aware replenishment,xgb_stockout_aware,0.7122674584388733,0.285714,3.2,4.492694369350616,2,1,3,0.4,0.0,100.0,True,2.487732541561127,100.0,0.0,0.0,100.0,50.0,0.4887365768937504,0.7142857142857143,0.8571428571428571,0.0,57.5,Medium,Stockout risk,stockout|excess_inventory|demand_spike|forecast_uncertainty_proxy,normalized holdout MAE proxy; no predictive interval
89,41,2024-07-02,ml_optimized,AI forecast + cost-aware replenishment,xgb_stockout_aware,0.7466389536857605,0.502857,0.0,0.0,2,1,3,1.0,0.5,100.0,False,0.0,0.0,0.0,0.0,50.0,50.0,0.4176167371321698,0.7142857142857143,0.5714285714285714,100.0,57.5,Critical,Current simulated stockout exposure,stockout|demand_spike|forecast_uncertainty_proxy|replenishment_urgency,normalized holdout MAE proxy; no predictive interval
102,287,2024-07-02,ml_optimized,AI forecast + cost-aware replenishment,xgb_stockout_aware,0.7381072044372559,0.589286,1.5,2.0322251171408396,2,1,3,0.7,0.0,75.0,True,0.7618927955627441,50.0,0.0,0.0,50.0,75.0,0.5714364752173424,0.14285714285714285,0.14285714285714285,75.0,57.5,High,Stockout risk,stockout|excess_inventory|demand_spike|forecast_uncertainty_proxy|replenishment_urgency,normalized holdout MAE proxy; no predictive interval
352,605,2024-07-02,ml_optimized,AI forecast + cost-aware replenishment,xgb_stockout_aware,0.5045976638793945,0.385714,0.0,0.0,2,1,3,0.0,0.7,100.0,False,0.0,0.0,0.0,0.0,50.0,50.0,0.4840082585811615,0.7142857142857143,0.7142857142857143,100.0,57.5,Critical,Current simulated stockout exposure,stockout|demand_spike|forecast_uncertainty_proxy|replenishment_urgency,normalized holdout MAE proxy; no predictive interval
830,467,2024-07-02,ml_optimized,AI forecast + cost-aware replenishment,xgb_stockout_aware,1.268438696861267,0.985714,0.0,0.0,2,1,3,2.5,0.5,100.0,False,0.0,0.0,0.0,0.0,50.0,50.0,0.4376281487445036,0.2857142857142857,0.2857142857142857,100.0,57.5,Critical,Current simulated stockout exposure,stockout|demand_spike|forecast_uncertainty_proxy|replenishment_urgency,normalized holdout MAE proxy; no predictive interval
848,467,2024-07-02,ml_optimized,AI forecast + cost-aware replenishment,xgb_stockout_aware,1.4891997575759888,1.157143,0.0,0.0,2,1,3,0.8,2.5,100.0,False,0.0,0.0,0.0,0.0,50.0,50.0,0.4457417350925811,0.2857142857142857,0.0,100.0,57.5,Critical,Current simulated stockout exposure,stockout|demand_spike|forecast_uncertainty_proxy|replenishment_urgency,normalized holdout MAE proxy; no predictive interval
9,129,2024-07-02,ml_optimized,AI forecast + cost-aware replenishment,xgb_stockout_aware,0.9755846261978149,0.778571,3.8000000000000003,3.8951003305678285,2,1,3,0.0,0.0,40.0,True,2.8244153738021853,75.0,1.6,75.0,50.0,75.0,0.8409316821531817,0.14285714285714285,0.7142857142857143,40.0,56.75,Medium,Excess inventory,stockout|excess_inventory|potential_spoilage|demand_spike|forecast_uncertainty_proxy|replenishment_urgency,normalized holdout MAE proxy; no predictive interval
0,4,2024-07-02,ml_optimized,AI forecast + cost-aware replenishment,xgb_stockout_aware,0.3128202557563782,1.703571,0.0,0.0,2,1,3,0.0,0.6,100.0,False,0.0,0.0,0.0,0.0,0.0,75.0,0.8995658887757195,0.42857142857142855,0.42857142857142855,100.0,56.25,Critical,Current simulated stockout exposure,stockout|forecast_uncertainty_proxy|replenishment_urgency,normalized holdout MAE proxy; no predictive interval
0,26,2024-07-02,ml_optimized,AI forecast + cost-aware replenishment,xgb_stockout_aware,0.6641488075256348,0.82,0.8999999999999997,1.3551179943438527,2,1,3,0.0,0.0,100.0,True,0.23585119247436492,25.0,0.0,0.0,0.0,50.0,0.2754184199917701,0.0,0.0,100.0,56.25,Critical,Inventory coverage below assumed lead time,stockout|excess_inventory|forecast_uncertainty_proxy|replenishment_urgency,normalized holdout MAE proxy; no predictive interval
0,194,2024-07-02,ml_optimized,AI forecast + cost-aware replenishment,xgb_stockout_aware,0.5666528940200806,0.675714,1.1,1.9412236513893446,2,1,3,0.0,0.0,100.0,True,0.5333471059799195,25.0,0.0,0.0,0.0,50.0,0.4030015245079994,0.0,0.7142857142857143,100.0,56.25,Critical,Inventory coverage below assumed lead time,stockout|excess_inventory|forecast_uncertainty_proxy|replenishment_urgency,normalized holdout MAE proxy; no predictive interval
0,207,2024-07-02,ml_optimized,AI forecast + cost-aware replenishment,xgb_stockout_aware,1.4765219688415527,1.221429,3.9000000000000004,2.641342345254677,2,1,3,0.0,0.0,75.0,True,2.4234780311584476,50.0,0.10000000000000009,50.0,0.0,50.0,0.28548485747838426,0.14285714285714285,0.5714285714285714,75.0,56.25,High,Stockout risk,stockout|excess_inventory|potential_spoilage|forecast_uncertainty_proxy|replenishment_urgency,normalized holdout MAE proxy; no predictive interval
0,214,2024-07-02,ml_optimized,AI forecast + cost-aware replenishment,xgb_stockout_aware,0.2946922183036804,0.366071,0.39999999999999997,1.3573483626493315,2,1,3,0.5,0.0,100.0,True,0.10530778169631955,25.0,0.0,0.0,0.0,50.0,0.3557774532924998,0.0,0.5714285714285714,100.0,56.25,Critical,Inventory coverage below assumed lead time,stockout|excess_inventory|forecast_uncertainty_proxy|replenishment_urgency,normalized holdout MAE proxy; no predictive interval
0,296,2024-07-02,ml_optimized,AI forecast + cost-aware replenishment,xgb_stockout_aware,1.2445578575134277,1.454286,2.3,1.8480458631270862,2,1,3,1.0,0.0,100.0,True,1.055442142486572,25.0,0.0,0.0,0.0,50.0,0.2792232538524427,0.0,0.42857142857142855,100.0,56.25,Critical,Inventory coverage below assumed lead time,stockout|excess_inventory|forecast_uncertainty_proxy|replenishment_urgency,normalized holdout MAE proxy; no predictive interval
3,11,2024-07-02,ml_optimized,AI forecast + cost-aware replenishment,xgb_stockout_aware,0.7106732726097107,0.653571,1.2,1.6885396514116817,2,1,3,1.8,0.0,100.0,True,0.48932672739028926,25.0,0.0,0.0,0.0,50.0,0.3483819898138655,0.0,0.42857142857142855,100.0,56.25,Critical,Inventory coverage below assumed lead time,stockout|excess_inventory|forecast_uncertainty_proxy|replenishment_urgency,normalized holdout MAE proxy; no predictive interval
3,181,2024-07-02,ml_optimized,AI forecast + cost-aware replenishment,xgb_stockout_aware,0.7206465601921082,0.796786,1.2999999999999996,1.8039356208866784,2,1,3,1.3,0.0,100.0,True,0.5793534398078914,25.0,0.0,0.0,0.0,50.0,0.26508911756368786,0.14285714285714285,0.7142857142857143,100.0,56.25,Critical,Inventory coverage below assumed lead time,stockout|excess_inventory|forecast_uncertainty_proxy|replenishment_urgency,normalized holdout MAE proxy; no predictive interval
3,214,2024-07-02,ml_optimized,AI forecast + cost-aware replenishment,xgb_stockout_aware,0.33221346139907837,0.442857,0.4,1.2040451290427743,2,1,3,0.3,0.0,100.0,True,0.06778653860092165,25.0,0.0,0.0,0.0,50.0,0.33649011452992755,0.0,0.2857142857142857,100.0,56.25,Critical,Inventory coverage below assumed lead time,stockout|excess_inventory|forecast_uncertainty_proxy|replenishment_urgency,normalized holdout MAE proxy; no predictive interval
5,387,2024-07-02,ml_optimized,AI forecast + cost-aware replenishment,xgb_stockout_aware,0.7628522515296936,0.653571,1.4,1.8352177596548729,2,1,3,0.7,0.0,100.0,True,0.6371477484703063,25.0,0.0,0.0,0.0,50.0,0.3779856329028671,0.14285714285714285,0.14285714285714285,100.0,56.25,Critical,Inventory coverage below assumed lead time,stockout|excess_inventory|forecast_uncertainty_proxy|replenishment_urgency,normalized holdout MAE proxy; no predictive interval
5,467,2024-07-02,ml_optimized,AI forecast + cost-aware replenishment,xgb_stockout_aware,0.30147895216941833,0.732143,0.0,0.0,2,1,3,0.0,0.0,100.0,False,0.0,0.0,0.0,0.0,0.0,75.0,0.567335045337677,0.0,0.0,100.0,56.25,Critical,Inventory coverage below assumed lead time,stockout|forecast_uncertainty_proxy|replenishment_urgency,normalized holdout MAE proxy; no predictive interval
5,683,2024-07-02,ml_optimized,AI forecast + cost-aware replenishment,xgb_stockout_aware,0.5042191743850708,0.482143,0.0,0.0,2,1,3,0.0,0.0,100.0,False,0.0,0.0,0.0,0.0,0.0,75.0,0.8227970630694658,0.2857142857142857,0.42857142857142855,100.0,56.25,Critical,Inventory coverage below assumed lead time,stockout|forecast_uncertainty_proxy|replenishment_urgency,normalized holdout MAE proxy; no predictive interval
9,6,2024-07-02,ml_optimized,AI forecast + cost-aware replenishment,xgb_stockout_aware,0.8912882208824158,0.778571,1.3,1.458562976085268,2,1,3,1.5,0.0,100.0,True,0.4087117791175843,25.0,0.0,0.0,0.0,50.0,0.317494615702562,0.14285714285714285,0.2857142857142857,100.0,56.25,Critical,Inventory coverage below assumed lead time,stockout|excess_inventory|forecast_uncertainty_proxy|replenishment_urgency,normalized holdout MAE proxy; no predictive interval
9,215,2024-07-02,ml_optimized,AI forecast + cost-aware replenishment,xgb_stockout_aware,2.8804984092712402,3.535714,4.3,1.4927972138987886,2,1,3,1.8,0.0,100.0,True,1.4195015907287596,25.0,0.0,0.0,0.0,50.0,0.3924848454020848,0.0,0.42857142857142855,100.0,56.25,Critical,Inventory coverage below assumed lead time,stockout|excess_inventory|forecast_uncertainty_proxy|replenishment_urgency,normalized holdout MAE proxy; no predictive interval
9,467,2024-07-02,ml_optimized,AI forecast + cost-aware replenishment,xgb_stockout_aware,2.311589479446411,2.392857,4.4,1.9034521653272667,2,1,3,7.0,0.0,100.0,True,2.0884105205535892,25.0,0.0,0.0,0.0,50.0,0.3609772711823889,0.14285714285714285,0.2857142857142857,100.0,56.25,Critical,Inventory coverage below assumed lead time,stockout|excess_inventory|forecast_uncertainty_proxy|replenishment_urgency,normalized holdout MAE proxy; no predictive interval
10,118,2024-07-02,ml_optimized,AI forecast + cost-aware replenishment,xgb_stockout_aware,0.639694333076477,0.725,0.0,0.0,2,1,3,0.8,0.3999999999999999,100.0,False,0.0,0.0,0.0,0.0,0.0,75.0,0.5134242446160278,0.14285714285714285,0.14285714285714285,100.0,56.25,Critical,Current simulated stockout exposure,stockout|forecast_uncertainty_proxy|replenishment_urgency,normalized holdout MAE proxy; no predictive interval
10,129,2024-07-02,ml_optimized,AI forecast + cost-aware replenishment,xgb_stockout_aware,0.5620343089103699,0.478571,0.0,0.0,2,1,3,0.0,0.8,100.0,False,0.0,0.0,0.0,0.0,0.0,75.0,0.7696673274040221,0.42857142857142855,0.5714285714285714,100.0,56.25,Critical,Current simulated stockout exposure,stockout|forecast_uncertainty_proxy|replenishment_urgency,normalized holdout MAE proxy; no predictive interval
10,191,2024-07-02,ml_optimized,AI forecast + cost-aware replenishment,xgb_stockout_aware,1.163852572441101,0.717857,3.0999999999999996,2.6635675973099944,2,1,3,1.6,0.0,75.0,True,1.9361474275588986,50.0,0.0,0.0,75.0,50.0,0.41819197982549666,0.2857142857142857,0.42857142857142855,75.0,56.25,High,Stockout risk,stockout|excess_inventory|demand_spike|forecast_uncertainty_proxy|replenishment_urgency,normalized holdout MAE proxy; no predictive interval
10,631,2024-07-02,ml_optimized,AI forecast + cost-aware replenishment,xgb_stockout_aware,0.4741605818271637,0.483571,0.4999999999999998,1.0544950785939748,2,1,3,1.1,0.0,100.0,True,0.02583941817283608,25.0,0.0,0.0,0.0,50.0,0.4615614825281604,0.14285714285714285,0.8571428571428571,100.0,56.25,Critical,Inventory coverage below assumed lead time,stockout|excess_inventory|forecast_uncertainty_proxy|replenishment_urgency,normalized holdout MAE proxy; no predictive interval
10,666,2024-07-02,ml_optimized,AI forecast + cost-aware replenishment,xgb_stockout_aware,0.6600176095962524,0.542857,0.0,0.0,2,1,3,0.0,0.0,100.0,False,0.0,0.0,0.0,0.0,0.0,75.0,0.6276071038511064,0.5714285714285714,0.5714285714285714,100.0,56.25,Critical,Inventory coverage below assumed lead time,stockout|forecast_uncertainty_proxy|replenishment_urgency,normalized holdout MAE proxy; no predictive interval
11,76,2024-07-02,ml_optimized,AI forecast + cost-aware replenishment,xgb_stockout_aware,0.8944337964057922,0.789286,1.2,1.3416308784642308,2,1,3,2.3,0.0,100.0,True,0.3055662035942077,25.0,0.0,0.0,0.0,50.0,0.4808731438727353,0.0,0.5714285714285714,100.0,56.25,Critical,Inventory coverage below assumed lead time,stockout|excess_inventory|forecast_uncertainty_proxy|replenishment_urgency,normalized holdout MAE proxy; no predictive interval
13,229,2024-07-02,ml_optimized,AI forecast + cost-aware replenishment,xgb_stockout_aware,0.5581446886062622,0.69675,1.0935,1.9591694095138097,2,1,3,0.6,0.0,100.0,True,0.5353553113937377,25.0,0.0,0.0,0.0,50.0,0.27135499954223635,0.0,0.14285714285714285,100.0,56.25,Critical,Inventory coverage below assumed lead time,stockout|excess_inventory|forecast_uncertainty_proxy|replenishment_urgency,normalized holdout MAE proxy; no predictive interval
13,403,2024-07-02,ml_optimized,AI forecast + cost-aware replenishment,xgb_stockout_aware,0.3779628574848175,0.341429,0.0,0.0,2,1,3,0.0,0.3,100.0,False,0.0,0.0,0.0,0.0,0.0,75.0,0.5347905727950009,0.7142857142857143,0.42857142857142855,100.0,56.25,Critical,Current simulated stockout exposure,stockout|forecast_uncertainty_proxy|replenishment_urgency,normalized holdout MAE proxy; no predictive interval
13,541,2024-07-02,ml_optimized,AI forecast + cost-aware replenishment,xgb_stockout_aware,1.5754915475845337,1.017857,3.8357139999999994,2.434614140507912,2,1,3,1.5,0.0,75.0,True,2.2602224524154657,50.0,0.0,0.0,75.0,50.0,0.2773460450379745,0.0,0.42857142857142855,75.0,56.25,High,Stockout risk,stockout|excess_inventory|demand_spike|forecast_uncertainty_proxy|replenishment_urgency,normalized holdout MAE proxy; no predictive interval
13,666,2024-07-02,ml_optimized,AI forecast + cost-aware replenishment,xgb_stockout_aware,0.5016872882843018,0.503571,0.0,0.0,2,1,3,0.0,0.6,100.0,False,0.0,0.0,0.0,0.0,0.0,75.0,0.744751343360314,0.42857142857142855,0.42857142857142855,100.0,56.25,Critical,Current simulated stockout exposure,stockout|forecast_uncertainty_proxy|replenishment_urgency,normalized holdout MAE proxy; no predictive interval
13,836,2024-07-02,ml_optimized,AI forecast + cost-aware replenishment,xgb_stockout_aware,0.4088447391986847,0.457143,0.4,0.9783665084794293,2,1,3,1.4,0.0,100.0,False,0.0,0.0,0.0,0.0,0.0,75.0,0.9897427583734194,0.2857142857142857,0.0,100.0,56.25,Critical,Inventory coverage below assumed lead time,stockout|forecast_uncertainty_proxy|replenishment_urgency,normalized holdout MAE proxy; no predictive interval
14,4,2024-07-02,ml_optimized,AI forecast + cost-aware replenishment,xgb_stockout_aware,0.18134427070617676,0.889286,0.0,0.0,2,1,3,0.0,0.4,100.0,False,0.0,0.0,0.0,0.0,0.0,75.0,0.7638690535511291,0.5714285714285714,0.0,100.0,56.25,Critical,Current simulated stockout exposure,stockout|forecast_uncertainty_proxy|replenishment_urgency,normalized holdout MAE proxy; no predictive interval
14,183,2024-07-02,ml_optimized,AI forecast + cost-aware replenishment,xgb_stockout_aware,0.4248393774032593,0.379643,0.8,1.8830646181854203,2,1,3,0.2,0.0,100.0,True,0.37516062259674077,25.0,0.0,0.0,0.0,50.0,0.4034705789465653,0.14285714285714285,0.42857142857142855,100.0,56.25,Critical,Inventory coverage below assumed lead time,stockout|excess_inventory|forecast_uncertainty_proxy|replenishment_urgency,normalized holdout MAE proxy; no predictive interval
18,115,2024-07-02,ml_optimized,AI forecast + cost-aware replenishment,xgb_stockout_aware,0.557724118232727,0.8125,0.0,0.0,2,1,3,0.0,0.9000000000000001,100.0,False,0.0,0.0,0.0,0.0,0.0,75.0,0.6983337041103478,0.14285714285714285,0.14285714285714285,100.0,56.25,Critical,Current simulated stockout exposure,stockout|forecast_uncertainty_proxy|replenishment_urgency,normalized holdout MAE proxy; no predictive interval
20,206,2024-07-02,ml_optimized,AI forecast + cost-aware replenishment,xgb_stockout_aware,0.8067070841789246,0.528571,1.7000000000000002,2.107332429998776,2,1,3,1.5,0.0,75.0,True,0.8932929158210756,50.0,0.0,0.0,75.0,50.0,0.25049996901960936,0.2857142857142857,0.0,75.0,56.25,High,Stockout risk,stockout|excess_inventory|demand_spike|forecast_uncertainty_proxy|replenishment_urgency,normalized holdout MAE proxy; no predictive interval
21,330,2024-07-02,ml_optimized,AI forecast + cost-aware replenishment,xgb_stockout_aware,0.22306706011295319,0.675,0.30000000000000004,1.3448870480836157,2,1,3,0.0,0.0,100.0,True,0.07693293988704686,25.0,0.0,0.0,0.0,50.0,0.42707617580890644,0.0,0.0,100.0,56.25,Critical,Inventory coverage below assumed lead time,stockout|excess_inventory|forecast_uncertainty_proxy|replenishment_urgency,normalized holdout MAE proxy; no predictive interval
25,4,2024-07-02,ml_optimized,AI forecast + cost-aware replenishment,xgb_stockout_aware,0.35179534554481506,1.657143,0.0,0.0,2,1,3,0.0,0.6,100.0,False,0.0,0.0,0.0,0.0,0.0,75.0,0.6029164007731846,0.5714285714285714,0.8571428571428571,100.0,56.25,Critical,Current simulated stockout exposure,stockout|forecast_uncertainty_proxy|replenishment_urgency,normalized holdout MAE proxy; no predictive interval
25,65,2024-07-02,ml_optimized,AI forecast + cost-aware replenishment,xgb_stockout_aware,0.5405774116516113,0.931429,0.8999999999999999,1.6648864355065347,2,1,3,1.0,0.0,100.0,True,0.3594225883483886,25.0,0.0,0.0,0.0,50.0,0.35797119260735116,0.0,0.14285714285714285,100.0,56.25,Critical,Inventory coverage below assumed lead time,stockout|excess_inventory|forecast_uncertainty_proxy|replenishment_urgency,normalized holdout MAE proxy; no predictive interval
25,147,2024-07-02,ml_optimized,AI forecast + cost-aware replenishment,xgb_stockout_aware,0.22024554014205933,0.435714,0.0,0.0,2,1,3,0.0,0.4,100.0,False,0.0,0.0,0.0,0.0,0.0,75.0,0.5358566214209018,0.2857142857142857,0.2857142857142857,100.0,56.25,Critical,Current simulated stockout exposure,stockout|forecast_uncertainty_proxy|replenishment_urgency,normalized holdout MAE proxy; no predictive interval
25,153,2024-07-02,ml_optimized,AI forecast + cost-aware replenishment,xgb_stockout_aware,0.675857424736023,0.714286,0.9999999999999999,1.4796020039146287,2,1,3,0.5,0.0,100.0,True,0.32414257526397694,25.0,0.0,0.0,0.0,50.0,0.36096653398477807,0.0,0.2857142857142857,100.0,56.25,Critical,Inventory coverage below assumed lead time,stockout|excess_inventory|forecast_uncertainty_proxy|replenishment_urgency,normalized holdout MAE proxy; no predictive interval
25,393,2024-07-02,ml_optimized,AI forecast + cost-aware replenishment,xgb_stockout_aware,0.6905646324157715,0.656429,0.7999999999999999,1.1584723028768438,2,1,3,1.9,0.0,100.0,True,0.10943536758422845,25.0,0.0,0.0,0.0,50.0,0.47565952179923887,0.14285714285714285,0.7142857142857143,100.0,56.25,Critical,Inventory coverage below assumed lead time,stockout|excess_inventory|forecast_uncertainty_proxy|replenishment_urgency,normalized holdout MAE proxy; no predictive interval
25,394,2024-07-02,ml_optimized,AI forecast + cost-aware replenishment,xgb_stockout_aware,0.6163230538368225,0.562857,0.9999999999999998,1.6225257091628433,2,1,3,0.6,0.0,100.0,True,0.38367694616317727,25.0,0.0,0.0,0.0,50.0,0.4156890896459421,0.14285714285714285,0.42857142857142855,100.0,56.25,Critical,Inventory coverage below assumed lead time,stockout|excess_inventory|forecast_uncertainty_proxy|replenishment_urgency,normalized holdout MAE proxy; no predictive interval
25,461,2024-07-02,ml_optimized,AI forecast + cost-aware replenishment,xgb_stockout_aware,0.769965648651123,0.964286,1.5285710000000001,1.9852457089194204,2,1,3,1.1,0.0,100.0,True,0.7586053513488771,25.0,0.0,0.0,0.0,50.0,0.3609879817048164,0.0,0.42857142857142855,100.0,56.25,Critical,Inventory coverage below assumed lead time,stockout|excess_inventory|forecast_uncertainty_proxy|replenishment_urgency,normalized holdout MAE proxy; no predictive interval
29,410,2024-07-02,ml_optimized,AI forecast + cost-aware replenishment,xgb_stockout_aware,0.17594082653522491,0.503571,0.0,0.0,2,1,3,0.0,0.19999999999999998,100.0,False,0.0,0.0,0.0,0.0,0.0,75.0,0.5271497431554293,0.2857142857142857,0.0,100.0,56.25,Critical,Current simulated stockout exposure,stockout|forecast_uncertainty_proxy|replenishment_urgency,normalized holdout MAE proxy; no predictive interval
29,862,2024-07-02,ml_optimized,AI forecast + cost-aware replenishment,xgb_stockout_aware,0.16349315643310547,0.217857,0.0,0.0,2,1,3,0.0,0.5,100.0,False,0.0,0.0,0.0,0.0,0.0,75.0,0.7110162007489376,0.42857142857142855,0.0,100.0,56.25,Critical,Current simulated stockout exposure,stockout|forecast_uncertainty_proxy|replenishment_urgency,normalized holdout MAE proxy; no predictive interval
34,17,2024-07-02,ml_optimized,AI forecast + cost-aware replenishment,xgb_stockout_aware,0.532640814781189,0.689286,0.5999999999999999,1.126462680571113,2,1,3,0.4,0.0,100.0,True,0.0673591852188109,25.0,0.0,0.0,0.0,50.0,0.3195654444578217,0.0,0.14285714285714285,100.0,56.25,Critical,Inventory coverage below assumed lead time,stockout|excess_inventory|forecast_uncertainty_proxy|replenishment_urgency,normalized holdout MAE proxy; no predictive interval
34,251,2024-07-02,ml_optimized,AI forecast + cost-aware replenishment,xgb_stockout_aware,0.3136765658855438,0.485714,0.0,0.0,2,1,3,0.0,0.0,100.0,False,0.0,0.0,0.0,0.0,0.0,75.0,0.67841468986712,0.0,0.0,100.0,56.25,Critical,Inventory coverage below assumed lead time,stockout|forecast_uncertainty_proxy|replenishment_urgency,normalized holdout MAE proxy; no predictive interval
34,411,2024-07-02,ml_optimized,AI forecast + cost-aware replenishment,xgb_stockout_aware,0.7661203145980835,1.067857,1.7000000000000002,2.218972617756314,2,1,3,1.8,0.0,75.0,True,0.9338796854019167,50.0,0.40000000000000013,50.0,0.0,50.0,0.39472974008984035,0.0,0.0,75.0,56.25,High,Stockout risk,stockout|excess_inventory|potential_spoilage|forecast_uncertainty_proxy|replenishment_urgency,normalized holdout MAE proxy; no predictive interval
34,662,2024-07-02,ml_optimized,AI forecast + cost-aware replenishment,xgb_stockout_aware,0.4866669774055481,0.510714,0.30000000000000004,0.6164379625659392,2,1,3,0.0,0.0,100.0,False,0.0,0.0,0.0,0.0,0.0,75.0,0.9314883424014582,0.14285714285714285,0.8571428571428571,100.0,56.25,Critical,Inventory coverage below assumed lead time,stockout|forecast_uncertainty_proxy|replenishment_urgency,normalized holdout MAE proxy; no predictive interval
36,69,2024-07-02,ml_optimized,AI forecast + cost-aware replenishment,xgb_stockout_aware,0.43196961283683777,0.446429,0.0,0.0,2,1,3,0.0,0.7,100.0,False,0.0,0.0,0.0,0.0,0.0,75.0,0.8438769714398816,0.5714285714285714,0.5714285714285714,100.0,56.25,Critical,Current simulated stockout exposure,stockout|forecast_uncertainty_proxy|replenishment_urgency,normalized holdout MAE proxy; no predictive interval
41,411,2024-07-02,ml_optimized,AI forecast + cost-aware replenishment,xgb_stockout_aware,0.5768992900848389,0.764286,1.1,1.906745282765444,2,1,3,0.0,0.0,100.0,True,0.5231007099151612,25.0,0.0,0.0,0.0,50.0,0.39621017700017885,0.0,0.0,100.0,56.25,Critical,Inventory coverage below assumed lead time,stockout|excess_inventory|forecast_uncertainty_proxy|replenishment_urgency,normalized holdout MAE proxy; no predictive interval
42,4,2024-07-02,ml_optimized,AI forecast + cost-aware replenishment,xgb_stockout_aware,0.3672124743461609,1.832143,0.0,0.0,2,1,3,0.0,0.0,100.0,False,0.0,0.0,0.0,0.0,0.0,75.0,0.7653483516640134,0.2857142857142857,0.5714285714285714,100.0,56.25,Critical,Inventory coverage below assumed lead time,stockout|forecast_uncertainty_proxy|replenishment_urgency,normalized holdout MAE proxy; no predictive interval
42,393,2024-07-02,ml_optimized,AI forecast + cost-aware replenishment,xgb_stockout_aware,0.8080458045005798,0.808929,1.0,1.2375536070236257,2,1,3,0.7,0.0,100.0,True,0.19195419549942017,25.0,0.0,0.0,0.0,50.0,0.2620930596003457,0.14285714285714285,0.7142857142857143,100.0,56.25,Critical,Inventory coverage below assumed lead time,stockout|excess_inventory|forecast_uncertainty_proxy|replenishment_urgency,normalized holdout MAE proxy; no predictive interval
42,456,2024-07-02,ml_optimized,AI forecast + cost-aware replenishment,xgb_stockout_aware,0.29882633686065674,0.395357,0.54,1.8070696367429053,2,1,3,0.0,0.0,100.0,True,0.2411736631393433,25.0,0.0,0.0,0.0,50.0,0.4924254230926373,0.14285714285714285,0.14285714285714285,100.0,56.25,Critical,Inventory coverage below assumed lead time,stockout|excess_inventory|forecast_uncertainty_proxy|replenishment_urgency,normalized holdout MAE proxy; no predictive interval
42,461,2024-07-02,ml_optimized,AI forecast + cost-aware replenishment,xgb_stockout_aware,0.7922968864440918,0.959286,0.9999999999999999,1.2621531361660407,2,1,3,1.6,0.0,100.0,True,0.2077031135559081,25.0,0.0,0.0,0.0,50.0,0.3417030057342714,0.0,0.5714285714285714,100.0,56.25,Critical,Inventory coverage below assumed lead time,stockout|excess_inventory|forecast_uncertainty_proxy|replenishment_urgency,normalized holdout MAE proxy; no predictive interval
42,503,2024-07-02,ml_optimized,AI forecast + cost-aware replenishment,xgb_stockout_aware,0.6403573155403137,0.671429,0.6999999999999998,1.0931396940618403,2,1,3,1.4,0.0,100.0,True,0.059642684459686124,25.0,0.0,0.0,0.0,50.0,0.3156646728515625,0.0,0.2857142857142857,100.0,56.25,Critical,Inventory coverage below assumed lead time,stockout|excess_inventory|forecast_uncertainty_proxy|replenishment_urgency,normalized holdout MAE proxy; no predictive interval
42,531,2024-07-02,ml_optimized,AI forecast + cost-aware replenishment,xgb_stockout_aware,0.8561385869979858,1.378929,1.3,1.5184457513571439,2,1,3,0.9,0.0,100.0,True,0.4438614130020142,25.0,0.0,0.0,0.0,50.0,0.2606914160521586,0.0,0.0,100.0,56.25,Critical,Inventory coverage below assumed lead time,stockout|excess_inventory|forecast_uncertainty_proxy|replenishment_urgency,normalized holdout MAE proxy; no predictive interval
46,63,2024-07-02,ml_optimized,AI forecast + cost-aware replenishment,xgb_stockout_aware,0.48907169699668884,0.435714,0.0,0.0,2,1,3,0.0,0.1,100.0,False,0.0,0.0,0.0,0.0,0.0,75.0,0.5811316048776782,0.7142857142857143,0.0,100.0,56.25,Critical,Current simulated stockout exposure,stockout|forecast_uncertainty_proxy|replenishment_urgency,normalized holdout MAE proxy; no predictive interval
52,26,2024-07-02,ml_optimized,AI forecast + cost-aware replenishment,xgb_stockout_aware,0.4947076737880707,0.555714,0.5900000000000001,1.1926235052758691,2,1,3,0.8,0.0,100.0,True,0.0952923262119294,25.0,0.0,0.0,0.0,50.0,0.34993983164132486,0.0,0.7142857142857143,100.0,56.25,Critical,Inventory coverage below assumed lead time,stockout|excess_inventory|forecast_uncertainty_proxy|replenishment_urgency,normalized holdout MAE proxy; no predictive interval
52,118,2024-07-02,ml_optimized,AI forecast + cost-aware replenishment,xgb_stockout_aware,0.564446210861206,0.517857,1.0,1.7716479989727383,2,1,3,1.2,0.0,100.0,True,0.43555378913879395,25.0,0.0,0.0,0.0,50.0,0.32186569637722434,0.2857142857142857,0.2857142857142857,100.0,56.25,Critical,Inventory coverage below assumed lead time,stockout|excess_inventory|forecast_uncertainty_proxy|replenishment_urgency,normalized holdout MAE proxy; no predictive interval
52,215,2024-07-02,ml_optimized,AI forecast + cost-aware replenishment,xgb_stockout_aware,1.6999436616897583,2.114286,4.5,2.647146550449185,2,1,3,0.0,0.0,75.0,True,2.8000563383102417,50.0,0.2999999999999998,50.0,0.0,50.0,0.36754289988813726,0.0,0.5714285714285714,75.0,56.25,High,Stockout risk,stockout|excess_inventory|potential_spoilage|forecast_uncertainty_proxy|replenishment_urgency,normalized holdout MAE proxy; no predictive interval
52,296,2024-07-02,ml_optimized,AI forecast + cost-aware replenishment,xgb_stockout_aware,0.3010089695453644,0.493929,0.29999999999999993,0.9966480415952775,2,1,3,0.2,0.0,100.0,False,0.0,0.0,0.0,0.0,0.0,75.0,0.6631876917985768,0.0,0.14285714285714285,100.0,56.25,Critical,Inventory coverage below assumed lead time,stockout|forecast_uncertainty_proxy|replenishment_urgency,normalized holdout MAE proxy; no predictive interval
52,486,2024-07-02,ml_optimized,AI forecast + cost-aware replenishment,xgb_stockout_aware,0.4931022822856903,0.764286,0.8,1.622381458653443,2,1,3,0.0,0.0,100.0,True,0.30689771771430974,25.0,0.0,0.0,0.0,50.0,0.3547354602232213,0.0,0.42857142857142855,100.0,56.25,Critical,Inventory coverage below assumed lead time,stockout|excess_inventory|forecast_uncertainty_proxy|replenishment_urgency,normalized holdout MAE proxy; no predictive interval
64,115,2024-07-02,ml_optimized,AI forecast + cost-aware replenishment,xgb_stockout_aware,0.4745423197746277,0.43,0.0,0.0,2,1,3,0.0,0.2,100.0,False,0.0,0.0,0.0,0.0,0.0,75.0,0.528784203913904,1.0,0.14285714285714285,100.0,56.25,Critical,Current simulated stockout exposure,stockout|forecast_uncertainty_proxy|replenishment_urgency,normalized holdout MAE proxy; no predictive interval
64,215,2024-07-02,ml_optimized,AI forecast + cost-aware replenishment,xgb_stockout_aware,4.624275207519531,5.528571,7.257143,1.5693579370447426,2,1,3,0.0,0.0,100.0,True,2.632867792480469,25.0,0.0,0.0,0.0,50.0,0.48960026105244947,0.0,0.2857142857142857,100.0,56.25,Critical,Inventory coverage below assumed lead time,stockout|excess_inventory|forecast_uncertainty_proxy|replenishment_urgency,normalized holdout MAE proxy; no predictive interval
64,296,2024-07-02,ml_optimized,AI forecast + cost-aware replenishment,xgb_stockout_aware,0.5053303837776184,1.566071,1.04,2.058059505991776,2,1,3,0.0,0.0,75.0,True,0.5346696162223816,50.0,0.0,0.0,0.0,100.0,1.225087823339812,0.0,0.14285714285714285,75.0,56.25,High,Stockout risk,stockout|excess_inventory|forecast_uncertainty_proxy|replenishment_urgency,normalized holdout MAE proxy; no predictive interval
68,71,2024-07-02,ml_optimized,AI forecast + cost-aware replenishment,xgb_stockout_aware,0.6391085982322693,0.752143,1.2,1.877615171066573,2,1,3,0.4,0.0,100.0,True,0.5608914017677307,25.0,0.0,0.0,0.0,50.0,0.4831724842389425,0.0,0.42857142857142855,100.0,56.25,Critical,Inventory coverage below assumed lead time,stockout|excess_inventory|forecast_uncertainty_proxy|replenishment_urgency,normalized holdout MAE proxy; no predictive interval
68,90,2024-07-02,ml_optimized,AI forecast + cost-aware replenishment,xgb_stockout_aware,0.7997755408287048,0.725,0.10000000000000009,0.12503508158849533,2,1,3,0.4,0.0,100.0,False,0.0,0.0,0.0,0.0,0.0,75.0,0.5081727868419583,0.0,0.2857142857142857,100.0,56.25,Critical,Inventory coverage below assumed lead time,stockout|forecast_uncertainty_proxy|replenishment_urgency,normalized holdout MAE proxy; no predictive interval
68,116,2024-07-02,ml_optimized,AI forecast + cost-aware replenishment,xgb_stockout_aware,0.40800759196281433,0.403571,0.0,0.0,2,1,3,0.0,0.8,100.0,False,0.0,0.0,0.0,0.0,0.0,75.0,0.6297816345185944,0.5714285714285714,0.42857142857142855,100.0,56.25,Critical,Current simulated stockout exposure,stockout|forecast_uncertainty_proxy|replenishment_urgency,normalized holdout MAE proxy; no predictive interval
68,304,2024-07-02,ml_optimized,AI forecast + cost-aware replenishment,xgb_stockout_aware,0.5129766464233398,0.8,1.0000000000000002,1.9494064826778466,2,1,3,1.2,0.0,100.0,True,0.4870233535766604,25.0,0.0,0.0,0.0,50.0,0.31436026096343994,0.0,0.0,100.0,56.25,Critical,Inventory coverage below assumed lead time,stockout|excess_inventory|forecast_uncertainty_proxy|replenishment_urgency,normalized holdout MAE proxy; no predictive interval
68,467,2024-07-02,ml_optimized,AI forecast + cost-aware replenishment,xgb_stockout_aware,1.0354673862457275,0.971429,0.9999999999999998,0.9657474617579979,2,1,3,0.0,0.0,100.0,False,0.0,0.0,0.0,0.0,0.0,75.0,0.5758999988257166,0.42857142857142855,0.14285714285714285,100.0,56.25,Critical,Inventory coverage below assumed lead time,stockout|forecast_uncertainty_proxy|replenishment_urgency,normalized holdout MAE proxy; no predictive interval
70,4,2024-07-02,ml_optimized,AI forecast + cost-aware replenishment,xgb_stockout_aware,0.11556785553693771,0.532143,0.0,0.0,2,1,3,0.0,0.3,100.0,False,0.0,0.0,0.0,0.0,0.0,75.0,0.7502276911400257,0.5714285714285714,0.5714285714285714,100.0,56.25,Critical,Current simulated stockout exposure,stockout|forecast_uncertainty_proxy|replenishment_urgency,normalized holdout MAE proxy; no predictive interval
70,294,2024-07-02,ml_optimized,AI forecast + cost-aware replenishment,xgb_stockout_aware,0.35633569955825806,0.442857,0.19999999999999996,0.5612684899322066,2,1,3,0.3,0.0,100.0,False,0.0,0.0,0.0,0.0,0.0,75.0,0.5034507798111957,0.0,0.2857142857142857,100.0,56.25,Critical,Inventory coverage below assumed lead time,stockout|forecast_uncertainty_proxy|replenishment_urgency,normalized holdout MAE proxy; no predictive interval
70,302,2024-07-02,ml_optimized,AI forecast + cost-aware replenishment,xgb_stockout_aware,0.45899027585983276,0.442857,1.0,2.178695394203475,2,1,3,0.6,0.0,75.0,True,0.5410097241401672,50.0,0.0,0.0,0.0,100.0,1.1413151559076813,0.14285714285714285,0.42857142857142855,75.0,56.25,High,Stockout risk,stockout|excess_inventory|forecast_uncertainty_proxy|replenishment_urgency,normalized holdout MAE proxy; no predictive interval
70,316,2024-07-02,ml_optimized,AI forecast + cost-aware replenishment,xgb_stockout_aware,1.0857641696929932,1.008214,0.10000000000000009,0.09210103150509723,2,1,3,1.2,0.0,100.0,False,0.0,0.0,0.0,0.0,0.0,75.0,0.9649891938482013,0.0,0.8571428571428571,100.0,56.25,Critical,Inventory coverage below assumed lead time,stockout|forecast_uncertainty_proxy|replenishment_urgency,normalized holdout MAE proxy; no predictive interval
70,340,2024-07-02,ml_optimized,AI forecast + cost-aware replenishment,xgb_stockout_aware,0.32527267932891846,0.452143,0.0,0.0,2,1,3,0.0,0.1,100.0,False,0.0,0.0,0.0,0.0,0.0,75.0,0.6701552478166727,0.7142857142857143,0.5714285714285714,100.0,56.25,Critical,Current simulated stockout exposure,stockout|forecast_uncertainty_proxy|replenishment_urgency,normalized holdout MAE proxy; no predictive interval
70,792,2024-07-02,ml_optimized,AI forecast + cost-aware replenishment,xgb_stockout_aware,0.39502495527267456,0.5425,0.3999999999999999,1.01259425426399,2,1,3,0.5,0.0,100.0,True,0.004975044727325351,25.0,0.0,0.0,0.0,50.0,0.4321700124431857,0.0,0.5714285714285714,100.0,56.25,Critical,Inventory coverage below assumed lead time,stockout|excess_inventory|forecast_uncertainty_proxy|replenishment_urgency,normalized holdout MAE proxy; no predictive interval
71,531,2024-07-02,ml_optimized,AI forecast + cost-aware replenishment,xgb_stockout_aware,0.2895832657814026,0.679643,0.49999999999999994,1.7266191078093387,2,1,3,0.0,0.0,100.0,True,0.21041673421859736,25.0,0.0,0.0,0.0,50.0,0.2873550185970231,0.0,0.14285714285714285,100.0,56.25,Critical,Inventory coverage below assumed lead time,stockout|excess_inventory|forecast_uncertainty_proxy|replenishment_urgency,normalized holdout MAE proxy; no predictive interval
72,4,2024-07-02,ml_optimized,AI forecast + cost-aware replenishment,xgb_stockout_aware,0.26267698407173157,1.571429,0.0,0.0,2,1,3,0.0,0.3,100.0,False,0.0,0.0,0.0,0.0,0.0,75.0,0.6956876504879731,0.5714285714285714,0.7142857142857143,100.0,56.25,Critical,Current simulated stockout exposure,stockout|forecast_uncertainty_proxy|replenishment_urgency,normalized holdout MAE proxy; no predictive interval
72,195,2024-07-02,ml_optimized,AI forecast + cost-aware replenishment,xgb_stockout_aware,0.29204219579696655,0.335714,0.7,2.39691390516271,2,1,3,0.0,0.0,75.0,True,0.4079578042030334,50.0,0.0,0.0,0.0,100.0,1.0070275710179257,0.0,0.5714285714285714,75.0,56.25,High,Stockout risk,stockout|excess_inventory|forecast_uncertainty_proxy|replenishment_urgency,normalized holdout MAE proxy; no predictive interval
80,835,2024-07-02,ml_optimized,AI forecast + cost-aware replenishment,xgb_stockout_aware,0.6755165457725525,0.703571,0.6000000000000001,0.8882091841493118,2,1,3,2.2,0.0,100.0,False,0.0,0.0,0.0,0.0,0.0,75.0,0.5047559693174543,0.14285714285714285,0.0,100.0,56.25,Critical,Inventory coverage below assumed lead time,stockout|forecast_uncertainty_proxy|replenishment_urgency,normalized holdout MAE proxy; no predictive interval
85,3,2024-07-02,ml_optimized,AI forecast + cost-aware replenishment,xgb_stockout_aware,0.6439991593360901,0.757143,1.6,2.4844752928706737,2,1,3,0.0,0.0,75.0,True,0.95600084066391,50.0,0.0,0.0,0.0,100.0,1.2764998674392702,0.0,0.5714285714285714,75.0,56.25,High,Stockout risk,stockout|excess_inventory|forecast_uncertainty_proxy|replenishment_urgency,normalized holdout MAE proxy; no predictive interval
87,319,2024-07-02,ml_optimized,AI forecast + cost-aware replenishment,xgb_stockout_aware,0.3819527328014374,0.782143,0.6,1.5708750022530067,2,1,3,0.5,0.0,100.0,True,0.2180472671985626,25.0,0.0,0.0,0.0,50.0,0.47007318905421663,0.0,0.42857142857142855,100.0,56.25,Critical,Inventory coverage below assumed lead time,stockout|excess_inventory|forecast_uncertainty_proxy|replenishment_urgency,normalized holdout MAE proxy; no predictive interval
87,835,2024-07-02,ml_optimized,AI forecast + cost-aware replenishment,xgb_stockout_aware,0.8716573715209961,1.0,0.3999999999999999,0.4588959068883007,2,1,3,2.9,0.0,100.0,False,0.0,0.0,0.0,0.0,0.0,75.0,0.6823732455571493,0.14285714285714285,0.0,100.0,56.25,Critical,Inventory coverage below assumed lead time,stockout|forecast_uncertainty_proxy|replenishment_urgency,normalized holdout MAE proxy; no predictive interval
89,4,2024-07-02,ml_optimized,AI forecast + cost-aware replenishment,xgb_stockout_aware,0.34500306844711304,0.989286,0.0,0.0,2,1,3,0.0,0.4,100.0,False,0.0,0.0,0.0,0.0,0.0,75.0,0.9316726019605994,0.42857142857142855,0.14285714285714285,100.0,56.25,Critical,Current simulated stockout exposure,stockout|forecast_uncertainty_proxy|replenishment_urgency,normalized holdout MAE proxy; no predictive interval
89,291,2024-07-02,ml_optimized,AI forecast + cost-aware replenishment,xgb_stockout_aware,0.43659836053848267,0.55,0.7000000000000002,1.6033042339798267,2,1,3,0.0,0.0,100.0,True,0.2634016394615175,25.0,0.0,0.0,0.0,50.0,0.3459408243497212,0.0,0.8571428571428571,100.0,56.25,Critical,Inventory coverage below assumed lead time,stockout|excess_inventory|forecast_uncertainty_proxy|replenishment_urgency,normalized holdout MAE proxy; no predictive interval
89,295,2024-07-02,ml_optimized,AI forecast + cost-aware replenishment,xgb_stockout_aware,0.469675749540329,0.548214,0.5999999999999999,1.2774770692061896,2,1,3,0.6,0.0,100.0,True,0.1303242504596709,25.0,0.0,0.0,0.0,50.0,0.3394620468219121,0.14285714285714285,0.14285714285714285,100.0,56.25,Critical,Inventory coverage below assumed lead time,stockout|excess_inventory|forecast_uncertainty_proxy|replenishment_urgency,normalized holdout MAE proxy; no predictive interval
89,396,2024-07-02,ml_optimized,AI forecast + cost-aware replenishment,xgb_stockout_aware,0.3619924783706665,0.364286,0.0,0.0,2,1,3,0.0,0.4,100.0,False,0.0,0.0,0.0,0.0,0.0,75.0,0.6117247627540067,0.8571428571428571,0.2857142857142857,100.0,56.25,Critical,Current simulated stockout exposure,stockout|forecast_uncertainty_proxy|replenishment_urgency,normalized holdout MAE proxy; no predictive interval
89,489,2024-07-02,ml_optimized,AI forecast + cost-aware replenishment,xgb_stockout_aware,0.7014210224151611,0.660714,1.0214290000000001,1.4562280960484684,2,1,3,0.4,0.0,100.0,True,0.320007977584839,25.0,0.0,0.0,0.0,50.0,0.2929238955820761,0.14285714285714285,0.2857142857142857,100.0,56.25,Critical,Inventory coverage below assumed lead time,stockout|excess_inventory|forecast_uncertainty_proxy|replenishment_urgency,normalized holdout MAE proxy; no predictive interval
98,467,2024-07-02,ml_optimized,AI forecast + cost-aware replenishment,xgb_stockout_aware,1.5474121570587158,1.285714,0.0,0.0,2,1,3,1.9,1.4,100.0,False,0.0,0.0,0.0,0.0,0.0,75.0,0.6665905104442075,0.14285714285714285,0.2857142857142857,100.0,56.25,Critical,Current simulated stockout exposure,stockout|forecast_uncertainty_proxy|replenishment_urgency,normalized holdout MAE proxy; no predictive interval
105,441,2024-07-02,ml_optimized,AI forecast + cost-aware replenishment,xgb_stockout_aware,0.8192867636680603,0.889286,1.3,1.5867460059768572,2,1,3,1.4,0.0,100.0,True,0.48071323633193974,25.0,0.0,0.0,0.0,50.0,0.31593448917071026,0.14285714285714285,0.0,100.0,56.25,Critical,Inventory coverage below assumed lead time,stockout|excess_inventory|forecast_uncertainty_proxy|replenishment_urgency,normalized holdout MAE proxy; no predictive interval
105,802,2024-07-02,ml_optimized,AI forecast + cost-aware replenishment,xgb_stockout_aware,0.21859341859817505,0.45,0.0,0.0,2,1,3,0.0,0.1,100.0,False,0.0,0.0,0.0,0.0,0.0,75.0,0.7106887723008791,0.42857142857142855,0.0,100.0,56.25,Critical,Current simulated stockout exposure,stockout|forecast_uncertainty_proxy|replenishment_urgency,normalized holdout MAE proxy; no predictive interval
107,315,2024-07-02,ml_optimized,AI forecast + cost-aware replenishment,xgb_stockout_aware,0.9656184315681458,0.831071,1.9000000000000001,1.9676509249253213,2,1,3,1.0,0.0,100.0,True,0.9343815684318544,25.0,0.0,0.0,0.0,50.0,0.3588411794913994,0.14285714285714285,0.2857142857142857,100.0,56.25,Critical,Inventory coverage below assumed lead time,stockout|excess_inventory|forecast_uncertainty_proxy|replenishment_urgency,normalized holdout MAE proxy; no predictive interval
110,836,2024-07-02,ml_optimized,AI forecast + cost-aware replenishment,xgb_stockout_aware,0.5773388147354126,0.721429,0.2,0.3464170343226578,2,1,3,2.2,0.0,100.0,False,0.0,0.0,0.0,0.0,0.0,75.0,0.587405422459478,0.2857142857142857,0.0,100.0,56.25,Critical,Inventory coverage below assumed lead time,stockout|forecast_uncertainty_proxy|replenishment_urgency,normalized holdout MAE proxy; no predictive interval
139,835,2024-07-02,ml_optimized,AI forecast + cost-aware replenishment,xgb_stockout_aware,0.5673244595527649,0.696429,0.5,0.8813298837743778,2,1,3,1.2,0.0,100.0,False,0.0,0.0,0.0,0.0,0.0,75.0,0.9483160411610323,0.14285714285714285,0.0,100.0,56.25,Critical,Inventory coverage below assumed lead time,stockout|forecast_uncertainty_proxy|replenishment_urgency,normalized holdout MAE proxy; no predictive interval
163,343,2024-07-02,ml_optimized,AI forecast + cost-aware replenishment,xgb_stockout_aware,1.6314570903778076,1.075,3.4000000000000004,2.084026616484678,2,1,3,0.8,0.0,75.0,True,1.7685429096221927,50.0,0.0,0.0,75.0,50.0,0.26916173221619144,0.14285714285714285,0.5714285714285714,75.0,56.25,High,Stockout risk,stockout|excess_inventory|demand_spike|forecast_uncertainty_proxy|replenishment_urgency,normalized holdout MAE proxy; no predictive interval
224,243,2024-07-02,ml_optimized,AI forecast + cost-aware replenishment,xgb_stockout_aware,0.982844352722168,0.9,1.7999999999999998,1.831419181495594,2,1,3,0.9,0.0,100.0,True,0.8171556472778319,25.0,0.0,0.0,0.0,50.0,0.4643606819323639,0.0,0.2857142857142857,100.0,56.25,Critical,Inventory coverage below assumed lead time,stockout|excess_inventory|forecast_uncertainty_proxy|replenishment_urgency,normalized holdout MAE proxy; no predictive interval
268,835,2024-07-02,ml_optimized,AI forecast + cost-aware replenishment,xgb_stockout_aware,1.103756070137024,1.025,2.2,1.9931940213265462,2,1,3,1.6,0.0,100.0,True,1.0962439298629763,25.0,0.0,0.0,0.0,50.0,0.2893502742052078,0.0,0.0,100.0,56.25,Critical,Inventory coverage below assumed lead time,stockout|excess_inventory|forecast_uncertainty_proxy|replenishment_urgency,normalized holdout MAE proxy; no predictive interval
276,650,2024-07-02,ml_optimized,AI forecast + cost-aware replenishment,xgb_stockout_aware,0.49777597188949585,0.470357,0.9,1.808042273683303,2,1,3,1.0,0.0,100.0,True,0.4022240281105042,25.0,0.0,0.0,0.0,50.0,0.26276025696406285,0.14285714285714285,0.0,100.0,56.25,Critical,Inventory coverage below assumed lead time,stockout|excess_inventory|forecast_uncertainty_proxy|replenishment_urgency,normalized holdout MAE proxy; no predictive interval
277,835,2024-07-02,ml_optimized,AI forecast + cost-aware replenishment,xgb_stockout_aware,1.146596908569336,1.178571,3.1999999999999997,2.7908674583754056,2,1,3,1.6,0.0,75.0,True,2.053403091430664,50.0,0.7999999999999998,50.0,0.0,50.0,0.4921781301498413,0.0,0.0,75.0,56.25,High,Stockout risk,stockout|excess_inventory|potential_spoilage|forecast_uncertainty_proxy|replenishment_urgency,normalized holdout MAE proxy; no predictive interval
293,835,2024-07-02,ml_optimized,AI forecast + cost-aware replenishment,xgb_stockout_aware,1.7945470809936523,1.514286,2.7,1.5045579068925807,2,1,3,2.6,0.0,100.0,True,0.9054529190063478,25.0,0.0,0.0,0.0,50.0,0.3188182644222094,0.0,0.14285714285714285,100.0,56.25,Critical,Inventory coverage below assumed lead time,stockout|excess_inventory|forecast_uncertainty_proxy|replenishment_urgency,normalized holdout MAE proxy; no predictive interval
310,146,2024-07-02,ml_optimized,AI forecast + cost-aware replenishment,xgb_stockout_aware,0.48873427510261536,0.432143,0.8,1.6368813090345073,2,1,3,1.0,0.0,100.0,True,0.3112657248973847,25.0,0.0,0.0,0.0,50.0,0.45536303725735894,0.0,0.14285714285714285,100.0,56.25,Critical,Inventory coverage below assumed lead time,stockout|excess_inventory|forecast_uncertainty_proxy|replenishment_urgency,normalized holdout MAE proxy; no predictive interval
310,254,2024-07-02,ml_optimized,AI forecast + cost-aware replenishment,xgb_stockout_aware,0.4274483621120453,0.343929,0.0,0.0,2,1,3,0.0,0.3,100.0,False,0.0,0.0,0.0,0.0,0.0,75.0,0.6574619567912559,0.5714285714285714,0.7142857142857143,100.0,56.25,Critical,Current simulated stockout exposure,stockout|forecast_uncertainty_proxy|replenishment_urgency,normalized holdout MAE proxy; no predictive interval
310,402,2024-07-02,ml_optimized,AI forecast + cost-aware replenishment,xgb_stockout_aware,0.28964555263519287,0.423929,0.4778569999999998,1.6497991964746592,2,1,3,0.4,0.0,100.0,True,0.18821144736480694,25.0,0.0,0.0,0.0,50.0,0.3310177286064585,0.0,0.14285714285714285,100.0,56.25,Critical,Inventory coverage below assumed lead time,stockout|excess_inventory|forecast_uncertainty_proxy|replenishment_urgency,normalized holdout MAE proxy; no predictive interval
310,531,2024-07-02,ml_optimized,AI forecast + cost-aware replenishment,xgb_stockout_aware,0.43081262707710266,0.996429,0.09999999999999998,0.23211947309544145,2,1,3,1.0,0.0,100.0,False,0.0,0.0,0.0,0.0,0.0,75.0,0.5808172403155146,0.0,0.42857142857142855,100.0,56.25,Critical,Inventory coverage below assumed lead time,stockout|forecast_uncertainty_proxy|replenishment_urgency,normalized holdout MAE proxy; no predictive interval
310,864,2024-07-02,ml_optimized,AI forecast + cost-aware replenishment,xgb_stockout_aware,1.0339182615280151,0.844643,0.10000000000000009,0.09671944458376362,2,1,3,2.6,0.0,100.0,False,0.0,0.0,0.0,0.0,0.0,75.0,0.7273776852492746,0.0,0.42857142857142855,100.0,56.25,Critical,Inventory coverage below assumed lead time,stockout|forecast_uncertainty_proxy|replenishment_urgency,normalized holdout MAE proxy; no predictive interval
326,802,2024-07-02,ml_optimized,AI forecast + cost-aware replenishment,xgb_stockout_aware,0.0,0.525,3.3000000000000003,0.0,2,1,3,0.0,0.0,75.0,True,3.3000000000000003,100.0,3.3000000000000003,100.0,0.0,50.0,0.45810656775446496,0.2857142857142857,0.0,0.0,56.25,Medium,Stockout risk,stockout|excess_inventory|potential_spoilage|forecast_uncertainty_proxy,normalized holdout MAE proxy; no predictive interval
339,467,2024-07-02,ml_optimized,AI forecast + cost-aware replenishment,xgb_stockout_aware,0.5957591533660889,1.028571,0.40000000000000013,0.6714122607096623,2,1,3,0.0,0.0,100.0,False,0.0,0.0,0.0,0.0,0.0,75.0,0.523769370023755,0.14285714285714285,0.14285714285714285,100.0,56.25,Critical,Inventory coverage below assumed lead time,stockout|forecast_uncertainty_proxy|replenishment_urgency,normalized holdout MAE proxy; no predictive interval
340,182,2024-07-02,ml_optimized,AI forecast + cost-aware replenishment,xgb_stockout_aware,0.6093618273735046,0.653571,0.7000000000000002,1.148742780651633,2,1,3,0.6,0.0,100.0,True,0.09063817262649554,25.0,0.0,0.0,0.0,50.0,0.255218710899353,0.0,0.0,100.0,56.25,Critical,Inventory coverage below assumed lead time,stockout|excess_inventory|forecast_uncertainty_proxy|replenishment_urgency,normalized holdout MAE proxy; no predictive interval
346,459,2024-07-02,ml_optimized,AI forecast + cost-aware replenishment,xgb_stockout_aware,0.21472015976905823,0.207143,0.19999999999999996,0.9314449105063516,2,1,3,0.6,0.0,100.0,False,0.0,0.0,0.0,0.0,0.0,75.0,0.8019019346684217,0.0,0.2857142857142857,100.0,56.25,Critical,Inventory coverage below assumed lead time,stockout|forecast_uncertainty_proxy|replenishment_urgency,normalized holdout MAE proxy; no predictive interval
365,253,2024-07-02,ml_optimized,AI forecast + cost-aware replenishment,xgb_stockout_aware,0.37124940752983093,0.410714,0.0,0.0,2,1,3,0.0,0.0,100.0,False,0.0,0.0,0.0,0.0,0.0,75.0,0.733655913879997,0.5714285714285714,0.5714285714285714,100.0,56.25,Critical,Inventory coverage below assumed lead time,stockout|forecast_uncertainty_proxy|replenishment_urgency,normalized holdout MAE proxy; no predictive interval
369,441,2024-07-02,ml_optimized,AI forecast + cost-aware replenishment,xgb_stockout_aware,0.6567226052284241,0.792857,1.2000000000000002,1.827255511606169,2,1,3,0.0,0.0,100.0,True,0.5432773947715761,25.0,0.0,0.0,0.0,50.0,0.3498470564277804,0.0,0.0,100.0,56.25,Critical,Inventory coverage below assumed lead time,stockout|excess_inventory|forecast_uncertainty_proxy|replenishment_urgency,normalized holdout MAE proxy; no predictive interval
389,193,2024-07-02,ml_optimized,AI forecast + cost-aware replenishment,xgb_stockout_aware,0.3253333568572998,0.310714,0.0,0.0,2,1,3,0.0,0.1,100.0,False,0.0,0.0,0.0,0.0,0.0,75.0,0.5254805911154975,0.8571428571428571,0.0,100.0,56.25,Critical,Current simulated stockout exposure,stockout|forecast_uncertainty_proxy|replenishment_urgency,normalized holdout MAE proxy; no predictive interval
393,327,2024-07-02,ml_optimized,AI forecast + cost-aware replenishment,xgb_stockout_aware,0.3145296275615692,0.257143,0.0,0.0,2,1,3,0.0,0.0,100.0,False,0.0,0.0,0.0,0.0,0.0,75.0,0.8614378248651822,0.42857142857142855,0.2857142857142857,100.0,56.25,Critical,Inventory coverage below assumed lead time,stockout|forecast_uncertainty_proxy|replenishment_urgency,normalized holdout MAE proxy; no predictive interval
398,441,2024-07-02,ml_optimized,AI forecast + cost-aware replenishment,xgb_stockout_aware,0.7452202439308167,0.902143,0.0,0.0,2,1,3,2.0,1.4,100.0,False,0.0,0.0,0.0,0.0,0.0,75.0,0.6337368451058863,0.2857142857142857,0.0,100.0,56.25,Critical,Current simulated stockout exposure,stockout|forecast_uncertainty_proxy|replenishment_urgency,normalized holdout MAE proxy; no predictive interval
428,834,2024-07-02,ml_optimized,AI forecast + cost-aware replenishment,xgb_stockout_aware,1.0144739151000977,2.060714,2.2,2.16861169839239,2,1,3,1.5,0.0,75.0,True,1.1855260848999025,50.0,0.0,0.0,0.0,100.0,1.2406250238418577,0.0,0.0,75.0,56.25,High,Stockout risk,stockout|excess_inventory|forecast_uncertainty_proxy|replenishment_urgency,normalized holdout MAE proxy; no predictive interval
428,856,2024-07-02,ml_optimized,AI forecast + cost-aware replenishment,xgb_stockout_aware,0.3656230568885803,0.457143,0.0,0.0,2,1,3,0.0,0.4,100.0,False,0.0,0.0,0.0,0.0,0.0,75.0,0.5380655614038308,0.5714285714285714,0.0,100.0,56.25,Critical,Current simulated stockout exposure,stockout|forecast_uncertainty_proxy|replenishment_urgency,normalized holdout MAE proxy; no predictive interval
457,835,2024-07-02,ml_optimized,AI forecast + cost-aware replenishment,xgb_stockout_aware,1.1023691892623901,0.935714,2.7,2.449270195774073,2,1,3,1.7,0.0,75.0,True,1.59763081073761,50.0,0.10000000000000009,50.0,0.0,50.0,0.3946774653446527,0.14285714285714285,0.0,75.0,56.25,High,Stockout risk,stockout|excess_inventory|potential_spoilage|forecast_uncertainty_proxy|replenishment_urgency,normalized holdout MAE proxy; no predictive interval
469,467,2024-07-02,ml_optimized,AI forecast + cost-aware replenishment,xgb_stockout_aware,2.247215986251831,2.282143,1.5,0.6674925815661693,2,1,3,0.0,0.0,100.0,False,0.0,0.0,0.0,0.0,0.0,75.0,0.6479946702918751,0.14285714285714285,0.14285714285714285,100.0,56.25,Critical,Inventory coverage below assumed lead time,stockout|forecast_uncertainty_proxy|replenishment_urgency,normalized holdout MAE proxy; no predictive interval
470,467,2024-07-02,ml_optimized,AI forecast + cost-aware replenishment,xgb_stockout_aware,2.3959078788757324,1.960714,0.0,0.0,2,1,3,6.9,1.0,100.0,False,0.0,0.0,0.0,0.0,0.0,75.0,0.7180877739275006,0.2857142857142857,0.14285714285714285,100.0,56.25,Critical,Current simulated stockout exposure,stockout|forecast_uncertainty_proxy|replenishment_urgency,normalized holdout MAE proxy; no predictive interval
474,467,2024-07-02,ml_optimized,AI forecast + cost-aware replenishment,xgb_stockout_aware,2.06489896774292,2.310714,0.8999999999999999,0.43585667582746834,2,1,3,1.2,0.0,100.0,False,0.0,0.0,0.0,0.0,0.0,75.0,0.5347804553317327,0.14285714285714285,0.42857142857142855,100.0,56.25,Critical,Inventory coverage below assumed lead time,stockout|forecast_uncertainty_proxy|replenishment_urgency,normalized holdout MAE proxy; no predictive interval
478,441,2024-07-02,ml_optimized,AI forecast + cost-aware replenishment,xgb_stockout_aware,0.9061278700828552,1.435714,1.6,1.7657552016954274,2,1,3,0.4,0.0,100.0,True,0.6938721299171449,25.0,0.0,0.0,0.0,50.0,0.32517944384312286,0.0,0.0,100.0,56.25,Critical,Inventory coverage below assumed lead time,stockout|excess_inventory|forecast_uncertainty_proxy|replenishment_urgency,normalized holdout MAE proxy; no predictive interval
495,307,2024-07-02,ml_optimized,AI forecast + cost-aware replenishment,xgb_stockout_aware,0.5133028030395508,0.435714,0.30000000000000004,0.5844503443650289,2,1,3,1.4,0.0,100.0,False,0.0,0.0,0.0,0.0,0.0,75.0,0.8667522651307722,0.14285714285714285,0.42857142857142855,100.0,56.25,Critical,Inventory coverage below assumed lead time,stockout|forecast_uncertainty_proxy|replenishment_urgency,normalized holdout MAE proxy; no predictive interval
531,776,2024-07-02,ml_optimized,AI forecast + cost-aware replenishment,xgb_stockout_aware,0.14720796048641205,0.246429,0.192857,1.3100989876006166,2,1,3,0.0,0.0,100.0,True,0.04564903951358795,25.0,0.0,0.0,0.0,50.0,0.475812615383239,0.0,0.14285714285714285,100.0,56.25,Critical,Inventory coverage below assumed lead time,stockout|excess_inventory|forecast_uncertainty_proxy|replenishment_urgency,normalized holdout MAE proxy; no predictive interval
531,777,2024-07-02,ml_optimized,AI forecast + cost-aware replenishment,xgb_stockout_aware,0.7225832343101501,0.746429,0.4,0.5535694450230081,2,1,3,0.9,0.0,100.0,False,0.0,0.0,0.0,0.0,0.0,75.0,0.8045961803860133,0.0,0.42857142857142855,100.0,56.25,Critical,Inventory coverage below assumed lead time,stockout|forecast_uncertainty_proxy|replenishment_urgency,normalized holdout MAE proxy; no predictive interval
587,50,2024-07-02,ml_optimized,AI forecast + cost-aware replenishment,xgb_stockout_aware,0.5718591213226318,0.876429,0.0,0.0,2,1,3,0.4,0.40000000000000013,100.0,False,0.0,0.0,0.0,0.0,0.0,75.0,0.6006365879015487,0.14285714285714285,0.42857142857142855,100.0,56.25,Critical,Current simulated stockout exposure,stockout|forecast_uncertainty_proxy|replenishment_urgency,normalized holdout MAE proxy; no predictive interval
602,835,2024-07-02,ml_optimized,AI forecast + cost-aware replenishment,xgb_stockout_aware,2.649888515472412,2.428571,4.6,1.7359220862089473,2,1,3,5.8,0.0,100.0,True,1.9501114845275875,25.0,0.0,0.0,0.0,50.0,0.27895063995033176,0.14285714285714285,0.14285714285714285,100.0,56.25,Critical,Inventory coverage below assumed lead time,stockout|excess_inventory|forecast_uncertainty_proxy|replenishment_urgency,normalized holdout MAE proxy; no predictive interval
632,768,2024-07-02,ml_optimized,AI forecast + cost-aware replenishment,xgb_stockout_aware,0.7485929131507874,0.642857,0.0,0.0,2,1,3,0.0,0.4,100.0,False,0.0,0.0,0.0,0.0,0.0,75.0,0.6070955703998434,0.8571428571428571,0.0,100.0,56.25,Critical,Current simulated stockout exposure,stockout|forecast_uncertainty_proxy|replenishment_urgency,normalized holdout MAE proxy; no predictive interval
733,835,2024-07-02,ml_optimized,AI forecast + cost-aware replenishment,xgb_stockout_aware,1.182699203491211,1.503571,1.4,1.183732935531992,2,1,3,0.5,0.0,100.0,True,0.21730079650878897,25.0,0.0,0.0,0.0,50.0,0.4990268690973267,0.0,0.0,100.0,56.25,Critical,Inventory coverage below assumed lead time,stockout|excess_inventory|forecast_uncertainty_proxy|replenishment_urgency,normalized holdout MAE proxy; no predictive interval
832,467,2024-07-02,ml_optimized,AI forecast + cost-aware replenishment,xgb_stockout_aware,1.7456004619598389,1.514286,2.5,1.4321719399599457,2,1,3,1.0,0.0,100.0,True,0.7543995380401611,25.0,0.0,0.0,0.0,50.0,0.43741996324699345,0.2857142857142857,0.42857142857142855,100.0,56.25,Critical,Inventory coverage below assumed lead time,stockout|excess_inventory|forecast_uncertainty_proxy|replenishment_urgency,normalized holdout MAE proxy; no predictive interval
875,319,2024-07-02,ml_optimized,AI forecast + cost-aware replenishment,xgb_stockout_aware,0.36462342739105225,0.714286,0.3999999999999999,1.0970222151167672,2,1,3,0.5,0.0,100.0,True,0.035376572608947665,25.0,0.0,0.0,0.0,50.0,0.4180478834091349,0.0,0.14285714285714285,100.0,56.25,Critical,Inventory coverage below assumed lead time,stockout|excess_inventory|forecast_uncertainty_proxy|replenishment_urgency,normalized holdout MAE proxy; no predictive interval
0,41,2024-07-02,ml_optimized,AI forecast + cost-aware replenishment,xgb_stockout_aware,0.9429582357406616,0.838571,3.0,3.1814770647223862,2,1,3,0.0,0.0,40.0,True,2.0570417642593384,75.0,1.3,75.0,0.0,100.0,2.1613084577745005,0.0,0.7142857142857143,40.0,55.5,Medium,Forecast uncertainty,stockout|excess_inventory|potential_spoilage|forecast_uncertainty_proxy|replenishment_urgency,normalized holdout MAE proxy; no predictive interval
21,363,2024-07-02,ml_optimized,AI forecast + cost-aware replenishment,xgb_stockout_aware,0.8584374785423279,0.475,2.6,3.0287587215028604,2,1,3,0.0,0.0,100.0,True,1.7415625214576722,75.0,0.0,0.0,75.0,25.0,0.19775884039700034,0.7142857142857143,0.7142857142857143,40.0,55.5,Medium,Stockout risk,stockout|excess_inventory|demand_spike|forecast_uncertainty_proxy|replenishment_urgency,normalized holdout MAE proxy; no predictive interval
52,224,2024-07-02,ml_optimized,AI forecast + cost-aware replenishment,xgb_stockout_aware,0.47546127438545227,0.675,1.6199999999999999,3.407217553298947,2,1,3,0.0,0.0,40.0,True,1.1445387256145476,75.0,0.9199999999999999,100.0,0.0,75.0,0.6159991796608943,0.14285714285714285,0.7142857142857143,40.0,55.5,Medium,Potential spoilage,stockout|excess_inventory|potential_spoilage|forecast_uncertainty_proxy|replenishment_urgency,normalized holdout MAE proxy; no predictive interval
89,261,2024-07-02,ml_optimized,AI forecast + cost-aware replenishment,xgb_stockout_aware,0.9313530921936035,0.338929,3.3,3.543231914576623,2,1,3,0.3,0.0,75.0,True,2.3686469078063963,75.0,0.0,0.0,100.0,50.0,0.2763397285383042,0.2857142857142857,0.2857142857142857,40.0,55.5,Medium,Stockout risk,stockout|excess_inventory|demand_spike|forecast_uncertainty_proxy|replenishment_urgency,normalized holdout MAE proxy; no predictive interval
225,139,2024-07-02,ml_optimized,AI forecast + cost-aware replenishment,xgb_stockout_aware,1.0569915771484375,0.560714,3.6,3.405892797851915,2,1,3,1.5,0.0,40.0,True,2.5430084228515626,75.0,1.0,75.0,75.0,50.0,0.3888422045214423,0.14285714285714285,0.7142857142857143,40.0,55.5,Medium,Excess inventory,stockout|excess_inventory|potential_spoilage|demand_spike|forecast_uncertainty_proxy|replenishment_urgency,normalized holdout MAE proxy; no predictive interval
72,45,2024-07-02,ml_optimized,AI forecast + cost-aware replenishment,xgb_stockout_aware,0.7862291932106018,0.427857,4.699999999999999,5.977900643459117,2,1,3,0.0,0.0,100.0,True,3.9137708067893975,100.0,0.0,0.0,75.0,50.0,0.33390880376100546,0.5714285714285714,0.7142857142857143,0.0,55.0,Medium,Stockout risk,stockout|excess_inventory|demand_spike|forecast_uncertainty_proxy,normalized holdout MAE proxy; no predictive interval
457,441,2024-07-02,ml_optimized,AI forecast + cost-aware replenishment,xgb_stockout_aware,0.4125910997390747,0.485714,1.9,4.605043592073538,2,1,3,0.2,0.0,40.0,True,1.4874089002609252,100.0,0.9999999999999999,100.0,0.0,100.0,1.1505706555077009,0.14285714285714285,0.14285714285714285,0.0,55.0,Medium,Excess inventory,stockout|excess_inventory|potential_spoilage|forecast_uncertainty_proxy,normalized holdout MAE proxy; no predictive interval
89,343,2024-07-02,ml_optimized,AI forecast + cost-aware replenishment,xgb_stockout_aware,0.7686163187026978,0.567857,2.4,3.1224942036760535,2,1,3,0.8,0.0,75.0,True,1.6313836812973022,75.0,0.0,0.0,50.0,75.0,0.5118482439748703,0.2857142857142857,0.42857142857142855,40.0,54.25,Medium,Stockout risk,stockout|excess_inventory|demand_spike|forecast_uncertainty_proxy|replenishment_urgency,normalized holdout MAE proxy; no predictive interval
0,18,2024-07-02,ml_optimized,AI forecast + cost-aware replenishment,xgb_stockout_aware,0.6371273994445801,0.503571,0.0,0.0,2,1,3,0.0,0.8,100.0,False,0.0,0.0,0.0,0.0,50.0,25.0,0.1988547585227273,0.8571428571428571,0.42857142857142855,100.0,53.75,Critical,Current simulated stockout exposure,stockout|demand_spike|forecast_uncertainty_proxy|replenishment_urgency,normalized holdout MAE proxy; no predictive interval
3,150,2024-07-02,ml_optimized,AI forecast + cost-aware replenishment,xgb_stockout_aware,0.7381893992424011,0.584643,1.9000000000000001,2.5738651922527707,2,1,3,0.7,0.0,75.0,True,1.161810600757599,50.0,0.0,0.0,50.0,50.0,0.25338839384225703,0.14285714285714285,0.7142857142857143,75.0,53.75,High,Stockout risk,stockout|excess_inventory|demand_spike|forecast_uncertainty_proxy|replenishment_urgency,normalized holdout MAE proxy; no predictive interval
3,287,2024-07-02,ml_optimized,AI forecast + cost-aware replenishment,xgb_stockout_aware,0.6442670226097107,0.478571,1.6,2.4834423365624616,2,1,3,1.6,0.0,75.0,True,0.9557329773902894,50.0,0.0,0.0,50.0,50.0,0.4667975256840388,0.0,0.0,75.0,53.75,High,Stockout risk,stockout|excess_inventory|demand_spike|forecast_uncertainty_proxy|replenishment_urgency,normalized holdout MAE proxy; no predictive interval
5,190,2024-07-02,ml_optimized,AI forecast + cost-aware replenishment,xgb_stockout_aware,0.5274999737739563,0.356071,1.0999999999999999,2.085308160548593,2,1,3,0.2,0.0,75.0,True,0.5725000262260436,50.0,0.0,0.0,50.0,50.0,0.4872255260529726,0.14285714285714285,0.8571428571428571,75.0,53.75,High,Stockout risk,stockout|excess_inventory|demand_spike|forecast_uncertainty_proxy|replenishment_urgency,normalized holdout MAE proxy; no predictive interval
20,116,2024-07-02,ml_optimized,AI forecast + cost-aware replenishment,xgb_stockout_aware,1.131170392036438,0.782143,3.3,2.917332369404607,2,1,3,1.7,0.0,75.0,True,2.168829607963562,50.0,0.0,0.0,50.0,50.0,0.278945920443294,0.2857142857142857,0.7142857142857143,75.0,53.75,High,Stockout risk,stockout|excess_inventory|demand_spike|forecast_uncertainty_proxy|replenishment_urgency,normalized holdout MAE proxy; no predictive interval
21,452,2024-07-02,ml_optimized,AI forecast + cost-aware replenishment,xgb_stockout_aware,0.648248553276062,0.439286,4.7,7.250305421041898,2,1,3,0.0,0.0,75.0,True,4.051751446723938,100.0,0.6000000000000001,50.0,50.0,50.0,0.3235624333222707,0.42857142857142855,0.42857142857142855,0.0,53.75,Medium,Stockout risk,stockout|excess_inventory|potential_spoilage|demand_spike|forecast_uncertainty_proxy,normalized holdout MAE proxy; no predictive interval
36,272,2024-07-02,ml_optimized,AI forecast + cost-aware replenishment,xgb_stockout_aware,2.391385555267334,1.7675,7.0,2.9271733220022176,2,1,3,2.0,0.0,75.0,True,4.608614444732666,50.0,0.0,0.0,50.0,50.0,0.30351923261369973,0.14285714285714285,0.2857142857142857,75.0,53.75,High,Stockout risk,stockout|excess_inventory|demand_spike|forecast_uncertainty_proxy|replenishment_urgency,normalized holdout MAE proxy; no predictive interval
36,309,2024-07-02,ml_optimized,AI forecast + cost-aware replenishment,xgb_stockout_aware,3.9066789150238037,2.755714,11.3,2.8924823989358104,2,1,3,5.7,0.0,75.0,True,7.393321084976197,50.0,0.0,0.0,50.0,50.0,0.30729837662920684,0.2857142857142857,0.2857142857142857,75.0,53.75,High,Stockout risk,stockout|excess_inventory|demand_spike|forecast_uncertainty_proxy|replenishment_urgency,normalized holdout MAE proxy; no predictive interval
52,313,2024-07-02,ml_optimized,AI forecast + cost-aware replenishment,xgb_stockout_aware,0.6918363571166992,0.495357,1.6,2.3126856279542296,2,1,3,1.4,0.0,75.0,True,0.9081636428833009,50.0,0.0,0.0,50.0,50.0,0.26268396092884577,0.14285714285714285,0.8571428571428571,75.0,53.75,High,Stockout risk,stockout|excess_inventory|demand_spike|forecast_uncertainty_proxy|replenishment_urgency,normalized holdout MAE proxy; no predictive interval
63,768,2024-07-02,ml_optimized,AI forecast + cost-aware replenishment,xgb_stockout_aware,0.8433966040611267,0.592857,1.9,2.2527954118514497,2,1,3,1.7,0.0,75.0,True,1.0566033959388732,50.0,0.0,0.0,50.0,50.0,0.2986049165188427,0.14285714285714285,0.0,75.0,53.75,High,Stockout risk,stockout|excess_inventory|demand_spike|forecast_uncertainty_proxy|replenishment_urgency,normalized holdout MAE proxy; no predictive interval
64,452,2024-07-02,ml_optimized,AI forecast + cost-aware replenishment,xgb_stockout_aware,0.7366284132003784,0.510714,4.9,6.65192913033494,2,1,3,0.0,0.0,75.0,True,4.163371586799622,100.0,0.20000000000000007,50.0,50.0,50.0,0.37431538840870804,0.42857142857142855,0.8571428571428571,0.0,53.75,Medium,Stockout risk,stockout|excess_inventory|potential_spoilage|demand_spike|forecast_uncertainty_proxy,normalized holdout MAE proxy; no predictive interval
70,860,2024-07-02,ml_optimized,AI forecast + cost-aware replenishment,xgb_stockout_aware,0.15809564292430878,0.117857,1.1,6.957813508666051,2,1,3,0.0,0.0,75.0,True,0.9419043570756913,100.0,0.0,0.0,50.0,100.0,2.2355157396067744,0.2857142857142857,0.8571428571428571,0.0,53.75,Medium,Stockout risk,stockout|excess_inventory|demand_spike|forecast_uncertainty_proxy,normalized holdout MAE proxy; no predictive interval
72,146,2024-07-02,ml_optimized,AI forecast + cost-aware replenishment,xgb_stockout_aware,0.4420667290687561,0.342857,1.2000000000000002,2.7145223132441623,2,1,3,0.9,0.0,75.0,True,0.7579332709312441,50.0,0.0,0.0,50.0,50.0,0.32163020168862694,0.2857142857142857,0.14285714285714285,75.0,53.75,High,Stockout risk,stockout|excess_inventory|demand_spike|forecast_uncertainty_proxy|replenishment_urgency,normalized holdout MAE proxy; no predictive interval
85,188,2024-07-02,ml_optimized,AI forecast + cost-aware replenishment,xgb_stockout_aware,0.7894572019577026,0.575,1.9999999999999998,2.533386224155512,2,1,3,0.6,0.0,75.0,True,1.2105427980422971,50.0,0.0,0.0,50.0,50.0,0.280896639170712,0.14285714285714285,0.2857142857142857,75.0,53.75,High,Stockout risk,stockout|excess_inventory|demand_spike|forecast_uncertainty_proxy|replenishment_urgency,normalized holdout MAE proxy; no predictive interval
89,596,2024-07-02,ml_optimized,AI forecast + cost-aware replenishment,xgb_stockout_aware,0.851301372051239,0.671429,2.4,2.8192131233350652,2,1,3,2.5,0.0,75.0,True,1.548698627948761,50.0,0.0,0.0,50.0,50.0,0.43749834770380064,0.0,0.5714285714285714,75.0,53.75,High,Stockout risk,stockout|excess_inventory|demand_spike|forecast_uncertainty_proxy|replenishment_urgency,normalized holdout MAE proxy; no predictive interval
17,768,2024-07-02,ml_optimized,AI forecast + cost-aware replenishment,xgb_stockout_aware,0.7260936498641968,0.571429,2.8,3.856251876770567,2,1,3,0.0,0.0,100.0,True,2.073906350135803,75.0,0.0,0.0,50.0,25.0,0.24668710394339136,0.5714285714285714,0.2857142857142857,40.0,53.0,Medium,Stockout risk,stockout|excess_inventory|demand_spike|forecast_uncertainty_proxy|replenishment_urgency,normalized holdout MAE proxy; no predictive interval
52,122,2024-07-02,ml_optimized,AI forecast + cost-aware replenishment,xgb_stockout_aware,1.6587468385696411,1.195714,5.4,3.255469656030507,2,1,3,1.0,0.0,40.0,True,3.7412531614303592,75.0,1.6999999999999997,75.0,50.0,50.0,0.33387776675977204,0.14285714285714285,0.5714285714285714,40.0,53.0,Medium,Excess inventory,stockout|excess_inventory|potential_spoilage|demand_spike|forecast_uncertainty_proxy|replenishment_urgency,normalized holdout MAE proxy; no predictive interval
64,109,2024-07-02,ml_optimized,AI forecast + cost-aware replenishment,xgb_stockout_aware,0.5874168872833252,0.396429,1.9000000000000001,3.234500132924481,2,1,3,1.0,0.0,40.0,True,1.312583112716675,75.0,0.10000000000000003,50.0,50.0,75.0,0.7693032943285428,0.0,0.8571428571428571,40.0,53.0,Medium,Excess inventory,stockout|excess_inventory|potential_spoilage|demand_spike|forecast_uncertainty_proxy|replenishment_urgency,normalized holdout MAE proxy; no predictive interval
0,23,2024-07-02,ml_optimized,AI forecast + cost-aware replenishment,xgb_stockout_aware,0.7718377709388733,0.688214,2.2,2.850339906692947,2,1,3,0.4,0.0,75.0,True,1.4281622290611269,50.0,0.0,0.0,0.0,75.0,0.5083957513173422,0.0,0.14285714285714285,75.0,52.5,High,Stockout risk,stockout|excess_inventory|forecast_uncertainty_proxy|replenishment_urgency,normalized holdout MAE proxy; no predictive interval
0,76,2024-07-02,ml_optimized,AI forecast + cost-aware replenishment,xgb_stockout_aware,0.7913668155670166,0.960714,1.8,2.2745457158325433,2,1,3,1.7,0.0,75.0,True,1.0086331844329834,50.0,0.0,0.0,0.0,75.0,0.5431433429523391,0.0,0.5714285714285714,75.0,52.5,High,Stockout risk,stockout|excess_inventory|forecast_uncertainty_proxy|replenishment_urgency,normalized holdout MAE proxy; no predictive interval
0,93,2024-07-02,ml_optimized,AI forecast + cost-aware replenishment,xgb_stockout_aware,0.6863011121749878,0.648929,2.0,2.914172750881475,2,1,3,0.0,0.0,75.0,True,1.3136988878250122,50.0,0.20000000000000007,50.0,0.0,25.0,0.24974593630543462,0.14285714285714285,0.2857142857142857,75.0,52.5,High,Stockout risk,stockout|excess_inventory|potential_spoilage|forecast_uncertainty_proxy|replenishment_urgency,normalized holdout MAE proxy; no predictive interval
0,127,2024-07-02,ml_optimized,AI forecast + cost-aware replenishment,xgb_stockout_aware,0.7187373042106628,0.660714,0.5999999999999999,0.8347973543114426,2,1,3,1.6,0.0,100.0,False,0.0,0.0,0.0,0.0,0.0,50.0,0.3044643179845002,0.14285714285714285,0.2857142857142857,100.0,52.5,Critical,Inventory coverage below assumed lead time,stockout|forecast_uncertainty_proxy|replenishment_urgency,normalized holdout MAE proxy; no predictive interval
3,190,2024-07-02,ml_optimized,AI forecast + cost-aware replenishment,xgb_stockout_aware,0.4212457239627838,0.532143,0.9,2.136520203774254,2,1,3,0.6,0.0,75.0,True,0.4787542760372162,50.0,0.0,0.0,0.0,75.0,0.6055269211530686,0.2857142857142857,0.7142857142857143,75.0,52.5,High,Stockout risk,stockout|excess_inventory|forecast_uncertainty_proxy|replenishment_urgency,normalized holdout MAE proxy; no predictive interval
3,240,2024-07-02,ml_optimized,AI forecast + cost-aware replenishment,xgb_stockout_aware,1.1367089748382568,1.053571,1.907143,1.67777596747784,2,1,3,1.9,0.0,100.0,True,0.7704340251617432,25.0,0.0,0.0,0.0,25.0,0.21986537970853653,0.0,0.2857142857142857,100.0,52.5,Critical,Inventory coverage below assumed lead time,stockout|excess_inventory|forecast_uncertainty_proxy|replenishment_urgency,normalized holdout MAE proxy; no predictive interval
4,115,2024-07-02,ml_optimized,AI forecast + cost-aware replenishment,xgb_stockout_aware,0.5867161750793457,0.632143,1.5,2.5566024318268448,2,1,3,0.0,2.220446049250313e-16,75.0,True,0.9132838249206543,50.0,0.0,0.0,0.0,75.0,0.6822789733002826,0.14285714285714285,0.2857142857142857,75.0,52.5,High,Stockout risk,stockout|excess_inventory|forecast_uncertainty_proxy|replenishment_urgency,normalized holdout MAE proxy; no predictive interval
5,396,2024-07-02,ml_optimized,AI forecast + cost-aware replenishment,xgb_stockout_aware,0.34474024176597595,0.446429,1.0,2.9007347528602176,2,1,3,0.3,0.0,75.0,True,0.655259758234024,50.0,0.0,0.0,0.0,75.0,0.5415123973573956,0.2857142857142857,0.14285714285714285,75.0,52.5,High,Stockout risk,stockout|excess_inventory|forecast_uncertainty_proxy|replenishment_urgency,normalized holdout MAE proxy; no predictive interval
7,279,2024-07-02,ml_optimized,AI forecast + cost-aware replenishment,xgb_stockout_aware,0.21319334208965302,0.292857,0.5,2.3452889996430457,2,1,3,0.4,0.0,75.0,True,0.286806657910347,50.0,0.0,0.0,0.0,75.0,0.7072818502783775,0.0,0.0,75.0,52.5,High,Stockout risk,stockout|excess_inventory|forecast_uncertainty_proxy|replenishment_urgency,normalized holdout MAE proxy; no predictive interval
8,115,2024-07-02,ml_optimized,AI forecast + cost-aware replenishment,xgb_stockout_aware,0.40158703923225403,0.513571,0.9299999999999999,2.3158117895885164,2,1,3,0.0,0.0,75.0,True,0.5284129607677459,50.0,0.0,0.0,0.0,75.0,0.5851509953209747,0.0,0.2857142857142857,75.0,52.5,High,Stockout risk,stockout|excess_inventory|forecast_uncertainty_proxy|replenishment_urgency,normalized holdout MAE proxy; no predictive interval
9,295,2024-07-02,ml_optimized,AI forecast + cost-aware replenishment,xgb_stockout_aware,1.2662436962127686,1.125357,1.2,0.9476848758174291,2,1,3,2.9,0.0,100.0,False,0.0,0.0,0.0,0.0,0.0,50.0,0.3792143949755915,0.2857142857142857,0.5714285714285714,100.0,52.5,Critical,Inventory coverage below assumed lead time,stockout|forecast_uncertainty_proxy|replenishment_urgency,normalized holdout MAE proxy; no predictive interval
10,834,2024-07-02,ml_optimized,AI forecast + cost-aware replenishment,xgb_stockout_aware,1.363564133644104,2.171429,0.9000000000000001,0.6600349611681,2,1,3,2.5,0.0,100.0,False,0.0,0.0,0.0,0.0,0.0,50.0,0.46516443718047373,0.0,0.0,100.0,52.5,Critical,Inventory coverage below assumed lead time,stockout|forecast_uncertainty_proxy|replenishment_urgency,normalized holdout MAE proxy; no predictive interval
11,118,2024-07-02,ml_optimized,AI forecast + cost-aware replenishment,xgb_stockout_aware,1.5600961446762085,1.675,3.03,1.942187992925823,2,1,3,2.9,0.0,100.0,True,1.4699038553237913,25.0,0.0,0.0,0.0,25.0,0.22260465814964206,0.0,0.0,100.0,52.5,Critical,Inventory coverage below assumed lead time,stockout|excess_inventory|forecast_uncertainty_proxy|replenishment_urgency,normalized holdout MAE proxy; no predictive interval
13,4,2024-07-02,ml_optimized,AI forecast + cost-aware replenishment,xgb_stockout_aware,0.16255134344100952,0.735714,0.0,0.0,2,1,3,0.0,0.5,100.0,False,0.0,0.0,0.0,0.0,0.0,50.0,0.4690355818186488,0.5714285714285714,0.2857142857142857,100.0,52.5,Critical,Current simulated stockout exposure,stockout|forecast_uncertainty_proxy|replenishment_urgency,normalized holdout MAE proxy; no predictive interval
13,191,2024-07-02,ml_optimized,AI forecast + cost-aware replenishment,xgb_stockout_aware,0.3652741014957428,0.409643,0.9,2.4639031245703835,2,1,3,0.6,0.0,75.0,True,0.5347258985042572,50.0,0.0,0.0,0.0,75.0,0.5346798741299172,0.14285714285714285,0.0,75.0,52.5,High,Stockout risk,stockout|excess_inventory|forecast_uncertainty_proxy|replenishment_urgency,normalized holdout MAE proxy; no predictive interval
13,211,2024-07-02,ml_optimized,AI forecast + cost-aware replenishment,xgb_stockout_aware,1.280488133430481,1.128571,2.4,1.8742852333744788,2,1,3,2.5,0.0,100.0,True,1.119511866569519,25.0,0.0,0.0,0.0,25.0,0.1308313804922752,0.14285714285714285,0.14285714285714285,100.0,52.5,Critical,Inventory coverage below assumed lead time,stockout|excess_inventory|forecast_uncertainty_proxy|replenishment_urgency,normalized holdout MAE proxy; no predictive interval
14,120,2024-07-02,ml_optimized,AI forecast + cost-aware replenishment,xgb_stockout_aware,0.44919121265411377,0.479643,0.7,1.5583563976328583,2,1,3,0.7,0.0,100.0,True,0.2508087873458862,25.0,0.0,0.0,0.0,25.0,0.24925801716744894,0.14285714285714285,0.42857142857142855,100.0,52.5,Critical,Inventory coverage below assumed lead time,stockout|excess_inventory|forecast_uncertainty_proxy|replenishment_urgency,normalized holdout MAE proxy; no predictive interval
14,132,2024-07-02,ml_optimized,AI forecast + cost-aware replenishment,xgb_stockout_aware,0.7917929291725159,0.737143,1.2000000000000002,1.5155477597584661,2,1,3,1.3,0.0,100.0,True,0.4082070708274843,25.0,0.0,0.0,0.0,25.0,0.22591751547002084,0.14285714285714285,0.14285714285714285,100.0,52.5,Critical,Inventory coverage below assumed lead time,stockout|excess_inventory|forecast_uncertainty_proxy|replenishment_urgency,normalized holdout MAE proxy; no predictive interval
20,132,2024-07-02,ml_optimized,AI forecast + cost-aware replenishment,xgb_stockout_aware,2.4596734046936035,2.867857,4.6,1.8701669868943485,2,1,3,2.3,0.0,100.0,True,2.140326595306396,25.0,0.0,0.0,0.0,25.0,0.12970575042392898,0.0,0.0,100.0,52.5,Critical,Inventory coverage below assumed lead time,stockout|excess_inventory|forecast_uncertainty_proxy|replenishment_urgency,normalized holdout MAE proxy; no predictive interval
20,219,2024-07-02,ml_optimized,AI forecast + cost-aware replenishment,xgb_stockout_aware,0.4048493802547455,0.346429,0.0,0.0,2,1,3,0.0,0.5,100.0,False,0.0,0.0,0.0,0.0,0.0,50.0,0.4104417976405885,0.8571428571428571,0.42857142857142855,100.0,52.5,Critical,Current simulated stockout exposure,stockout|forecast_uncertainty_proxy|replenishment_urgency,normalized holdout MAE proxy; no predictive interval
20,241,2024-07-02,ml_optimized,AI forecast + cost-aware replenishment,xgb_stockout_aware,0.5180360078811646,0.466429,0.3,0.5791103232901502,2,1,3,1.2,0.0,100.0,False,0.0,0.0,0.0,0.0,0.0,50.0,0.4401457738876343,0.14285714285714285,0.2857142857142857,100.0,52.5,Critical,Inventory coverage below assumed lead time,stockout|forecast_uncertainty_proxy|replenishment_urgency,normalized holdout MAE proxy; no predictive interval
21,26,2024-07-02,ml_optimized,AI forecast + cost-aware replenishment,xgb_stockout_aware,0.47894570231437683,0.572857,1.3,2.7142951564615743,2,1,3,0.9,0.0,75.0,True,0.8210542976856232,50.0,0.0,0.0,0.0,75.0,0.5742531388696998,0.0,0.14285714285714285,75.0,52.5,High,Stockout risk,stockout|excess_inventory|forecast_uncertainty_proxy|replenishment_urgency,normalized holdout MAE proxy; no predictive interval
21,244,2024-07-02,ml_optimized,AI forecast + cost-aware replenishment,xgb_stockout_aware,0.6681342124938965,0.692143,0.0,0.0,2,1,3,0.0,0.6,100.0,False,0.0,0.0,0.0,0.0,0.0,50.0,0.3838942618139328,0.2857142857142857,0.2857142857142857,100.0,52.5,Critical,Current simulated stockout exposure,stockout|forecast_uncertainty_proxy|replenishment_urgency,normalized holdout MAE proxy; no predictive interval
21,441,2024-07-02,ml_optimized,AI forecast + cost-aware replenishment,xgb_stockout_aware,0.8447223901748657,0.910714,1.3000000000000003,1.5389671389329311,2,1,3,1.4,0.0,100.0,True,0.45527760982513454,25.0,0.0,0.0,0.0,25.0,0.24135921485182166,0.14285714285714285,0.0,100.0,52.5,Critical,Inventory coverage below assumed lead time,stockout|excess_inventory|forecast_uncertainty_proxy|replenishment_urgency,normalized holdout MAE proxy; no predictive interval
25,50,2024-07-02,ml_optimized,AI forecast + cost-aware replenishment,xgb_stockout_aware,0.9246272444725037,1.040714,2.3,2.487488892145008,2,1,3,1.8,0.0,75.0,True,1.3753727555274962,50.0,0.0,0.0,0.0,75.0,0.7394261149799123,0.0,0.8571428571428571,75.0,52.5,High,Stockout risk,stockout|excess_inventory|forecast_uncertainty_proxy|replenishment_urgency,normalized holdout MAE proxy; no predictive interval
25,69,2024-07-02,ml_optimized,AI forecast + cost-aware replenishment,xgb_stockout_aware,0.1961190104484558,0.325,0.5000000000000001,2.5494723783108757,2,1,3,0.0,0.0,75.0,True,0.3038809895515443,50.0,0.0,0.0,0.0,75.0,0.6309458187648228,0.0,0.42857142857142855,75.0,52.5,High,Stockout risk,stockout|excess_inventory|forecast_uncertainty_proxy|replenishment_urgency,normalized holdout MAE proxy; no predictive interval
25,196,2024-07-02,ml_optimized,AI forecast + cost-aware replenishment,xgb_stockout_aware,0.38092002272605896,0.503214,0.7,1.83765609114071,2,1,3,0.2,0.0,100.0,True,0.319079977273941,25.0,0.0,0.0,0.0,25.0,0.20562667136683188,0.0,0.2857142857142857,100.0,52.5,Critical,Inventory coverage below assumed lead time,stockout|excess_inventory|forecast_uncertainty_proxy|replenishment_urgency,normalized holdout MAE proxy; no predictive interval
25,269,2024-07-02,ml_optimized,AI forecast + cost-aware replenishment,xgb_stockout_aware,0.24117229878902435,0.760714,0.0,0.0,2,1,3,0.0,0.3,100.0,False,0.0,0.0,0.0,0.0,0.0,50.0,0.4709077111699364,0.2857142857142857,0.14285714285714285,100.0,52.5,Critical,Current simulated stockout exposure,stockout|forecast_uncertainty_proxy|replenishment_urgency,normalized holdout MAE proxy; no predictive interval
25,332,2024-07-02,ml_optimized,AI forecast + cost-aware replenishment,xgb_stockout_aware,1.0221010446548462,1.132143,1.2999999999999998,1.2718899044262277,2,1,3,0.0,0.0,100.0,True,0.27789895534515363,25.0,0.0,0.0,0.0,25.0,0.2267082886523511,0.0,0.42857142857142855,100.0,52.5,Critical,Inventory coverage below assumed lead time,stockout|excess_inventory|forecast_uncertainty_proxy|replenishment_urgency,normalized holdout MAE proxy; no predictive interval
36,55,2024-07-02,ml_optimized,AI forecast + cost-aware replenishment,xgb_stockout_aware,0.7476294636726379,0.860714,0.6,0.8025365895193237,2,1,3,0.8,0.0,100.0,False,0.0,0.0,0.0,0.0,0.0,50.0,0.2748459349287317,0.0,0.14285714285714285,100.0,52.5,Critical,Inventory coverage below assumed lead time,stockout|forecast_uncertainty_proxy|replenishment_urgency,normalized holdout MAE proxy; no predictive interval
36,198,2024-07-02,ml_optimized,AI forecast + cost-aware replenishment,xgb_stockout_aware,1.1070629358291626,1.896429,5.6,5.058429668956209,2,1,3,0.0,0.0,75.0,True,4.492937064170837,100.0,0.9000000000000002,50.0,0.0,75.0,0.5532759818710199,0.2857142857142857,0.8571428571428571,0.0,52.5,Medium,Stockout risk,stockout|excess_inventory|potential_spoilage|forecast_uncertainty_proxy,normalized holdout MAE proxy; no predictive interval
36,346,2024-07-02,ml_optimized,AI forecast + cost-aware replenishment,xgb_stockout_aware,0.3869260251522064,0.496429,0.30000000000000004,0.7753420046686909,2,1,3,0.4,0.0,100.0,False,0.0,0.0,0.0,0.0,0.0,50.0,0.4553872398708178,0.0,0.5714285714285714,100.0,52.5,Critical,Inventory coverage below assumed lead time,stockout|forecast_uncertainty_proxy|replenishment_urgency,normalized holdout MAE proxy; no predictive interval
36,503,2024-07-02,ml_optimized,AI forecast + cost-aware replenishment,xgb_stockout_aware,0.994427502155304,1.25,1.7,1.7095263317994032,2,1,3,1.1,0.0,100.0,True,0.705572497844696,25.0,0.0,0.0,0.0,25.0,0.24811146796589167,0.0,0.0,100.0,52.5,Critical,Inventory coverage below assumed lead time,stockout|excess_inventory|forecast_uncertainty_proxy|replenishment_urgency,normalized holdout MAE proxy; no predictive interval
42,272,2024-07-02,ml_optimized,AI forecast + cost-aware replenishment,xgb_stockout_aware,1.446812391281128,1.4775,3.9,2.695581005182445,2,1,3,2.0,0.0,75.0,True,2.453187608718872,50.0,0.0,0.0,0.0,75.0,0.5541769355855961,0.0,0.5714285714285714,75.0,52.5,High,Stockout risk,stockout|excess_inventory|forecast_uncertainty_proxy|replenishment_urgency,normalized holdout MAE proxy; no predictive interval
42,286,2024-07-02,ml_optimized,AI forecast + cost-aware replenishment,xgb_stockout_aware,0.5988652110099792,0.564286,0.0,0.0,2,1,3,0.0,0.5,100.0,False,0.0,0.0,0.0,0.0,0.0,50.0,0.4881740510463714,0.8571428571428571,0.0,100.0,52.5,Critical,Current simulated stockout exposure,stockout|forecast_uncertainty_proxy|replenishment_urgency,normalized holdout MAE proxy; no predictive interval
42,573,2024-07-02,ml_optimized,AI forecast + cost-aware replenishment,xgb_stockout_aware,0.36775583028793335,0.421429,0.0,0.0,2,1,3,0.0,0.6,100.0,False,0.0,0.0,0.0,0.0,0.0,50.0,0.29211764077882507,0.8571428571428571,0.8571428571428571,100.0,52.5,Critical,Current simulated stockout exposure,stockout|forecast_uncertainty_proxy|replenishment_urgency,normalized holdout MAE proxy; no predictive interval
52,116,2024-07-02,ml_optimized,AI forecast + cost-aware replenishment,xgb_stockout_aware,0.4457481801509857,0.425,0.0,0.0,2,1,3,0.0,0.2,100.0,False,0.0,0.0,0.0,0.0,0.0,50.0,0.33418352180911637,0.7142857142857143,0.14285714285714285,100.0,52.5,Critical,Current simulated stockout exposure,stockout|forecast_uncertainty_proxy|replenishment_urgency,normalized holdout MAE proxy; no predictive interval
64,191,2024-07-02,ml_optimized,AI forecast + cost-aware replenishment,xgb_stockout_aware,5.379328727722168,4.010714,22.0,4.089729613775754,2,1,3,6.9,0.0,40.0,True,16.620671272277832,100.0,6.8999999999999995,75.0,50.0,75.0,0.5048256441187939,0.14285714285714285,0.7142857142857143,0.0,52.5,Medium,Excess inventory,stockout|excess_inventory|potential_spoilage|demand_spike|forecast_uncertainty_proxy,normalized holdout MAE proxy; no predictive interval
64,217,2024-07-02,ml_optimized,AI forecast + cost-aware replenishment,xgb_stockout_aware,0.4887720048427582,0.542857,1.4,2.864321168415509,2,1,3,1.1,0.0,75.0,True,0.9112279951572417,50.0,0.0,0.0,0.0,75.0,0.5843189569080577,0.14285714285714285,0.42857142857142855,75.0,52.5,High,Stockout risk,stockout|excess_inventory|forecast_uncertainty_proxy|replenishment_urgency,normalized holdout MAE proxy; no predictive interval
68,108,2024-07-02,ml_optimized,AI forecast + cost-aware replenishment,xgb_stockout_aware,0.470415860414505,0.388929,0.0,0.0,2,1,3,0.0,0.6,100.0,False,0.0,0.0,0.0,0.0,0.0,50.0,0.29968903745923725,0.7142857142857143,0.42857142857142855,100.0,52.5,Critical,Current simulated stockout exposure,stockout|forecast_uncertainty_proxy|replenishment_urgency,normalized holdout MAE proxy; no predictive interval
68,114,2024-07-02,ml_optimized,AI forecast + cost-aware replenishment,xgb_stockout_aware,1.022415041923523,0.835714,1.7999999999999998,1.7605374786090446,2,1,3,2.4,0.0,100.0,True,0.7775849580764769,25.0,0.0,0.0,0.0,25.0,0.18939284801483156,0.14285714285714285,0.14285714285714285,100.0,52.5,Critical,Inventory coverage below assumed lead time,stockout|excess_inventory|forecast_uncertainty_proxy|replenishment_urgency,normalized holdout MAE proxy; no predictive interval
68,122,2024-07-02,ml_optimized,AI forecast + cost-aware replenishment,xgb_stockout_aware,0.7485179305076599,0.717857,0.10000000000000009,0.13359733404405968,2,1,3,0.7,0.0,100.0,False,0.0,0.0,0.0,0.0,0.0,50.0,0.40196584050471973,0.0,0.14285714285714285,100.0,52.5,Critical,Inventory coverage below assumed lead time,stockout|forecast_uncertainty_proxy|replenishment_urgency,normalized holdout MAE proxy; no predictive interval
68,127,2024-07-02,ml_optimized,AI forecast + cost-aware replenishment,xgb_stockout_aware,0.4751693308353424,0.549643,0.0,0.0,2,1,3,1.2,0.0,100.0,False,0.0,0.0,0.0,0.0,0.0,50.0,0.3282593174984581,0.0,0.0,100.0,52.5,Critical,Inventory coverage below assumed lead time,stockout|forecast_uncertainty_proxy|replenishment_urgency,normalized holdout MAE proxy; no predictive interval
68,215,2024-07-02,ml_optimized,AI forecast + cost-aware replenishment,xgb_stockout_aware,2.5412709712982178,2.835714,5.9,2.32167292139884,2,1,3,5.3,0.0,75.0,True,3.3587290287017826,50.0,0.0,0.0,0.0,75.0,0.6598493350034504,0.0,0.5714285714285714,75.0,52.5,High,Stockout risk,stockout|excess_inventory|forecast_uncertainty_proxy|replenishment_urgency,normalized holdout MAE proxy; no predictive interval
68,301,2024-07-02,ml_optimized,AI forecast + cost-aware replenishment,xgb_stockout_aware,0.6229010224342346,0.793214,0.5999999999999999,0.9632348934912005,2,1,3,0.4,0.0,100.0,False,0.0,0.0,0.0,0.0,0.0,50.0,0.41236916247834543,0.0,0.14285714285714285,100.0,52.5,Critical,Inventory coverage below assumed lead time,stockout|forecast_uncertainty_proxy|replenishment_urgency,normalized holdout MAE proxy; no predictive interval
68,387,2024-07-02,ml_optimized,AI forecast + cost-aware replenishment,xgb_stockout_aware,0.7786999940872192,0.892857,2.1,2.696802383389754,2,1,3,0.0,0.0,75.0,True,1.3213000059127809,50.0,0.0,0.0,0.0,75.0,0.5680189709509572,0.14285714285714285,0.2857142857142857,75.0,52.5,High,Stockout risk,stockout|excess_inventory|forecast_uncertainty_proxy|replenishment_urgency,normalized holdout MAE proxy; no predictive interval
70,666,2024-07-02,ml_optimized,AI forecast + cost-aware replenishment,xgb_stockout_aware,0.551734209060669,0.653571,1.5,2.7187003730541917,2,1,3,1.0,0.0,75.0,True,0.948265790939331,50.0,0.0,0.0,0.0,75.0,0.7063503880654611,0.0,0.5714285714285714,75.0,52.5,High,Stockout risk,stockout|excess_inventory|forecast_uncertainty_proxy|replenishment_urgency,normalized holdout MAE proxy; no predictive interval
71,146,2024-07-02,ml_optimized,AI forecast + cost-aware replenishment,xgb_stockout_aware,0.30264151096343994,0.256429,0.0,0.0,2,1,3,0.0,0.4,100.0,False,0.0,0.0,0.0,0.0,0.0,50.0,0.3415554680607535,0.7142857142857143,0.5714285714285714,100.0,52.5,Critical,Current simulated stockout exposure,stockout|forecast_uncertainty_proxy|replenishment_urgency,normalized holdout MAE proxy; no predictive interval
72,254,2024-07-02,ml_optimized,AI forecast + cost-aware replenishment,xgb_stockout_aware,0.4112447500228882,0.467857,0.20000000000000007,0.48632839687040114,2,1,3,0.8,0.0,100.0,False,0.0,0.0,0.0,0.0,0.0,50.0,0.39737890022141603,0.0,0.5714285714285714,100.0,52.5,Critical,Inventory coverage below assumed lead time,stockout|forecast_uncertainty_proxy|replenishment_urgency,normalized holdout MAE proxy; no predictive interval
76,381,2024-07-02,ml_optimized,AI forecast + cost-aware replenishment,xgb_stockout_aware,0.37287357449531555,0.485714,1.1,2.950061563061556,2,1,3,0.5,0.0,75.0,True,0.7271264255046845,50.0,0.0,0.0,0.0,75.0,0.5408052710386422,0.0,0.14285714285714285,75.0,52.5,High,Stockout risk,stockout|excess_inventory|forecast_uncertainty_proxy|replenishment_urgency,normalized holdout MAE proxy; no predictive interval
102,467,2024-07-02,ml_optimized,AI forecast + cost-aware replenishment,xgb_stockout_aware,2.0412089824676514,1.639286,0.3999999999999999,0.19596229657799824,2,1,3,2.7,0.0,100.0,False,0.0,0.0,0.0,0.0,0.0,50.0,0.35420794080394186,0.0,0.14285714285714285,100.0,52.5,Critical,Inventory coverage below assumed lead time,stockout|forecast_uncertainty_proxy|replenishment_urgency,normalized holdout MAE proxy; no predictive interval
133,304,2024-07-02,ml_optimized,AI forecast + cost-aware replenishment,xgb_stockout_aware,0.6368424296379089,0.564286,0.6000000000000001,0.942148280448499,2,1,3,2.5,0.0,100.0,False,0.0,0.0,0.0,0.0,0.0,50.0,0.4146101924608339,0.14285714285714285,0.5714285714285714,100.0,52.5,Critical,Inventory coverage below assumed lead time,stockout|forecast_uncertainty_proxy|replenishment_urgency,normalized holdout MAE proxy; no predictive interval
227,835,2024-07-02,ml_optimized,AI forecast + cost-aware replenishment,xgb_stockout_aware,1.3591853380203247,1.367857,3.9000000000000004,2.8693658553442116,2,1,3,2.5,0.0,75.0,True,2.5408146619796756,50.0,0.0,0.0,0.0,75.0,0.5735752816293753,0.0,0.14285714285714285,75.0,52.5,High,Stockout risk,stockout|excess_inventory|forecast_uncertainty_proxy|replenishment_urgency,normalized holdout MAE proxy; no predictive interval
247,776,2024-07-02,ml_optimized,AI forecast + cost-aware replenishment,xgb_stockout_aware,0.20970477163791656,0.392857,0.5,2.3843043536620954,2,1,3,0.0,0.0,75.0,True,0.29029522836208344,50.0,0.0,0.0,0.0,75.0,0.6867050775667517,0.42857142857142855,0.14285714285714285,75.0,52.5,High,Stockout risk,stockout|excess_inventory|forecast_uncertainty_proxy|replenishment_urgency,normalized holdout MAE proxy; no predictive interval
247,835,2024-07-02,ml_optimized,AI forecast + cost-aware replenishment,xgb_stockout_aware,1.6503490209579468,1.707143,2.3,1.3936445992890416,2,1,3,2.2,0.0,100.0,True,0.649650979042053,25.0,0.0,0.0,0.0,25.0,0.24583502799745588,0.0,0.0,100.0,52.5,Critical,Inventory coverage below assumed lead time,stockout|excess_inventory|forecast_uncertainty_proxy|replenishment_urgency,normalized holdout MAE proxy; no predictive interval
264,694,2024-07-02,ml_optimized,AI forecast + cost-aware replenishment,xgb_stockout_aware,1.3424030542373657,1.396429,2.5,1.8623318772321165,2,1,3,3.0,0.0,100.0,True,1.1575969457626343,25.0,0.0,0.0,0.0,25.0,0.18649304190347366,0.14285714285714285,0.14285714285714285,100.0,52.5,Critical,Inventory coverage below assumed lead time,stockout|excess_inventory|forecast_uncertainty_proxy|replenishment_urgency,normalized holdout MAE proxy; no predictive interval
279,857,2024-07-02,ml_optimized,AI forecast + cost-aware replenishment,xgb_stockout_aware,0.38140934705734253,0.332143,0.0,0.0,2,1,3,0.0,0.2,100.0,False,0.0,0.0,0.0,0.0,0.0,50.0,0.3929161319026241,0.7142857142857143,0.0,100.0,52.5,Critical,Current simulated stockout exposure,stockout|forecast_uncertainty_proxy|replenishment_urgency,normalized holdout MAE proxy; no predictive interval
296,835,2024-07-02,ml_optimized,AI forecast + cost-aware replenishment,xgb_stockout_aware,1.1842408180236816,1.210714,0.6,0.5066537066348625,2,1,3,3.3,0.0,100.0,False,0.0,0.0,0.0,0.0,0.0,50.0,0.38616419125752277,0.0,0.14285714285714285,100.0,52.5,Critical,Inventory coverage below assumed lead time,stockout|forecast_uncertainty_proxy|replenishment_urgency,normalized holdout MAE proxy; no predictive interval
310,332,2024-07-02,ml_optimized,AI forecast + cost-aware replenishment,xgb_stockout_aware,1.1959308385849,0.957143,2.0,1.6723375093885235,2,1,3,1.7,0.0,100.0,True,0.8040691614151001,25.0,0.0,0.0,0.0,25.0,0.14331711631223382,0.14285714285714285,0.8571428571428571,100.0,52.5,Critical,Inventory coverage below assumed lead time,stockout|excess_inventory|forecast_uncertainty_proxy|replenishment_urgency,normalized holdout MAE proxy; no predictive interval
310,522,2024-07-02,ml_optimized,AI forecast + cost-aware replenishment,xgb_stockout_aware,0.34553828835487366,0.621071,1.0,2.8940352884221707,2,1,3,0.7,0.0,75.0,True,0.6544617116451263,50.0,0.0,0.0,0.0,75.0,0.5422898701259068,0.0,0.2857142857142857,75.0,52.5,High,Stockout risk,stockout|excess_inventory|forecast_uncertainty_proxy|replenishment_urgency,normalized holdout MAE proxy; no predictive interval
317,836,2024-07-02,ml_optimized,AI forecast + cost-aware replenishment,xgb_stockout_aware,0.6016210913658142,1.021429,1.4000000000000001,2.3270460761634664,2,1,3,0.0,0.0,75.0,True,0.7983789086341859,50.0,0.0,0.0,0.0,75.0,0.5695537775754929,0.0,0.0,75.0,52.5,High,Stockout risk,stockout|excess_inventory|forecast_uncertainty_proxy|replenishment_urgency,normalized holdout MAE proxy; no predictive interval
332,81,2024-07-02,ml_optimized,AI forecast + cost-aware replenishment,xgb_stockout_aware,1.0764271020889282,0.784643,6.6,6.1313952307517665,2,1,3,0.0,0.0,40.0,True,5.523572897911071,100.0,1.9,75.0,50.0,75.0,0.5532892169775786,0.14285714285714285,0.7142857142857143,0.0,52.5,Medium,Excess inventory,stockout|excess_inventory|potential_spoilage|demand_spike|forecast_uncertainty_proxy,normalized holdout MAE proxy; no predictive interval
339,835,2024-07-02,ml_optimized,AI forecast + cost-aware replenishment,xgb_stockout_aware,1.2680455446243286,0.842857,3.1,2.4447071425328075,2,1,3,3.3,0.0,75.0,True,1.8319544553756715,50.0,0.0,0.0,75.0,25.0,0.22278186133210087,0.0,0.0,75.0,52.5,High,Stockout risk,stockout|excess_inventory|demand_spike|forecast_uncertainty_proxy|replenishment_urgency,normalized holdout MAE proxy; no predictive interval
356,834,2024-07-02,ml_optimized,AI forecast + cost-aware replenishment,xgb_stockout_aware,2.0014288425445557,3.432143,4.1000000000000005,2.0485364819602507,2,1,3,1.7,0.0,75.0,True,2.098571157455445,50.0,0.0,0.0,0.0,75.0,0.5448889263340685,0.0,0.0,75.0,52.5,High,Stockout risk,stockout|excess_inventory|forecast_uncertainty_proxy|replenishment_urgency,normalized holdout MAE proxy; no predictive interval
427,319,2024-07-02,ml_optimized,AI forecast + cost-aware replenishment,xgb_stockout_aware,0.3893775939941406,0.446429,0.9000000000000001,2.311381070410393,2,1,3,0.8,0.0,75.0,True,0.5106224060058595,50.0,0.0,0.0,0.0,75.0,0.5153813811967959,0.2857142857142857,0.0,75.0,52.5,High,Stockout risk,stockout|excess_inventory|forecast_uncertainty_proxy|replenishment_urgency,normalized holdout MAE proxy; no predictive interval
430,467,2024-07-02,ml_optimized,AI forecast + cost-aware replenishment,xgb_stockout_aware,1.8950254917144775,1.628571,5.4,2.8495658890131783,2,1,3,0.6,0.0,75.0,True,3.504974508285523,50.0,0.0,0.0,0.0,75.0,0.5359636937102227,0.14285714285714285,0.14285714285714285,75.0,52.5,High,Stockout risk,stockout|excess_inventory|forecast_uncertainty_proxy|replenishment_urgency,normalized holdout MAE proxy; no predictive interval
430,835,2024-07-02,ml_optimized,AI forecast + cost-aware replenishment,xgb_stockout_aware,2.6062917709350586,2.089286,5.1,1.9568031702644997,2,1,3,2.8,0.0,100.0,True,2.493708229064941,25.0,0.0,0.0,0.0,25.0,0.1859672642961333,0.14285714285714285,0.0,100.0,52.5,Critical,Inventory coverage below assumed lead time,stockout|excess_inventory|forecast_uncertainty_proxy|replenishment_urgency,normalized holdout MAE proxy; no predictive interval
437,835,2024-07-02,ml_optimized,AI forecast + cost-aware replenishment,xgb_stockout_aware,0.6219637393951416,0.685714,1.6,2.5724972352182407,2,1,3,0.0,0.0,75.0,True,0.9780362606048585,50.0,0.0,0.0,0.0,75.0,0.5227473530114866,0.0,0.0,75.0,52.5,High,Stockout risk,stockout|excess_inventory|forecast_uncertainty_proxy|replenishment_urgency,normalized holdout MAE proxy; no predictive interval
470,307,2024-07-02,ml_optimized,AI forecast + cost-aware replenishment,xgb_stockout_aware,0.3724624812602997,0.340714,0.0,0.0,2,1,3,0.0,0.8,100.0,False,0.0,0.0,0.0,0.0,0.0,50.0,0.48654804502924276,0.7142857142857143,0.0,100.0,52.5,Critical,Current simulated stockout exposure,stockout|forecast_uncertainty_proxy|replenishment_urgency,normalized holdout MAE proxy; no predictive interval
495,441,2024-07-02,ml_optimized,AI forecast + cost-aware replenishment,xgb_stockout_aware,0.7344699501991272,0.928571,0.6,0.8169156543944784,2,1,3,1.4,0.0,100.0,False,0.0,0.0,0.0,0.0,0.0,50.0,0.3372391364791177,0.0,0.0,100.0,52.5,Critical,Inventory coverage below assumed lead time,stockout|forecast_uncertainty_proxy|replenishment_urgency,normalized holdout MAE proxy; no predictive interval
531,768,2024-07-02,ml_optimized,AI forecast + cost-aware replenishment,xgb_stockout_aware,0.7720785737037659,0.814286,0.6,0.7771229774214798,2,1,3,2.3,0.0,100.0,False,0.0,0.0,0.0,0.0,0.0,50.0,0.4104430826616959,0.14285714285714285,0.0,100.0,52.5,Critical,Inventory coverage below assumed lead time,stockout|forecast_uncertainty_proxy|replenishment_urgency,normalized holdout MAE proxy; no predictive interval
832,834,2024-07-02,ml_optimized,AI forecast + cost-aware replenishment,xgb_stockout_aware,1.2389999628067017,1.992857,2.9,2.340597326113426,2,1,3,1.9,0.0,75.0,True,1.6610000371932983,50.0,0.0,0.0,0.0,75.0,0.6438663601875306,0.0,0.0,75.0,52.5,High,Stockout risk,stockout|excess_inventory|forecast_uncertainty_proxy|replenishment_urgency,normalized holdout MAE proxy; no predictive interval
875,835,2024-07-02,ml_optimized,AI forecast + cost-aware replenishment,xgb_stockout_aware,1.3397096395492554,1.528571,0.0,0.0,2,1,3,2.7,0.09999999999999987,100.0,False,0.0,0.0,0.0,0.0,0.0,50.0,0.48509874285721194,0.14285714285714285,0.0,100.0,52.5,Critical,Current simulated stockout exposure,stockout|forecast_uncertainty_proxy|replenishment_urgency,normalized holdout MAE proxy; no predictive interval
886,467,2024-07-02,ml_optimized,AI forecast + cost-aware replenishment,xgb_stockout_aware,1.5239750146865845,1.396429,1.0,0.656178736766007,2,1,3,1.6,0.0,100.0,False,0.0,0.0,0.0,0.0,0.0,50.0,0.4586930248472425,0.14285714285714285,0.0,100.0,52.5,Critical,Inventory coverage below assumed lead time,stockout|forecast_uncertainty_proxy|replenishment_urgency,normalized holdout MAE proxy; no predictive interval
896,621,2024-07-02,ml_optimized,AI forecast + cost-aware replenishment,xgb_stockout_aware,0.6451463103294373,0.389286,3.6999999999999997,5.735133163995983,2,1,3,0.0,0.0,75.0,True,3.0548536896705625,100.0,0.0,0.0,75.0,75.0,0.599817985580081,0.2857142857142857,0.5714285714285714,0.0,52.5,Medium,Stockout risk,stockout|excess_inventory|demand_spike|forecast_uncertainty_proxy,normalized holdout MAE proxy; no predictive interval
897,287,2024-07-02,ml_optimized,AI forecast + cost-aware replenishment,xgb_stockout_aware,0.5261871814727783,0.464286,0.0,0.0,2,1,3,0.0,1.2,100.0,False,0.0,0.0,0.0,0.0,0.0,50.0,0.4233466019021704,1.0,0.0,100.0,52.5,Critical,Current simulated stockout exposure,stockout|forecast_uncertainty_proxy|replenishment_urgency,normalized holdout MAE proxy; no predictive interval
0,72,2024-07-02,ml_optimized,AI forecast + cost-aware replenishment,xgb_stockout_aware,0.4457261860370636,0.459643,1.5,3.365294763891817,2,1,3,0.5,0.0,40.0,True,1.0542738139629364,75.0,0.4,75.0,0.0,75.0,0.7215260396833004,0.14285714285714285,0.5714285714285714,40.0,51.75,Medium,Excess inventory,stockout|excess_inventory|potential_spoilage|forecast_uncertainty_proxy|replenishment_urgency,normalized holdout MAE proxy; no predictive interval
5,215,2024-07-02,ml_optimized,AI forecast + cost-aware replenishment,xgb_stockout_aware,2.4643471240997314,2.614286,7.5,3.0434024195109606,2,1,3,6.1,0.0,40.0,True,5.0356528759002686,75.0,2.1999999999999997,75.0,0.0,75.0,0.6295574960254489,0.0,0.7142857142857143,40.0,51.75,Medium,Excess inventory,stockout|excess_inventory|potential_spoilage|forecast_uncertainty_proxy|replenishment_urgency,normalized holdout MAE proxy; no predictive interval
19,768,2024-07-02,ml_optimized,AI forecast + cost-aware replenishment,xgb_stockout_aware,0.6577717661857605,0.592857,2.6,3.952738827749772,2,1,3,1.0,0.0,40.0,True,1.9422282338142396,75.0,0.09999999999999998,50.0,0.0,100.0,1.0135407574249036,0.14285714285714285,0.14285714285714285,40.0,51.75,Medium,Forecast uncertainty,stockout|excess_inventory|potential_spoilage|forecast_uncertainty_proxy|replenishment_urgency,normalized holdout MAE proxy; no predictive interval
473,441,2024-07-02,ml_optimized,AI forecast + cost-aware replenishment,xgb_stockout_aware,0.8398987054824829,1.064286,3.2,3.809983250494175,2,1,3,0.4,0.0,40.0,True,2.3601012945175173,75.0,1.3,75.0,0.0,75.0,0.5548740890291002,0.14285714285714285,0.0,40.0,51.75,Medium,Excess inventory,stockout|excess_inventory|potential_spoilage|forecast_uncertainty_proxy|replenishment_urgency,normalized holdout MAE proxy; no predictive interval
3,191,2024-07-02,ml_optimized,AI forecast + cost-aware replenishment,xgb_stockout_aware,2.813779830932617,1.692857,19.5,6.9301797481208025,2,1,3,0.0,0.0,40.0,True,16.686220169067383,100.0,2.6999999999999997,50.0,75.0,75.0,0.6848507933065194,0.14285714285714285,0.7142857142857143,0.0,51.25,Medium,Excess inventory,stockout|excess_inventory|potential_spoilage|demand_spike|forecast_uncertainty_proxy,normalized holdout MAE proxy; no predictive interval
5,191,2024-07-02,ml_optimized,AI forecast + cost-aware replenishment,xgb_stockout_aware,1.6633669137954712,1.45,7.9,4.749403113937007,2,1,3,0.0,0.0,40.0,True,6.236633086204529,100.0,4.3,100.0,0.0,75.0,0.5610238578584458,0.14285714285714285,0.7142857142857143,0.0,51.25,Medium,Excess inventory,stockout|excess_inventory|potential_spoilage|forecast_uncertainty_proxy,normalized holdout MAE proxy; no predictive interval
18,830,2024-07-02,ml_optimized,AI forecast + cost-aware replenishment,xgb_stockout_aware,0.18307176232337952,0.25,3.8,20.756887636705258,2,1,3,0.0,0.0,100.0,True,3.6169282376766203,100.0,0.0,0.0,0.0,75.0,0.6013677138270754,0.7142857142857143,0.14285714285714285,0.0,51.25,Medium,Stockout risk,stockout|excess_inventory|forecast_uncertainty_proxy,normalized holdout MAE proxy; no predictive interval
25,286,2024-07-02,ml_optimized,AI forecast + cost-aware replenishment,xgb_stockout_aware,0.6320005059242249,0.567857,3.1,4.905059364575385,2,1,3,0.0,0.0,100.0,True,2.4679994940757752,100.0,0.0,0.0,0.0,75.0,0.5087065458297729,0.7142857142857143,0.2857142857142857,0.0,51.25,Medium,Stockout risk,stockout|excess_inventory|forecast_uncertainty_proxy,normalized holdout MAE proxy; no predictive interval
63,802,2024-07-02,ml_optimized,AI forecast + cost-aware replenishment,xgb_stockout_aware,0.010895278304815292,0.728571,3.6,330.4183609893599,2,1,3,0.0,0.0,40.0,True,3.589104721695185,100.0,3.6,100.0,0.0,75.0,0.9878719276325267,0.14285714285714285,0.0,0.0,51.25,Medium,Excess inventory,stockout|excess_inventory|potential_spoilage|forecast_uncertainty_proxy,normalized holdout MAE proxy; no predictive interval
71,309,2024-07-02,ml_optimized,AI forecast + cost-aware replenishment,xgb_stockout_aware,2.1852405071258545,1.292857,16.5,7.550656299018402,2,1,3,0.0,0.0,40.0,True,14.314759492874146,100.0,0.3999999999999999,50.0,75.0,75.0,0.725554659962654,0.14285714285714285,0.5714285714285714,0.0,51.25,Medium,Excess inventory,stockout|excess_inventory|potential_spoilage|demand_spike|forecast_uncertainty_proxy,normalized holdout MAE proxy; no predictive interval
85,92,2024-07-02,ml_optimized,AI forecast + cost-aware replenishment,xgb_stockout_aware,0.9040524363517761,0.410714,5.1,5.64126569978684,2,1,3,0.0,0.0,75.0,True,4.1959475636482235,100.0,0.0,0.0,100.0,50.0,0.47944840391476945,0.42857142857142855,0.42857142857142855,0.0,51.25,Medium,Stockout risk,stockout|excess_inventory|demand_spike|forecast_uncertainty_proxy,normalized holdout MAE proxy; no predictive interval
130,776,2024-07-02,ml_optimized,AI forecast + cost-aware replenishment,xgb_stockout_aware,0.19864457845687866,0.289286,0.9,4.530705076329934,2,1,3,0.3,0.0,100.0,True,0.7013554215431214,100.0,0.0,0.0,0.0,75.0,0.7069005620095038,0.5714285714285714,0.42857142857142855,0.0,51.25,Medium,Stockout risk,stockout|excess_inventory|forecast_uncertainty_proxy,normalized holdout MAE proxy; no predictive interval
317,435,2024-07-02,ml_optimized,AI forecast + cost-aware replenishment,xgb_stockout_aware,0.23453472554683685,0.864286,2.0,8.527521864136906,2,1,3,0.0,0.0,40.0,True,1.7654652744531631,100.0,1.0,100.0,0.0,75.0,0.8608796661314757,0.14285714285714285,0.0,0.0,51.25,Medium,Excess inventory,stockout|excess_inventory|potential_spoilage|forecast_uncertainty_proxy,normalized holdout MAE proxy; no predictive interval
427,802,2024-07-02,ml_optimized,AI forecast + cost-aware replenishment,xgb_stockout_aware,0.26265326142311096,0.603571,3.1999999999999997,12.1833628970062,2,1,3,0.0,0.0,40.0,True,2.9373467385768888,100.0,3.1999999999999997,100.0,0.0,75.0,0.5273204173730767,0.14285714285714285,0.14285714285714285,0.0,51.25,Medium,Excess inventory,stockout|excess_inventory|potential_spoilage|forecast_uncertainty_proxy,normalized holdout MAE proxy; no predictive interval
734,802,2024-07-02,ml_optimized,AI forecast + cost-aware replenishment,xgb_stockout_aware,0.0,0.567857,1.9,0.0,2,1,3,0.0,0.0,40.0,True,1.9,100.0,0.9999999999999999,100.0,0.0,75.0,0.5178867339303619,0.14285714285714285,0.14285714285714285,0.0,51.25,Medium,Excess inventory,stockout|excess_inventory|potential_spoilage|forecast_uncertainty_proxy,normalized holdout MAE proxy; no predictive interval
832,37,2024-07-02,ml_optimized,AI forecast + cost-aware replenishment,xgb_stockout_aware,0.4324716329574585,0.553571,3.4,7.861787319434318,2,1,3,0.0,0.0,100.0,True,2.9675283670425414,100.0,0.0,0.0,0.0,75.0,0.6643523282782978,0.7142857142857143,0.0,0.0,51.25,Medium,Stockout risk,stockout|excess_inventory|forecast_uncertainty_proxy,normalized holdout MAE proxy; no predictive interval
279,467,2024-07-02,ml_optimized,AI forecast + cost-aware replenishment,xgb_stockout_aware,1.4601517915725708,1.085714,4.5,3.081871368423648,2,1,3,0.6,0.0,75.0,True,3.039848208427429,75.0,0.0,0.0,50.0,50.0,0.3288507289805655,0.2857142857142857,0.14285714285714285,40.0,50.5,Medium,Stockout risk,stockout|excess_inventory|demand_spike|forecast_uncertainty_proxy|replenishment_urgency,normalized holdout MAE proxy; no predictive interval
0,70,2024-07-02,ml_optimized,AI forecast + cost-aware replenishment,xgb_stockout_aware,5.53299617767334,4.360714,12.8,2.3133939711815383,2,1,3,4.3,0.0,75.0,True,7.267003822326661,50.0,0.0,0.0,50.0,25.0,0.23845729782683023,0.0,0.7142857142857143,75.0,50.0,High,Stockout risk,stockout|excess_inventory|demand_spike|forecast_uncertainty_proxy|replenishment_urgency,normalized holdout MAE proxy; no predictive interval
9,363,2024-07-02,ml_optimized,AI forecast + cost-aware replenishment,xgb_stockout_aware,1.0109471082687378,0.753571,2.8,2.769680013027627,2,1,3,1.9,0.0,75.0,True,1.789052891731262,50.0,0.0,0.0,50.0,25.0,0.1991500900937365,0.14285714285714285,0.5714285714285714,75.0,50.0,High,Stockout risk,stockout|excess_inventory|demand_spike|forecast_uncertainty_proxy|replenishment_urgency,normalized holdout MAE proxy; no predictive interval
10,122,2024-07-02,ml_optimized,AI forecast + cost-aware replenishment,xgb_stockout_aware,0.9314238429069519,0.630714,4.5,4.831312870363728,2,1,3,0.0,0.0,75.0,True,3.568576157093048,100.0,0.40000000000000013,50.0,50.0,25.0,0.20946053713560103,0.2857142857142857,0.2857142857142857,0.0,50.0,Medium,Stockout risk,stockout|excess_inventory|potential_spoilage|demand_spike|forecast_uncertainty_proxy,normalized holdout MAE proxy; no predictive interval
361,835,2024-07-02,ml_optimized,AI forecast + cost-aware replenishment,xgb_stockout_aware,2.0310211181640625,1.442857,5.885714,2.8979088141241878,2,1,3,0.0,0.0,75.0,True,3.8546928818359376,50.0,0.0,0.0,50.0,25.0,0.15984952805647212,0.0,0.0,75.0,50.0,High,Stockout risk,stockout|excess_inventory|demand_spike|forecast_uncertainty_proxy|replenishment_urgency,normalized holdout MAE proxy; no predictive interval
36,286,2024-07-02,ml_optimized,AI forecast + cost-aware replenishment,xgb_stockout_aware,0.5953811407089233,0.557143,1.9000000000000001,3.191233094379947,2,1,3,1.4,0.0,75.0,True,1.3046188592910768,75.0,0.0,0.0,0.0,75.0,0.662221297902881,0.2857142857142857,0.0,40.0,49.25,Medium,Stockout risk,stockout|excess_inventory|forecast_uncertainty_proxy|replenishment_urgency,normalized holdout MAE proxy; no predictive interval
52,191,2024-07-02,ml_optimized,AI forecast + cost-aware replenishment,xgb_stockout_aware,1.9989491701126099,1.371429,6.9,3.451813634466399,2,1,3,2.2,0.0,40.0,True,4.9010508298873905,75.0,0.0,0.0,50.0,100.0,1.0954134571659673,0.14285714285714285,0.7142857142857143,40.0,49.25,Medium,Forecast uncertainty,stockout|excess_inventory|demand_spike|forecast_uncertainty_proxy|replenishment_urgency,normalized holdout MAE proxy; no predictive interval
332,50,2024-07-02,ml_optimized,AI forecast + cost-aware replenishment,xgb_stockout_aware,0.4835454225540161,0.336786,1.6,3.3088928679110112,2,1,3,0.6,0.0,40.0,True,1.116454577445984,75.0,0.0,0.0,50.0,100.0,2.2812369721276418,0.0,0.8571428571428571,40.0,49.25,Medium,Forecast uncertainty,stockout|excess_inventory|demand_spike|forecast_uncertainty_proxy|replenishment_urgency,normalized holdout MAE proxy; no predictive interval
0,122,2024-07-02,ml_optimized,AI forecast + cost-aware replenishment,xgb_stockout_aware,1.7756906747817993,1.622857,3.8000000000000003,2.1400123647475664,2,1,3,0.0,0.0,75.0,True,2.024309325218201,50.0,0.0,0.0,0.0,50.0,0.3529584244785146,0.0,0.0,75.0,48.75,High,Stockout risk,stockout|excess_inventory|forecast_uncertainty_proxy|replenishment_urgency,normalized holdout MAE proxy; no predictive interval
0,136,2024-07-02,ml_optimized,AI forecast + cost-aware replenishment,xgb_stockout_aware,0.6271253228187561,0.596429,1.5,2.3918664187532914,2,1,3,0.3,0.0,75.0,True,0.8728746771812439,50.0,0.0,0.0,0.0,50.0,0.41204420063230723,0.0,0.2857142857142857,75.0,48.75,High,Stockout risk,stockout|excess_inventory|forecast_uncertainty_proxy|replenishment_urgency,normalized holdout MAE proxy; no predictive interval
0,193,2024-07-02,ml_optimized,AI forecast + cost-aware replenishment,xgb_stockout_aware,0.5636315941810608,0.628571,1.4,2.48389198627901,2,1,3,1.1,0.0,75.0,True,0.8363684058189391,50.0,0.0,0.0,0.0,50.0,0.47215778529644015,0.0,0.2857142857142857,75.0,48.75,High,Stockout risk,stockout|excess_inventory|forecast_uncertainty_proxy|replenishment_urgency,normalized holdout MAE proxy; no predictive interval
0,291,2024-07-02,ml_optimized,AI forecast + cost-aware replenishment,xgb_stockout_aware,0.5349023938179016,0.601429,1.402857,2.6226410952978063,2,1,3,0.4,0.0,75.0,True,0.8679546061820984,50.0,0.0,0.0,0.0,50.0,0.35246135385669003,0.0,0.5714285714285714,75.0,48.75,High,Stockout risk,stockout|excess_inventory|forecast_uncertainty_proxy|replenishment_urgency,normalized holdout MAE proxy; no predictive interval
3,144,2024-07-02,ml_optimized,AI forecast + cost-aware replenishment,xgb_stockout_aware,1.664160966873169,2.403571,3.4999999999999996,2.103161935456419,2,1,3,1.2,0.0,75.0,True,1.8358390331268306,50.0,0.0,0.0,0.0,50.0,0.3032933203946977,0.0,0.5714285714285714,75.0,48.75,High,Stockout risk,stockout|excess_inventory|forecast_uncertainty_proxy|replenishment_urgency,normalized holdout MAE proxy; no predictive interval
5,80,2024-07-02,ml_optimized,AI forecast + cost-aware replenishment,xgb_stockout_aware,0.3747423589229584,0.417857,1.0999999999999999,2.9353500446586662,2,1,3,0.6,0.0,75.0,True,0.7252576410770415,50.0,0.0,0.0,0.0,50.0,0.3721510704074587,0.0,0.2857142857142857,75.0,48.75,High,Stockout risk,stockout|excess_inventory|forecast_uncertainty_proxy|replenishment_urgency,normalized holdout MAE proxy; no predictive interval
5,422,2024-07-02,ml_optimized,AI forecast + cost-aware replenishment,xgb_stockout_aware,0.29240742325782776,0.425,0.8,2.7359086547355087,2,1,3,0.0,0.0,75.0,True,0.5075925767421723,50.0,0.0,0.0,0.0,50.0,0.36438414725390345,0.14285714285714285,0.14285714285714285,75.0,48.75,High,Stockout risk,stockout|excess_inventory|forecast_uncertainty_proxy|replenishment_urgency,normalized holdout MAE proxy; no predictive interval
5,473,2024-07-02,ml_optimized,AI forecast + cost-aware replenishment,xgb_stockout_aware,0.30965158343315125,0.421429,0.10000000000000003,0.3229436093666494,2,1,3,0.2,0.0,100.0,False,0.0,0.0,0.0,0.0,0.0,25.0,0.24426003893216452,0.2857142857142857,0.42857142857142855,100.0,48.75,Critical,Inventory coverage below assumed lead time,stockout|forecast_uncertainty_proxy|replenishment_urgency,normalized holdout MAE proxy; no predictive interval
5,631,2024-07-02,ml_optimized,AI forecast + cost-aware replenishment,xgb_stockout_aware,0.6591650247573853,0.832143,1.6,2.427313252229822,2,1,3,1.0,0.0,75.0,True,0.9408349752426148,50.0,0.0,0.0,0.0,50.0,0.299111949986425,0.14285714285714285,0.2857142857142857,75.0,48.75,High,Stockout risk,stockout|excess_inventory|forecast_uncertainty_proxy|replenishment_urgency,normalized holdout MAE proxy; no predictive interval
9,190,2024-07-02,ml_optimized,AI forecast + cost-aware replenishment,xgb_stockout_aware,0.5660532712936401,0.496429,1.2,2.1199418161784633,2,1,3,0.0,0.0,75.0,True,0.6339467287063598,50.0,0.0,0.0,0.0,50.0,0.45250518679618834,0.14285714285714285,0.8571428571428571,75.0,48.75,High,Stockout risk,stockout|excess_inventory|forecast_uncertainty_proxy|replenishment_urgency,normalized holdout MAE proxy; no predictive interval
9,291,2024-07-02,ml_optimized,AI forecast + cost-aware replenishment,xgb_stockout_aware,1.0642436742782593,0.986071,2.5999999999999996,2.4430495222471,2,1,3,0.6,0.0,75.0,True,1.5357563257217404,50.0,0.0,0.0,0.0,50.0,0.26713075091340727,0.14285714285714285,0.42857142857142855,75.0,48.75,High,Stockout risk,stockout|excess_inventory|forecast_uncertainty_proxy|replenishment_urgency,normalized holdout MAE proxy; no predictive interval
9,387,2024-07-02,ml_optimized,AI forecast + cost-aware replenishment,xgb_stockout_aware,1.3838731050491333,1.417857,4.0,2.890438426330992,2,1,3,2.1,0.0,75.0,True,2.6161268949508667,50.0,0.0,0.0,0.0,50.0,0.29534882979285443,0.14285714285714285,0.5714285714285714,75.0,48.75,High,Stockout risk,stockout|excess_inventory|forecast_uncertainty_proxy|replenishment_urgency,normalized holdout MAE proxy; no predictive interval
10,70,2024-07-02,ml_optimized,AI forecast + cost-aware replenishment,xgb_stockout_aware,4.067864418029785,2.728571,18.0,4.424926238991528,2,1,3,0.0,0.0,40.0,True,13.932135581970215,100.0,4.9,75.0,50.0,50.0,0.3509303610046188,0.14285714285714285,0.42857142857142855,0.0,48.75,Medium,Excess inventory,stockout|excess_inventory|potential_spoilage|demand_spike|forecast_uncertainty_proxy,normalized holdout MAE proxy; no predictive interval
10,290,2024-07-02,ml_optimized,AI forecast + cost-aware replenishment,xgb_stockout_aware,0.7364078760147095,0.778929,0.5,0.6789715540603651,2,1,3,2.2,0.0,100.0,False,0.0,0.0,0.0,0.0,0.0,25.0,0.2013434760178192,0.0,0.42857142857142855,100.0,48.75,Critical,Inventory coverage below assumed lead time,stockout|forecast_uncertainty_proxy|replenishment_urgency,normalized holdout MAE proxy; no predictive interval
10,291,2024-07-02,ml_optimized,AI forecast + cost-aware replenishment,xgb_stockout_aware,0.6569555997848511,0.694286,1.9,2.8921284796449536,2,1,3,1.0,0.0,75.0,True,1.2430444002151488,50.0,0.0,0.0,0.0,50.0,0.36105685677257543,0.0,0.5714285714285714,75.0,48.75,High,Stockout risk,stockout|excess_inventory|forecast_uncertainty_proxy|replenishment_urgency,normalized holdout MAE proxy; no predictive interval
10,740,2024-07-02,ml_optimized,AI forecast + cost-aware replenishment,xgb_stockout_aware,0.5249348282814026,0.464286,1.4000000000000004,2.666997738716434,2,1,3,0.0,0.0,75.0,True,0.8750651717185978,50.0,0.0,0.0,0.0,50.0,0.3484592033644854,0.14285714285714285,0.7142857142857143,75.0,48.75,High,Stockout risk,stockout|excess_inventory|forecast_uncertainty_proxy|replenishment_urgency,normalized holdout MAE proxy; no predictive interval
11,26,2024-07-02,ml_optimized,AI forecast + cost-aware replenishment,xgb_stockout_aware,0.5462373495101929,0.744286,1.2000000000000002,2.1968472149991785,2,1,3,0.2,0.0,75.0,True,0.6537626504898073,50.0,0.0,0.0,0.0,50.0,0.2793905704052417,0.0,0.5714285714285714,75.0,48.75,High,Stockout risk,stockout|excess_inventory|forecast_uncertainty_proxy|replenishment_urgency,normalized holdout MAE proxy; no predictive interval
11,67,2024-07-02,ml_optimized,AI forecast + cost-aware replenishment,xgb_stockout_aware,0.412510484457016,0.372857,0.9999999999999999,2.424180809164866,2,1,3,0.9,0.0,75.0,True,0.5874895155429839,50.0,0.0,0.0,0.0,50.0,0.4885515428724743,0.0,0.8571428571428571,75.0,48.75,High,Stockout risk,stockout|excess_inventory|forecast_uncertainty_proxy|replenishment_urgency,normalized holdout MAE proxy; no predictive interval
11,93,2024-07-02,ml_optimized,AI forecast + cost-aware replenishment,xgb_stockout_aware,0.4972042441368103,0.577143,1.0999999999999999,2.21237049556907,2,1,3,0.0,0.0,75.0,True,0.6027957558631896,50.0,0.0,0.0,0.0,50.0,0.36167125348691587,0.0,0.2857142857142857,75.0,48.75,High,Stockout risk,stockout|excess_inventory|forecast_uncertainty_proxy|replenishment_urgency,normalized holdout MAE proxy; no predictive interval
13,132,2024-07-02,ml_optimized,AI forecast + cost-aware replenishment,xgb_stockout_aware,0.63059002161026,0.591429,0.0,0.0,2,1,3,0.0,0.9,100.0,False,0.0,0.0,0.0,0.0,0.0,25.0,0.20309873796858874,0.8571428571428571,0.0,100.0,48.75,Critical,Current simulated stockout exposure,stockout|forecast_uncertainty_proxy|replenishment_urgency,normalized holdout MAE proxy; no predictive interval
13,183,2024-07-02,ml_optimized,AI forecast + cost-aware replenishment,xgb_stockout_aware,0.4288732409477234,0.392857,1.2000000000000002,2.798029546791593,2,1,3,0.7,0.0,75.0,True,0.7711267590522768,50.0,0.0,0.0,0.0,50.0,0.4300003359394688,0.0,0.42857142857142855,75.0,48.75,High,Stockout risk,stockout|excess_inventory|forecast_uncertainty_proxy|replenishment_urgency,normalized holdout MAE proxy; no predictive interval
13,289,2024-07-02,ml_optimized,AI forecast + cost-aware replenishment,xgb_stockout_aware,0.4563562870025635,0.514286,1.3,2.8486514528783027,2,1,3,1.1,0.0,75.0,True,0.8436437129974366,50.0,0.0,0.0,0.0,50.0,0.441321256998423,0.0,0.0,75.0,48.75,High,Stockout risk,stockout|excess_inventory|forecast_uncertainty_proxy|replenishment_urgency,normalized holdout MAE proxy; no predictive interval
13,294,2024-07-02,ml_optimized,AI forecast + cost-aware replenishment,xgb_stockout_aware,0.46436604857444763,0.463929,1.0,2.153473543274512,2,1,3,0.8,0.0,75.0,True,0.5356339514255524,50.0,0.0,0.0,0.0,50.0,0.3093045566763197,0.0,0.5714285714285714,75.0,48.75,High,Stockout risk,stockout|excess_inventory|forecast_uncertainty_proxy|replenishment_urgency,normalized holdout MAE proxy; no predictive interval
14,169,2024-07-02,ml_optimized,AI forecast + cost-aware replenishment,xgb_stockout_aware,0.629594087600708,0.679286,1.4999999999999998,2.3824874304590167,2,1,3,0.6,0.0,75.0,True,0.8704059123992918,50.0,0.0,0.0,0.0,50.0,0.3584554865956307,0.14285714285714285,0.7142857142857143,75.0,48.75,High,Stockout risk,stockout|excess_inventory|forecast_uncertainty_proxy|replenishment_urgency,normalized holdout MAE proxy; no predictive interval
14,191,2024-07-02,ml_optimized,AI forecast + cost-aware replenishment,xgb_stockout_aware,0.43304282426834106,0.443571,1.2000000000000002,2.771088522312988,2,1,3,0.4,0.0,75.0,True,0.7669571757316591,50.0,0.0,0.0,0.0,50.0,0.30158364134175436,0.0,0.5714285714285714,75.0,48.75,High,Stockout risk,stockout|excess_inventory|forecast_uncertainty_proxy|replenishment_urgency,normalized holdout MAE proxy; no predictive interval
18,8,2024-07-02,ml_optimized,AI forecast + cost-aware replenishment,xgb_stockout_aware,0.9026892185211182,0.771429,2.1,2.3263820558757136,2,1,3,0.8,0.0,75.0,True,1.197310781478882,50.0,0.0,0.0,0.0,50.0,0.3501368868217039,0.14285714285714285,0.14285714285714285,75.0,48.75,High,Stockout risk,stockout|excess_inventory|forecast_uncertainty_proxy|replenishment_urgency,normalized holdout MAE proxy; no predictive interval
19,114,2024-07-02,ml_optimized,AI forecast + cost-aware replenishment,xgb_stockout_aware,1.35178542137146,1.195357,3.9,2.8850732803755474,2,1,3,0.5,0.0,75.0,True,2.54821457862854,50.0,0.0,0.0,0.0,50.0,0.27758315749790363,0.14285714285714285,0.14285714285714285,75.0,48.75,High,Stockout risk,stockout|excess_inventory|forecast_uncertainty_proxy|replenishment_urgency,normalized holdout MAE proxy; no predictive interval
20,108,2024-07-02,ml_optimized,AI forecast + cost-aware replenishment,xgb_stockout_aware,0.37128469347953796,0.37,0.9400000000000002,2.53174993881563,2,1,3,0.2,0.0,75.0,True,0.5687153065204622,50.0,0.0,0.0,0.0,50.0,0.3059930257937487,0.0,0.2857142857142857,75.0,48.75,High,Stockout risk,stockout|excess_inventory|forecast_uncertainty_proxy|replenishment_urgency,normalized holdout MAE proxy; no predictive interval
20,136,2024-07-02,ml_optimized,AI forecast + cost-aware replenishment,xgb_stockout_aware,0.6506493091583252,0.689286,1.5999999999999999,2.459081993139664,2,1,3,1.1,0.0,75.0,True,0.9493506908416747,50.0,0.0,0.0,0.0,50.0,0.34243979454040524,0.0,0.5714285714285714,75.0,48.75,High,Stockout risk,stockout|excess_inventory|forecast_uncertainty_proxy|replenishment_urgency,normalized holdout MAE proxy; no predictive interval
20,140,2024-07-02,ml_optimized,AI forecast + cost-aware replenishment,xgb_stockout_aware,0.678358256816864,0.789286,1.6000000000000003,2.358635697172551,2,1,3,0.0,0.0,75.0,True,0.9216417431831363,50.0,0.0,0.0,0.0,50.0,0.2854193987384919,0.14285714285714285,0.2857142857142857,75.0,48.75,High,Stockout risk,stockout|excess_inventory|forecast_uncertainty_proxy|replenishment_urgency,normalized holdout MAE proxy; no predictive interval
20,166,2024-07-02,ml_optimized,AI forecast + cost-aware replenishment,xgb_stockout_aware,1.1728805303573608,1.509643,2.4,2.0462442148892626,2,1,3,0.5,0.0,75.0,True,1.227119469642639,50.0,0.0,0.0,0.0,50.0,0.3293011268207656,0.0,0.14285714285714285,75.0,48.75,High,Stockout risk,stockout|excess_inventory|forecast_uncertainty_proxy|replenishment_urgency,normalized holdout MAE proxy; no predictive interval
20,201,2024-07-02,ml_optimized,AI forecast + cost-aware replenishment,xgb_stockout_aware,0.7084145545959473,0.728571,2.0,2.8232056880038607,2,1,3,0.9,0.0,75.0,True,1.2915854454040527,50.0,0.0,0.0,0.0,50.0,0.2891975262808421,0.14285714285714285,0.42857142857142855,75.0,48.75,High,Stockout risk,stockout|excess_inventory|forecast_uncertainty_proxy|replenishment_urgency,normalized holdout MAE proxy; no predictive interval
20,250,2024-07-02,ml_optimized,AI forecast + cost-aware replenishment,xgb_stockout_aware,0.3150330185890198,0.377143,0.7999999999999999,2.539416355730159,2,1,3,0.0,0.0,75.0,True,0.48496698141098016,50.0,0.0,0.0,0.0,50.0,0.4442016885774892,0.14285714285714285,0.14285714285714285,75.0,48.75,High,Stockout risk,stockout|excess_inventory|forecast_uncertainty_proxy|replenishment_urgency,normalized holdout MAE proxy; no predictive interval
21,76,2024-07-02,ml_optimized,AI forecast + cost-aware replenishment,xgb_stockout_aware,0.6131612062454224,0.542857,1.5857140000000003,2.5861290372719803,2,1,3,0.8,0.0,75.0,True,0.9725527937545779,50.0,0.0,0.0,0.0,50.0,0.4420922120412191,0.0,0.42857142857142855,75.0,48.75,High,Stockout risk,stockout|excess_inventory|forecast_uncertainty_proxy|replenishment_urgency,normalized holdout MAE proxy; no predictive interval
21,144,2024-07-02,ml_optimized,AI forecast + cost-aware replenishment,xgb_stockout_aware,1.4758070707321167,1.662857,4.1,2.7781409110379696,2,1,3,0.0,0.0,75.0,True,2.624192929267883,50.0,0.0,0.0,0.0,50.0,0.2728614894621963,0.0,0.2857142857142857,75.0,48.75,High,Stockout risk,stockout|excess_inventory|forecast_uncertainty_proxy|replenishment_urgency,normalized holdout MAE proxy; no predictive interval
21,191,2024-07-02,ml_optimized,AI forecast + cost-aware replenishment,xgb_stockout_aware,1.3327085971832275,1.033571,7.6000000000000005,5.702671999012485,2,1,3,0.0,0.0,40.0,True,6.267291402816773,100.0,1.7,50.0,50.0,75.0,0.9151864051818848,0.14285714285714285,0.7142857142857143,0.0,48.75,Medium,Excess inventory,stockout|excess_inventory|potential_spoilage|demand_spike|forecast_uncertainty_proxy,normalized holdout MAE proxy; no predictive interval
21,303,2024-07-02,ml_optimized,AI forecast + cost-aware replenishment,xgb_stockout_aware,0.3747848570346832,0.336786,1.0735709999999998,2.8644994050564048,2,1,3,0.6,0.0,75.0,True,0.6987861429653166,50.0,0.0,0.0,0.0,50.0,0.48175903024344613,0.0,0.5714285714285714,75.0,48.75,High,Stockout risk,stockout|excess_inventory|forecast_uncertainty_proxy|replenishment_urgency,normalized holdout MAE proxy; no predictive interval
21,314,2024-07-02,ml_optimized,AI forecast + cost-aware replenishment,xgb_stockout_aware,2.1104226112365723,2.403571,4.5,2.1322743492419693,2,1,3,2.9,0.0,75.0,True,2.3895773887634277,50.0,0.0,0.0,0.0,50.0,0.25676560015291783,0.0,0.5714285714285714,75.0,48.75,High,Stockout risk,stockout|excess_inventory|forecast_uncertainty_proxy|replenishment_urgency,normalized holdout MAE proxy; no predictive interval
25,64,2024-07-02,ml_optimized,AI forecast + cost-aware replenishment,xgb_stockout_aware,0.2669289708137512,0.331071,0.762143,2.855227732218631,2,1,3,0.0,0.0,75.0,True,0.4952140291862488,50.0,0.0,0.0,0.0,50.0,0.39583203196525574,0.0,0.5714285714285714,75.0,48.75,High,Stockout risk,stockout|excess_inventory|forecast_uncertainty_proxy|replenishment_urgency,normalized holdout MAE proxy; no predictive interval
25,254,2024-07-02,ml_optimized,AI forecast + cost-aware replenishment,xgb_stockout_aware,0.5986905694007874,0.590714,1.4,2.3384367009509117,2,1,3,1.2,0.0,75.0,True,0.8013094305992126,50.0,0.0,0.0,0.0,50.0,0.41634094579653297,0.0,0.7142857142857143,75.0,48.75,High,Stockout risk,stockout|excess_inventory|forecast_uncertainty_proxy|replenishment_urgency,normalized holdout MAE proxy; no predictive interval
25,392,2024-07-02,ml_optimized,AI forecast + cost-aware replenishment,xgb_stockout_aware,1.2475202083587646,1.718214,3.336429,2.6744488607438273,2,1,3,1.6,0.0,75.0,True,2.088908791641235,50.0,0.0,0.0,0.0,50.0,0.2843494266271591,0.0,0.2857142857142857,75.0,48.75,High,Stockout risk,stockout|excess_inventory|forecast_uncertainty_proxy|replenishment_urgency,normalized holdout MAE proxy; no predictive interval
25,522,2024-07-02,ml_optimized,AI forecast + cost-aware replenishment,xgb_stockout_aware,0.4075015187263489,0.745,1.1,2.699376442664714,2,1,3,0.8,0.0,75.0,True,0.6924984812736512,50.0,0.0,0.0,0.0,50.0,0.31959223714413393,0.0,0.5714285714285714,75.0,48.75,High,Stockout risk,stockout|excess_inventory|forecast_uncertainty_proxy|replenishment_urgency,normalized holdout MAE proxy; no predictive interval
34,114,2024-07-02,ml_optimized,AI forecast + cost-aware replenishment,xgb_stockout_aware,1.150818943977356,0.955,2.4000000000000004,2.085471405002544,2,1,3,0.0,0.0,75.0,True,1.2491810560226444,50.0,0.0,0.0,0.0,50.0,0.261945669369031,0.0,0.2857142857142857,75.0,48.75,High,Stockout risk,stockout|excess_inventory|forecast_uncertainty_proxy|replenishment_urgency,normalized holdout MAE proxy; no predictive interval
34,115,2024-07-02,ml_optimized,AI forecast + cost-aware replenishment,xgb_stockout_aware,0.4548676013946533,0.558571,1.2,2.638130296202066,2,1,3,0.0,0.0,75.0,True,0.7451323986053466,50.0,0.0,0.0,0.0,50.0,0.3696334341825065,0.0,0.0,75.0,48.75,High,Stockout risk,stockout|excess_inventory|forecast_uncertainty_proxy|replenishment_urgency,normalized holdout MAE proxy; no predictive interval
36,25,2024-07-02,ml_optimized,AI forecast + cost-aware replenishment,xgb_stockout_aware,0.7798251509666443,0.8725,1.9000000000000001,2.436443602318835,2,1,3,1.1,0.0,75.0,True,1.1201748490333558,50.0,0.0,0.0,0.0,50.0,0.2525982150325069,0.0,0.5714285714285714,75.0,48.75,High,Stockout risk,stockout|excess_inventory|forecast_uncertainty_proxy|replenishment_urgency,normalized holdout MAE proxy; no predictive interval
36,221,2024-07-02,ml_optimized,AI forecast + cost-aware replenishment,xgb_stockout_aware,1.7308605909347534,1.789286,3.6,2.0798902111785997,2,1,3,2.3,0.0,75.0,True,1.8691394090652467,50.0,0.0,0.0,0.0,50.0,0.2606890681836245,0.14285714285714285,0.5714285714285714,75.0,48.75,High,Stockout risk,stockout|excess_inventory|forecast_uncertainty_proxy|replenishment_urgency,normalized holdout MAE proxy; no predictive interval
36,402,2024-07-02,ml_optimized,AI forecast + cost-aware replenishment,xgb_stockout_aware,0.8394638299942017,0.911071,2.5,2.97809138485129,2,1,3,0.7,0.0,75.0,True,1.6605361700057983,50.0,0.0,0.0,0.0,50.0,0.2823251121184406,0.14285714285714285,0.8571428571428571,75.0,48.75,High,Stockout risk,stockout|excess_inventory|forecast_uncertainty_proxy|replenishment_urgency,normalized holdout MAE proxy; no predictive interval
36,441,2024-07-02,ml_optimized,AI forecast + cost-aware replenishment,xgb_stockout_aware,1.1608964204788208,1.096429,2.4000000000000004,2.0673679043735027,2,1,3,1.3,0.0,75.0,True,1.2391035795211796,50.0,0.0,0.0,0.0,50.0,0.298102162101052,0.14285714285714285,0.2857142857142857,75.0,48.75,High,Stockout risk,stockout|excess_inventory|forecast_uncertainty_proxy|replenishment_urgency,normalized holdout MAE proxy; no predictive interval
36,531,2024-07-02,ml_optimized,AI forecast + cost-aware replenishment,xgb_stockout_aware,0.8592802882194519,1.692857,2.14,2.4904562915487998,2,1,3,0.5,0.0,75.0,True,1.2807197117805482,50.0,0.0,0.0,0.0,50.0,0.3201252877211371,0.0,0.2857142857142857,75.0,48.75,High,Stockout risk,stockout|excess_inventory|forecast_uncertainty_proxy|replenishment_urgency,normalized holdout MAE proxy; no predictive interval
42,83,2024-07-02,ml_optimized,AI forecast + cost-aware replenishment,xgb_stockout_aware,0.8255273699760437,0.6725,4.12,4.990749125761342,2,1,3,0.0,0.0,75.0,True,3.2944726300239564,100.0,0.9200000000000002,50.0,0.0,50.0,0.28270034068896444,0.42857142857142855,0.0,0.0,48.75,Medium,Stockout risk,stockout|excess_inventory|potential_spoilage|forecast_uncertainty_proxy,normalized holdout MAE proxy; no predictive interval
42,103,2024-07-02,ml_optimized,AI forecast + cost-aware replenishment,xgb_stockout_aware,0.39411962032318115,0.451429,1.0999999999999999,2.791030802013844,2,1,3,0.3,0.0,75.0,True,0.7058803796768187,50.0,0.0,0.0,0.0,50.0,0.4247624439162176,0.14285714285714285,0.5714285714285714,75.0,48.75,High,Stockout risk,stockout|excess_inventory|forecast_uncertainty_proxy|replenishment_urgency,normalized holdout MAE proxy; no predictive interval
42,355,2024-07-02,ml_optimized,AI forecast + cost-aware replenishment,xgb_stockout_aware,1.2427282333374023,1.092857,3.2,2.5749797213556955,2,1,3,1.8,0.0,75.0,True,1.9572717666625978,50.0,0.0,0.0,0.0,50.0,0.4350646817406943,0.14285714285714285,0.0,75.0,48.75,High,Stockout risk,stockout|excess_inventory|forecast_uncertainty_proxy|replenishment_urgency,normalized holdout MAE proxy; no predictive interval
42,394,2024-07-02,ml_optimized,AI forecast + cost-aware replenishment,xgb_stockout_aware,0.6213569641113281,0.742143,1.5,2.4140712772815176,2,1,3,1.3,0.0,75.0,True,0.8786430358886719,50.0,0.0,0.0,0.0,50.0,0.44390186438193685,0.14285714285714285,0.42857142857142855,75.0,48.75,High,Stockout risk,stockout|excess_inventory|forecast_uncertainty_proxy|replenishment_urgency,normalized holdout MAE proxy; no predictive interval
42,535,2024-07-02,ml_optimized,AI forecast + cost-aware replenishment,xgb_stockout_aware,1.1241281032562256,1.442143,2.984286,2.6547561539966087,2,1,3,1.2,0.0,75.0,True,1.8601578967437744,50.0,0.0,0.0,0.0,50.0,0.28741091542539343,0.0,0.5714285714285714,75.0,48.75,High,Stockout risk,stockout|excess_inventory|forecast_uncertainty_proxy|replenishment_urgency,normalized holdout MAE proxy; no predictive interval
42,580,2024-07-02,ml_optimized,AI forecast + cost-aware replenishment,xgb_stockout_aware,2.086939811706543,3.132143,5.699999999999999,2.731271868995094,2,1,3,4.7,0.0,75.0,True,3.6130601882934563,50.0,0.0,0.0,0.0,50.0,0.30212821316074684,0.0,0.42857142857142855,75.0,48.75,High,Stockout risk,stockout|excess_inventory|forecast_uncertainty_proxy|replenishment_urgency,normalized holdout MAE proxy; no predictive interval
42,678,2024-07-02,ml_optimized,AI forecast + cost-aware replenishment,xgb_stockout_aware,0.5991098284721375,0.485714,1.5,2.5037145590238965,2,1,3,1.2,0.0,75.0,True,0.9008901715278625,50.0,0.0,0.0,0.0,50.0,0.26657154583013976,0.14285714285714285,0.8571428571428571,75.0,48.75,High,Stockout risk,stockout|excess_inventory|forecast_uncertainty_proxy|replenishment_urgency,normalized holdout MAE proxy; no predictive interval
46,411,2024-07-02,ml_optimized,AI forecast + cost-aware replenishment,xgb_stockout_aware,1.0170035362243652,1.357143,2.1,2.064889575306954,2,1,3,1.5,0.0,75.0,True,1.0829964637756349,50.0,0.0,0.0,0.0,50.0,0.2939717599323818,0.0,0.0,75.0,48.75,High,Stockout risk,stockout|excess_inventory|forecast_uncertainty_proxy|replenishment_urgency,normalized holdout MAE proxy; no predictive interval
52,127,2024-07-02,ml_optimized,AI forecast + cost-aware replenishment,xgb_stockout_aware,0.4338582456111908,0.556071,1.1,2.5353903288167148,2,1,3,0.7,0.0,75.0,True,0.6661417543888093,50.0,0.0,0.0,0.0,50.0,0.3304553022485295,0.14285714285714285,0.0,75.0,48.75,High,Stockout risk,stockout|excess_inventory|forecast_uncertainty_proxy|replenishment_urgency,normalized holdout MAE proxy; no predictive interval
52,132,2024-07-02,ml_optimized,AI forecast + cost-aware replenishment,xgb_stockout_aware,1.251194953918457,1.339286,2.9000000000000004,2.317784283670472,2,1,3,2.4,0.0,75.0,True,1.6488050460815433,50.0,0.0,0.0,0.0,50.0,0.39724279940128326,0.0,0.42857142857142855,75.0,48.75,High,Stockout risk,stockout|excess_inventory|forecast_uncertainty_proxy|replenishment_urgency,normalized holdout MAE proxy; no predictive interval
52,228,2024-07-02,ml_optimized,AI forecast + cost-aware replenishment,xgb_stockout_aware,0.3545956611633301,0.505714,1.03,2.9047168727921133,2,1,3,0.2,0.0,75.0,True,0.67540433883667,50.0,0.0,0.0,0.0,50.0,0.31730698562726223,0.0,0.8571428571428571,75.0,48.75,High,Stockout risk,stockout|excess_inventory|forecast_uncertainty_proxy|replenishment_urgency,normalized holdout MAE proxy; no predictive interval
52,363,2024-07-02,ml_optimized,AI forecast + cost-aware replenishment,xgb_stockout_aware,0.8661032319068909,0.764286,1.9000000000000001,2.1937338760609277,2,1,3,0.9,0.0,75.0,True,1.0338967680931093,50.0,0.0,0.0,0.0,50.0,0.2506320439852201,0.14285714285714285,0.5714285714285714,75.0,48.75,High,Stockout risk,stockout|excess_inventory|forecast_uncertainty_proxy|replenishment_urgency,normalized holdout MAE proxy; no predictive interval
68,76,2024-07-02,ml_optimized,AI forecast + cost-aware replenishment,xgb_stockout_aware,0.6406965255737305,0.939286,1.7999999999999998,2.8094424242243816,2,1,3,0.0,0.0,75.0,True,1.1593034744262694,50.0,0.0,0.0,0.0,50.0,0.44198459127674933,0.0,0.8571428571428571,75.0,48.75,High,Stockout risk,stockout|excess_inventory|forecast_uncertainty_proxy|replenishment_urgency,normalized holdout MAE proxy; no predictive interval
68,118,2024-07-02,ml_optimized,AI forecast + cost-aware replenishment,xgb_stockout_aware,0.7185677289962769,0.669643,0.5,0.6958286321853325,2,1,3,1.0,0.0,100.0,False,0.0,0.0,0.0,0.0,0.0,25.0,0.24573052906599202,0.0,0.2857142857142857,100.0,48.75,Critical,Inventory coverage below assumed lead time,stockout|forecast_uncertainty_proxy|replenishment_urgency,normalized holdout MAE proxy; no predictive interval
68,132,2024-07-02,ml_optimized,AI forecast + cost-aware replenishment,xgb_stockout_aware,1.2504431009292603,1.368571,3.1,2.479121199274282,2,1,3,2.1,0.0,75.0,True,1.8495568990707398,50.0,0.0,0.0,0.0,50.0,0.39176208727438827,0.0,0.14285714285714285,75.0,48.75,High,Stockout risk,stockout|excess_inventory|forecast_uncertainty_proxy|replenishment_urgency,normalized holdout MAE proxy; no predictive interval
68,226,2024-07-02,ml_optimized,AI forecast + cost-aware replenishment,xgb_stockout_aware,0.7041335701942444,0.856071,1.7621430000000002,2.502569220657794,2,1,3,0.0,0.0,75.0,True,1.0580094298057559,50.0,0.0,0.0,0.0,50.0,0.25519786263904437,0.0,0.8571428571428571,75.0,48.75,High,Stockout risk,stockout|excess_inventory|forecast_uncertainty_proxy|replenishment_urgency,normalized holdout MAE proxy; no predictive interval
68,291,2024-07-02,ml_optimized,AI forecast + cost-aware replenishment,xgb_stockout_aware,0.6684079170227051,0.753929,1.4378570000000002,2.151166919752624,2,1,3,0.0,0.0,75.0,True,0.7694490829772951,50.0,0.0,0.0,0.0,50.0,0.333964464577001,0.14285714285714285,0.5714285714285714,75.0,48.75,High,Stockout risk,stockout|excess_inventory|forecast_uncertainty_proxy|replenishment_urgency,normalized holdout MAE proxy; no predictive interval
68,300,2024-07-02,ml_optimized,AI forecast + cost-aware replenishment,xgb_stockout_aware,2.7623255252838135,2.451429,7.2,2.606499463621414,2,1,3,3.6,0.0,75.0,True,4.437674474716187,50.0,0.0,0.0,0.0,50.0,0.25091009698015576,0.0,0.2857142857142857,75.0,48.75,High,Stockout risk,stockout|excess_inventory|forecast_uncertainty_proxy|replenishment_urgency,normalized holdout MAE proxy; no predictive interval
68,343,2024-07-02,ml_optimized,AI forecast + cost-aware replenishment,xgb_stockout_aware,0.8271324038505554,0.717857,2.1,2.5388921897193906,2,1,3,1.6,0.0,75.0,True,1.2728675961494447,50.0,0.0,0.0,0.0,50.0,0.3267137836187314,0.14285714285714285,0.0,75.0,48.75,High,Stockout risk,stockout|excess_inventory|forecast_uncertainty_proxy|replenishment_urgency,normalized holdout MAE proxy; no predictive interval
68,363,2024-07-02,ml_optimized,AI forecast + cost-aware replenishment,xgb_stockout_aware,0.816609263420105,0.671429,0.09999999999999987,0.12245758709763108,2,1,3,0.8,0.0,100.0,False,0.0,0.0,0.0,0.0,0.0,25.0,0.2309161885579427,0.14285714285714285,0.0,100.0,48.75,Critical,Inventory coverage below assumed lead time,stockout|forecast_uncertainty_proxy|replenishment_urgency,normalized holdout MAE proxy; no predictive interval
70,403,2024-07-02,ml_optimized,AI forecast + cost-aware replenishment,xgb_stockout_aware,0.5439273118972778,0.7925,1.5,2.757721421944848,2,1,3,0.8,0.0,75.0,True,0.9560726881027222,50.0,0.0,0.0,0.0,50.0,0.3076368162506505,0.0,0.5714285714285714,75.0,48.75,High,Stockout risk,stockout|excess_inventory|forecast_uncertainty_proxy|replenishment_urgency,normalized holdout MAE proxy; no predictive interval
70,617,2024-07-02,ml_optimized,AI forecast + cost-aware replenishment,xgb_stockout_aware,0.37781402468681335,0.342143,0.8,2.1174438949511076,2,1,3,0.6,0.0,75.0,True,0.4221859753131867,50.0,0.0,0.0,0.0,50.0,0.35405414259952045,0.0,0.5714285714285714,75.0,48.75,High,Stockout risk,stockout|excess_inventory|forecast_uncertainty_proxy|replenishment_urgency,normalized holdout MAE proxy; no predictive interval
70,834,2024-07-02,ml_optimized,AI forecast + cost-aware replenishment,xgb_stockout_aware,0.9156662225723267,1.142857,2.6,2.8394626075601814,2,1,3,0.0,0.0,75.0,True,1.6843337774276734,50.0,0.0,0.0,0.0,50.0,0.2998533248901367,0.0,0.0,75.0,48.75,High,Stockout risk,stockout|excess_inventory|forecast_uncertainty_proxy|replenishment_urgency,normalized holdout MAE proxy; no predictive interval
71,317,2024-07-02,ml_optimized,AI forecast + cost-aware replenishment,xgb_stockout_aware,1.2768617868423462,1.275,3.4,2.6627784111294712,2,1,3,2.7,0.0,75.0,True,2.1231382131576537,50.0,0.0,0.0,0.0,50.0,0.2750598616070218,0.14285714285714285,0.42857142857142855,75.0,48.75,High,Stockout risk,stockout|excess_inventory|forecast_uncertainty_proxy|replenishment_urgency,normalized holdout MAE proxy; no predictive interval
71,392,2024-07-02,ml_optimized,AI forecast + cost-aware replenishment,xgb_stockout_aware,0.5763033628463745,0.8175,1.5,2.602795847991357,2,1,3,0.4,0.0,75.0,True,0.9236966371536255,50.0,0.0,0.0,0.0,50.0,0.359669863093983,0.0,0.7142857142857143,75.0,48.75,High,Stockout risk,stockout|excess_inventory|forecast_uncertainty_proxy|replenishment_urgency,normalized holdout MAE proxy; no predictive interval
71,447,2024-07-02,ml_optimized,AI forecast + cost-aware replenishment,xgb_stockout_aware,0.36946606636047363,0.520714,1.0000000000000002,2.7066085117119774,2,1,3,0.4,0.0,75.0,True,0.6305339336395266,50.0,0.0,0.0,0.0,50.0,0.28213800362178254,0.0,0.42857142857142855,75.0,48.75,High,Stockout risk,stockout|excess_inventory|forecast_uncertainty_proxy|replenishment_urgency,normalized holdout MAE proxy; no predictive interval
71,461,2024-07-02,ml_optimized,AI forecast + cost-aware replenishment,xgb_stockout_aware,0.29127395153045654,0.475714,0.8,2.746555247376281,2,1,3,0.2,0.0,75.0,True,0.5087260484695435,50.0,0.0,0.0,0.0,50.0,0.4284068085930564,0.0,0.42857142857142855,75.0,48.75,High,Stockout risk,stockout|excess_inventory|forecast_uncertainty_proxy|replenishment_urgency,normalized holdout MAE proxy; no predictive interval
71,654,2024-07-02,ml_optimized,AI forecast + cost-aware replenishment,xgb_stockout_aware,0.5879511833190918,0.763214,1.2999999999999998,2.211067920063129,2,1,3,1.0,0.0,75.0,True,0.712048816680908,50.0,0.0,0.0,0.0,50.0,0.32343879342079157,0.0,0.2857142857142857,75.0,48.75,High,Stockout risk,stockout|excess_inventory|forecast_uncertainty_proxy|replenishment_urgency,normalized holdout MAE proxy; no predictive interval
71,731,2024-07-02,ml_optimized,AI forecast + cost-aware replenishment,xgb_stockout_aware,0.48373764753341675,0.539286,1.3000000000000003,2.687407123734763,2,1,3,0.0,0.0,75.0,True,0.8162623524665835,50.0,0.0,0.0,0.0,50.0,0.278592980333737,0.14285714285714285,0.2857142857142857,75.0,48.75,High,Stockout risk,stockout|excess_inventory|forecast_uncertainty_proxy|replenishment_urgency,normalized holdout MAE proxy; no predictive interval
72,55,2024-07-02,ml_optimized,AI forecast + cost-aware replenishment,xgb_stockout_aware,0.6318933367729187,0.575,1.4,2.2155637961776975,2,1,3,1.5,0.0,75.0,True,0.7681066632270812,50.0,0.0,0.0,0.0,50.0,0.42526929846721717,0.0,0.5714285714285714,75.0,48.75,High,Stockout risk,stockout|excess_inventory|forecast_uncertainty_proxy|replenishment_urgency,normalized holdout MAE proxy; no predictive interval
72,272,2024-07-02,ml_optimized,AI forecast + cost-aware replenishment,xgb_stockout_aware,1.292766809463501,1.057143,2.8,2.165897190044662,2,1,3,2.3,0.0,75.0,True,1.5072331905364988,50.0,0.0,0.0,0.0,50.0,0.30254142814212376,0.0,0.5714285714285714,75.0,48.75,High,Stockout risk,stockout|excess_inventory|forecast_uncertainty_proxy|replenishment_urgency,normalized holdout MAE proxy; no predictive interval
72,297,2024-07-02,ml_optimized,AI forecast + cost-aware replenishment,xgb_stockout_aware,0.4055652320384979,0.333929,0.0,0.0,2,1,3,0.0,0.6900000000000001,100.0,False,0.0,0.0,0.0,0.0,0.0,25.0,0.2149739209177923,0.8571428571428571,0.2857142857142857,100.0,48.75,Critical,Current simulated stockout exposure,stockout|forecast_uncertainty_proxy|replenishment_urgency,normalized holdout MAE proxy; no predictive interval
89,67,2024-07-02,ml_optimized,AI forecast + cost-aware replenishment,xgb_stockout_aware,0.5844232439994812,0.549643,0.0,0.0,2,1,3,0.0,0.6,100.0,False,0.0,0.0,0.0,0.0,0.0,25.0,0.19587955918422967,0.7142857142857143,0.7142857142857143,100.0,48.75,Critical,Current simulated stockout exposure,stockout|forecast_uncertainty_proxy|replenishment_urgency,normalized holdout MAE proxy; no predictive interval
89,290,2024-07-02,ml_optimized,AI forecast + cost-aware replenishment,xgb_stockout_aware,0.862524151802063,0.911429,1.842857,2.1365859682302664,2,1,3,0.6,0.0,75.0,True,0.980332848197937,50.0,0.0,0.0,0.0,50.0,0.3133155854193719,0.0,0.42857142857142855,75.0,48.75,High,Stockout risk,stockout|excess_inventory|forecast_uncertainty_proxy|replenishment_urgency,normalized holdout MAE proxy; no predictive interval
89,292,2024-07-02,ml_optimized,AI forecast + cost-aware replenishment,xgb_stockout_aware,1.0638679265975952,0.995357,2.6999999999999997,2.537909013419545,2,1,3,0.5,0.0,75.0,True,1.6361320734024045,50.0,0.0,0.0,0.0,50.0,0.31323700799391824,0.14285714285714285,0.7142857142857143,75.0,48.75,High,Stockout risk,stockout|excess_inventory|forecast_uncertainty_proxy|replenishment_urgency,normalized holdout MAE proxy; no predictive interval
89,301,2024-07-02,ml_optimized,AI forecast + cost-aware replenishment,xgb_stockout_aware,0.5597438812255859,0.539286,1.4785709999999999,2.6415134664136,2,1,3,0.9,0.0,75.0,True,0.9188271187744139,50.0,0.0,0.0,0.0,50.0,0.2648036479949951,0.0,0.42857142857142855,75.0,48.75,High,Stockout risk,stockout|excess_inventory|forecast_uncertainty_proxy|replenishment_urgency,normalized holdout MAE proxy; no predictive interval
89,310,2024-07-02,ml_optimized,AI forecast + cost-aware replenishment,xgb_stockout_aware,0.6877521872520447,0.728571,1.7999999999999998,2.6172217745929798,2,1,3,0.0,0.0,75.0,True,1.1122478127479551,50.0,0.0,0.0,0.0,50.0,0.29380180269984874,0.0,0.42857142857142855,75.0,48.75,High,Stockout risk,stockout|excess_inventory|forecast_uncertainty_proxy|replenishment_urgency,normalized holdout MAE proxy; no predictive interval
89,631,2024-07-02,ml_optimized,AI forecast + cost-aware replenishment,xgb_stockout_aware,0.4646737277507782,0.531429,1.9,4.088890519368981,2,1,3,0.3,0.0,75.0,True,1.4353262722492217,100.0,0.09999999999999998,50.0,0.0,50.0,0.4222484604985106,0.2857142857142857,0.2857142857142857,0.0,48.75,Medium,Stockout risk,stockout|excess_inventory|potential_spoilage|forecast_uncertainty_proxy,normalized holdout MAE proxy; no predictive interval
89,638,2024-07-02,ml_optimized,AI forecast + cost-aware replenishment,xgb_stockout_aware,0.3914988338947296,0.424286,1.0,2.554286024435237,2,1,3,0.3,0.0,75.0,True,0.6085011661052704,50.0,0.0,0.0,0.0,50.0,0.3869913988991787,0.14285714285714285,0.2857142857142857,75.0,48.75,High,Stockout risk,stockout|excess_inventory|forecast_uncertainty_proxy|replenishment_urgency,normalized holdout MAE proxy; no predictive interval
89,834,2024-07-02,ml_optimized,AI forecast + cost-aware replenishment,xgb_stockout_aware,1.6221822500228882,1.542857,3.6999999999999997,2.2808781195502505,2,1,3,3.6,0.0,75.0,True,2.0778177499771115,50.0,0.0,0.0,0.0,50.0,0.36373796670333197,0.0,0.0,75.0,48.75,High,Stockout risk,stockout|excess_inventory|forecast_uncertainty_proxy|replenishment_urgency,normalized holdout MAE proxy; no predictive interval
103,26,2024-07-02,ml_optimized,AI forecast + cost-aware replenishment,xgb_stockout_aware,0.6838111281394958,0.557143,1.7,2.486066590675904,2,1,3,0.9,0.0,75.0,True,1.016188871860504,50.0,0.0,0.0,0.0,50.0,0.27595026751394597,0.14285714285714285,0.0,75.0,48.75,High,Stockout risk,stockout|excess_inventory|forecast_uncertainty_proxy|replenishment_urgency,normalized holdout MAE proxy; no predictive interval
106,836,2024-07-02,ml_optimized,AI forecast + cost-aware replenishment,xgb_stockout_aware,0.3699043095111847,0.475,0.9500000000000001,2.568231771225891,2,1,3,0.0,0.0,75.0,True,0.5800956904888154,50.0,0.0,0.0,0.0,50.0,0.4379172535503612,0.0,0.0,75.0,48.75,High,Stockout risk,stockout|excess_inventory|forecast_uncertainty_proxy|replenishment_urgency,normalized holdout MAE proxy; no predictive interval
108,836,2024-07-02,ml_optimized,AI forecast + cost-aware replenishment,xgb_stockout_aware,0.43839019536972046,0.564286,1.2,2.737287495647499,2,1,3,0.4,0.0,75.0,True,0.7616098046302795,50.0,0.0,0.0,0.0,50.0,0.3835240078694892,0.0,0.0,75.0,48.75,High,Stockout risk,stockout|excess_inventory|forecast_uncertainty_proxy|replenishment_urgency,normalized holdout MAE proxy; no predictive interval
113,132,2024-07-02,ml_optimized,AI forecast + cost-aware replenishment,xgb_stockout_aware,2.3867180347442627,2.242857,4.9,2.053028438495474,2,1,3,5.9,0.0,75.0,True,2.5132819652557377,50.0,0.0,0.0,0.0,50.0,0.26261399202286057,0.0,0.14285714285714285,75.0,48.75,High,Stockout risk,stockout|excess_inventory|forecast_uncertainty_proxy|replenishment_urgency,normalized holdout MAE proxy; no predictive interval
136,610,2024-07-02,ml_optimized,AI forecast + cost-aware replenishment,xgb_stockout_aware,0.7770054340362549,0.881071,0.7,0.9008946003939248,2,1,3,1.4,0.0,100.0,False,0.0,0.0,0.0,0.0,0.0,25.0,0.24598927947058197,0.0,0.14285714285714285,100.0,48.75,Critical,Inventory coverage below assumed lead time,stockout|forecast_uncertainty_proxy|replenishment_urgency,normalized holdout MAE proxy; no predictive interval
220,835,2024-07-02,ml_optimized,AI forecast + cost-aware replenishment,xgb_stockout_aware,1.1511107683181763,1.203571,3.1,2.693050995022171,2,1,3,0.0,0.0,75.0,True,1.9488892316818238,50.0,0.0,0.0,0.0,50.0,0.25682595345826276,0.14285714285714285,0.0,75.0,48.75,High,Stockout risk,stockout|excess_inventory|forecast_uncertainty_proxy|replenishment_urgency,normalized holdout MAE proxy; no predictive interval
228,319,2024-07-02,ml_optimized,AI forecast + cost-aware replenishment,xgb_stockout_aware,0.2693006098270416,0.467857,0.10000000000000003,0.37133224489994676,2,1,3,0.7,0.0,100.0,False,0.0,0.0,0.0,0.0,0.0,25.0,0.24668846726417545,0.14285714285714285,0.0,100.0,48.75,Critical,Inventory coverage below assumed lead time,stockout|forecast_uncertainty_proxy|replenishment_urgency,normalized holdout MAE proxy; no predictive interval
249,835,2024-07-02,ml_optimized,AI forecast + cost-aware replenishment,xgb_stockout_aware,1.3290116786956787,1.707143,3.6000000000000005,2.7087798081150947,2,1,3,2.2,0.0,75.0,True,2.270988321304322,50.0,0.0,0.0,0.0,50.0,0.354321172604194,0.0,0.0,75.0,48.75,High,Stockout risk,stockout|excess_inventory|forecast_uncertainty_proxy|replenishment_urgency,normalized holdout MAE proxy; no predictive interval
264,835,2024-07-02,ml_optimized,AI forecast + cost-aware replenishment,xgb_stockout_aware,1.129876732826233,1.4,2.6999999999999997,2.3896412073610165,2,1,3,0.7,0.0,75.0,True,1.5701232671737668,50.0,0.0,0.0,0.0,50.0,0.38608239774834613,0.0,0.0,75.0,48.75,High,Stockout risk,stockout|excess_inventory|forecast_uncertainty_proxy|replenishment_urgency,normalized holdout MAE proxy; no predictive interval
297,37,2024-07-02,ml_optimized,AI forecast + cost-aware replenishment,xgb_stockout_aware,1.3898162841796875,1.282143,3.9,2.806126280425546,2,1,3,3.5,0.0,75.0,True,2.5101837158203124,50.0,0.0,0.0,0.0,50.0,0.3035097101278473,0.2857142857142857,0.0,75.0,48.75,High,Stockout risk,stockout|excess_inventory|forecast_uncertainty_proxy|replenishment_urgency,normalized holdout MAE proxy; no predictive interval
299,467,2024-07-02,ml_optimized,AI forecast + cost-aware replenishment,xgb_stockout_aware,1.6083974838256836,1.792857,4.3,2.6734684947231795,2,1,3,2.3,0.0,75.0,True,2.6916025161743162,50.0,0.0,0.0,0.0,50.0,0.492755358095293,0.0,0.14285714285714285,75.0,48.75,High,Stockout risk,stockout|excess_inventory|forecast_uncertainty_proxy|replenishment_urgency,normalized holdout MAE proxy; no predictive interval
310,50,2024-07-02,ml_optimized,AI forecast + cost-aware replenishment,xgb_stockout_aware,0.5097328424453735,0.742857,1.4,2.746536780490132,2,1,3,0.2,0.0,75.0,True,0.8902671575546264,50.0,0.0,0.0,0.0,50.0,0.4943070341559017,0.0,0.42857142857142855,75.0,48.75,High,Stockout risk,stockout|excess_inventory|forecast_uncertainty_proxy|replenishment_urgency,normalized holdout MAE proxy; no predictive interval
310,512,2024-07-02,ml_optimized,AI forecast + cost-aware replenishment,xgb_stockout_aware,1.989816665649414,1.963214,5.8,2.914841402289221,2,1,3,0.0,0.0,75.0,True,3.8101833343505858,50.0,0.0,0.0,0.0,50.0,0.369814257152745,0.0,0.2857142857142857,75.0,48.75,High,Stockout risk,stockout|excess_inventory|forecast_uncertainty_proxy|replenishment_urgency,normalized holdout MAE proxy; no predictive interval
315,835,2024-07-02,ml_optimized,AI forecast + cost-aware replenishment,xgb_stockout_aware,1.3403761386871338,1.503571,2.7,2.014359941265879,2,1,3,1.1,0.0,75.0,True,1.3596238613128664,50.0,0.0,0.0,0.0,50.0,0.4185405776614235,0.0,0.0,75.0,48.75,High,Stockout risk,stockout|excess_inventory|forecast_uncertainty_proxy|replenishment_urgency,normalized holdout MAE proxy; no predictive interval
317,28,2024-07-02,ml_optimized,AI forecast + cost-aware replenishment,xgb_stockout_aware,0.40147119760513306,0.482143,0.9000000000000001,2.2417548391234656,2,1,3,0.9,0.0,75.0,True,0.4985288023948671,50.0,0.0,0.0,0.0,50.0,0.36420218558872447,0.14285714285714285,0.42857142857142855,75.0,48.75,High,Stockout risk,stockout|excess_inventory|forecast_uncertainty_proxy|replenishment_urgency,normalized holdout MAE proxy; no predictive interval
318,610,2024-07-02,ml_optimized,AI forecast + cost-aware replenishment,xgb_stockout_aware,0.6008950471878052,0.785714,1.4,2.329857778911665,2,1,3,1.4,0.0,75.0,True,0.7991049528121947,50.0,0.0,0.0,0.0,50.0,0.43192550600791463,0.0,0.0,75.0,48.75,High,Stockout risk,stockout|excess_inventory|forecast_uncertainty_proxy|replenishment_urgency,normalized holdout MAE proxy; no predictive interval
354,610,2024-07-02,ml_optimized,AI forecast + cost-aware replenishment,xgb_stockout_aware,0.8866860866546631,1.017857,2.5,2.8194871190909674,2,1,3,0.0,0.0,75.0,True,1.613313913345337,50.0,0.0,0.0,0.0,50.0,0.3892148137092589,0.14285714285714285,0.0,75.0,48.75,High,Stockout risk,stockout|excess_inventory|forecast_uncertainty_proxy|replenishment_urgency,normalized holdout MAE proxy; no predictive interval
356,37,2024-07-02,ml_optimized,AI forecast + cost-aware replenishment,xgb_stockout_aware,1.1684355735778809,1.135714,3.1999999999999997,2.738704702563309,2,1,3,1.8,0.0,75.0,True,2.031564426422119,50.0,0.0,0.0,0.0,50.0,0.3876610644366763,0.2857142857142857,0.14285714285714285,75.0,48.75,High,Stockout risk,stockout|excess_inventory|forecast_uncertainty_proxy|replenishment_urgency,normalized holdout MAE proxy; no predictive interval
361,411,2024-07-02,ml_optimized,AI forecast + cost-aware replenishment,xgb_stockout_aware,0.5883591175079346,0.628571,1.7000000000000002,2.8893917837129024,2,1,3,1.1,0.0,75.0,True,1.1116408824920656,50.0,0.0,0.0,0.0,50.0,0.257163941860199,0.14285714285714285,0.0,75.0,48.75,High,Stockout risk,stockout|excess_inventory|forecast_uncertainty_proxy|replenishment_urgency,normalized holdout MAE proxy; no predictive interval
392,861,2024-07-02,ml_optimized,AI forecast + cost-aware replenishment,xgb_stockout_aware,0.14665046334266663,0.321429,1.3,8.864615701638748,2,1,3,0.0,0.0,75.0,True,1.1533495366573334,100.0,0.0,0.0,0.0,100.0,1.3515521883964539,0.2857142857142857,0.8571428571428571,0.0,48.75,Medium,Stockout risk,stockout|excess_inventory|forecast_uncertainty_proxy,normalized holdout MAE proxy; no predictive interval
427,835,2024-07-02,ml_optimized,AI forecast + cost-aware replenishment,xgb_stockout_aware,1.6774777173995972,1.9,3.8,2.2653057984523977,2,1,3,3.0,0.0,75.0,True,2.1225222826004027,50.0,0.0,0.0,0.0,50.0,0.39264540311669105,0.0,0.0,75.0,48.75,High,Stockout risk,stockout|excess_inventory|forecast_uncertainty_proxy|replenishment_urgency,normalized holdout MAE proxy; no predictive interval
472,319,2024-07-02,ml_optimized,AI forecast + cost-aware replenishment,xgb_stockout_aware,0.3722250759601593,0.585714,0.8,2.149237253660006,2,1,3,0.9,0.0,75.0,True,0.42777492403984074,50.0,0.0,0.0,0.0,50.0,0.47975610738450825,0.14285714285714285,0.2857142857142857,75.0,48.75,High,Stockout risk,stockout|excess_inventory|forecast_uncertainty_proxy|replenishment_urgency,normalized holdout MAE proxy; no predictive interval
472,441,2024-07-02,ml_optimized,AI forecast + cost-aware replenishment,xgb_stockout_aware,0.8166583180427551,1.028571,2.0,2.449004627532971,2,1,3,0.6,0.0,75.0,True,1.1833416819572449,50.0,0.0,0.0,0.0,50.0,0.4674104404449463,0.0,0.0,75.0,48.75,High,Stockout risk,stockout|excess_inventory|forecast_uncertainty_proxy|replenishment_urgency,normalized holdout MAE proxy; no predictive interval
477,134,2024-07-02,ml_optimized,AI forecast + cost-aware replenishment,xgb_stockout_aware,0.8029918670654297,0.784286,2.4,2.9888223012406203,2,1,3,1.5,0.0,75.0,True,1.5970081329345702,50.0,0.0,0.0,0.0,50.0,0.3353424824201144,0.14285714285714285,0.0,75.0,48.75,High,Stockout risk,stockout|excess_inventory|forecast_uncertainty_proxy|replenishment_urgency,normalized holdout MAE proxy; no predictive interval
493,786,2024-07-02,ml_optimized,AI forecast + cost-aware replenishment,xgb_stockout_aware,0.34990057349205017,0.421071,0.7999999999999999,2.286363786191897,2,1,3,0.4,0.0,75.0,True,0.45009942650794976,50.0,0.0,0.0,0.0,50.0,0.4923043004397688,0.0,0.2857142857142857,75.0,48.75,High,Stockout risk,stockout|excess_inventory|forecast_uncertainty_proxy|replenishment_urgency,normalized holdout MAE proxy; no predictive interval
532,115,2024-07-02,ml_optimized,AI forecast + cost-aware replenishment,xgb_stockout_aware,0.5861369371414185,0.589643,1.479286,2.5237890777101626,2,1,3,0.7,0.0,75.0,True,0.8931490628585816,50.0,0.0,0.0,0.0,50.0,0.412445604801178,0.0,0.0,75.0,48.75,High,Stockout risk,stockout|excess_inventory|forecast_uncertainty_proxy|replenishment_urgency,normalized holdout MAE proxy; no predictive interval
602,115,2024-07-02,ml_optimized,AI forecast + cost-aware replenishment,xgb_stockout_aware,0.46586593985557556,0.431071,1.1,2.3611942962411336,2,1,3,1.4,0.0,75.0,True,0.6341340601444245,50.0,0.0,0.0,0.0,50.0,0.3691322856089648,0.14285714285714285,0.0,75.0,48.75,High,Stockout risk,stockout|excess_inventory|forecast_uncertainty_proxy|replenishment_urgency,normalized holdout MAE proxy; no predictive interval
895,835,2024-07-02,ml_optimized,AI forecast + cost-aware replenishment,xgb_stockout_aware,0.8419778943061829,0.828571,2.4,2.850431129166019,2,1,3,0.7,0.0,75.0,True,1.558022105693817,50.0,0.0,0.0,0.0,50.0,0.3258180975914001,0.14285714285714285,0.0,75.0,48.75,High,Stockout risk,stockout|excess_inventory|forecast_uncertainty_proxy|replenishment_urgency,normalized holdout MAE proxy; no predictive interval
0,19,2024-07-02,ml_optimized,AI forecast + cost-aware replenishment,xgb_stockout_aware,0.9855045080184937,1.057143,3.4,3.4500095862942484,2,1,3,0.7,0.0,40.0,True,2.4144954919815063,75.0,0.5,50.0,0.0,75.0,0.7996289563733477,0.0,0.8571428571428571,40.0,48.0,Medium,Excess inventory,stockout|excess_inventory|potential_spoilage|forecast_uncertainty_proxy|replenishment_urgency,normalized holdout MAE proxy; no predictive interval
2,115,2024-07-02,ml_optimized,AI forecast + cost-aware replenishment,xgb_stockout_aware,0.5065656304359436,0.597857,1.8,3.5533401633485164,2,1,3,0.0,0.0,40.0,True,1.2934343695640564,75.0,0.2,50.0,0.0,75.0,0.6320864500537997,0.0,0.14285714285714285,40.0,48.0,Medium,Excess inventory,stockout|excess_inventory|potential_spoilage|forecast_uncertainty_proxy|replenishment_urgency,normalized holdout MAE proxy; no predictive interval
5,291,2024-07-02,ml_optimized,AI forecast + cost-aware replenishment,xgb_stockout_aware,0.5388474464416504,0.6925,1.7000000000000002,3.154881796742608,2,1,3,0.6,0.0,40.0,True,1.1611525535583498,75.0,0.5000000000000001,75.0,0.0,50.0,0.30272831077035145,0.14285714285714285,0.2857142857142857,40.0,48.0,Medium,Excess inventory,stockout|excess_inventory|potential_spoilage|forecast_uncertainty_proxy|replenishment_urgency,normalized holdout MAE proxy; no predictive interval
5,596,2024-07-02,ml_optimized,AI forecast + cost-aware replenishment,xgb_stockout_aware,0.9747674465179443,1.132143,3.1,3.1802457202215693,2,1,3,1.3,0.0,40.0,True,2.1252325534820558,75.0,1.2000000000000002,75.0,0.0,50.0,0.33933878938357037,0.14285714285714285,0.7142857142857143,40.0,48.0,Medium,Excess inventory,stockout|excess_inventory|potential_spoilage|forecast_uncertainty_proxy|replenishment_urgency,normalized holdout MAE proxy; no predictive interval
20,104,2024-07-02,ml_optimized,AI forecast + cost-aware replenishment,xgb_stockout_aware,2.663524627685547,3.742857,10.4,3.904600652796297,2,1,3,0.0,0.0,40.0,True,7.7364753723144535,75.0,3.1,75.0,0.0,50.0,0.495696779471546,0.0,0.2857142857142857,40.0,48.0,Medium,Excess inventory,stockout|excess_inventory|potential_spoilage|forecast_uncertainty_proxy|replenishment_urgency,normalized holdout MAE proxy; no predictive interval
43,355,2024-07-02,ml_optimized,AI forecast + cost-aware replenishment,xgb_stockout_aware,0.9944320917129517,0.821429,3.4,3.4190368837990284,2,1,3,0.7,0.0,40.0,True,2.4055679082870483,75.0,1.4,75.0,0.0,50.0,0.28256357783701874,0.14285714285714285,0.0,40.0,48.0,Medium,Excess inventory,stockout|excess_inventory|potential_spoilage|forecast_uncertainty_proxy|replenishment_urgency,normalized holdout MAE proxy; no predictive interval
286,381,2024-07-02,ml_optimized,AI forecast + cost-aware replenishment,xgb_stockout_aware,0.5188419222831726,0.528571,1.8571430000000002,3.57940043053501,2,1,3,0.8,0.0,40.0,True,1.3383010777168276,75.0,0.2571430000000001,50.0,0.0,75.0,0.5573895654162845,0.0,0.0,40.0,48.0,Medium,Excess inventory,stockout|excess_inventory|potential_spoilage|forecast_uncertainty_proxy|replenishment_urgency,normalized holdout MAE proxy; no predictive interval
5,481,2024-07-02,ml_optimized,AI forecast + cost-aware replenishment,xgb_stockout_aware,0.7015715837478638,0.607143,4.0,5.701485197891867,2,1,3,0.0,0.0,100.0,True,3.2984284162521362,100.0,0.0,0.0,0.0,50.0,0.2544202266200896,0.5714285714285714,0.0,0.0,47.5,Medium,Stockout risk,stockout|excess_inventory|forecast_uncertainty_proxy,normalized holdout MAE proxy; no predictive interval
5,716,2024-07-02,ml_optimized,AI forecast + cost-aware replenishment,xgb_stockout_aware,0.3084360361099243,0.55,3.5,11.34757158775256,2,1,3,0.0,0.0,40.0,True,3.1915639638900757,100.0,1.0,75.0,0.0,75.0,0.5040331009556265,0.14285714285714285,0.42857142857142855,0.0,47.5,Medium,Excess inventory,stockout|excess_inventory|potential_spoilage|forecast_uncertainty_proxy,normalized holdout MAE proxy; no predictive interval
63,287,2024-07-02,ml_optimized,AI forecast + cost-aware replenishment,xgb_stockout_aware,0.5172189474105835,0.482143,3.0,5.800251547278512,2,1,3,0.0,0.0,40.0,True,2.4827810525894165,100.0,0.9999999999999999,75.0,0.0,75.0,0.7463831694589721,0.14285714285714285,0.0,0.0,47.5,Medium,Excess inventory,stockout|excess_inventory|potential_spoilage|forecast_uncertainty_proxy,normalized holdout MAE proxy; no predictive interval
64,71,2024-07-02,ml_optimized,AI forecast + cost-aware replenishment,xgb_stockout_aware,1.3721333742141724,1.496429,8.0,5.8303370141271,2,1,3,0.0,0.0,40.0,True,6.627866625785828,100.0,3.4,75.0,0.0,75.0,0.9810451196901726,0.14285714285714285,0.7142857142857143,0.0,47.5,Medium,Excess inventory,stockout|excess_inventory|potential_spoilage|forecast_uncertainty_proxy,normalized holdout MAE proxy; no predictive interval
71,4,2024-07-02,ml_optimized,AI forecast + cost-aware replenishment,xgb_stockout_aware,0.18237332999706268,0.971429,2.2,12.06316735037647,2,1,3,0.0,0.0,40.0,True,2.0176266700029375,100.0,0.5,50.0,0.0,100.0,1.925377079031684,0.14285714285714285,0.7142857142857143,0.0,47.5,Medium,Excess inventory,stockout|excess_inventory|potential_spoilage|forecast_uncertainty_proxy,normalized holdout MAE proxy; no predictive interval
85,191,2024-07-02,ml_optimized,AI forecast + cost-aware replenishment,xgb_stockout_aware,0.3869004547595978,0.356786,2.1999999999999997,5.686217146906635,2,1,3,0.0,0.0,40.0,True,1.813099545240402,100.0,0.7999999999999998,75.0,0.0,75.0,0.815135916074117,0.14285714285714285,0.42857142857142855,0.0,47.5,Medium,Excess inventory,stockout|excess_inventory|potential_spoilage|forecast_uncertainty_proxy,normalized holdout MAE proxy; no predictive interval
156,802,2024-07-02,ml_optimized,AI forecast + cost-aware replenishment,xgb_stockout_aware,0.03279019892215729,0.821429,2.8,85.39136973969251,2,1,3,0.0,0.0,40.0,True,2.7672098010778425,100.0,2.8,100.0,0.0,50.0,0.436253912238912,0.14285714285714285,0.0,0.0,47.5,Medium,Excess inventory,stockout|excess_inventory|potential_spoilage|forecast_uncertainty_proxy,normalized holdout MAE proxy; no predictive interval
361,253,2024-07-02,ml_optimized,AI forecast + cost-aware replenishment,xgb_stockout_aware,0.36150309443473816,0.482143,1.5,4.149342075053229,2,1,3,0.5,0.0,40.0,True,1.1384969055652618,100.0,0.5,75.0,0.0,75.0,0.9861863290562349,0.14285714285714285,0.5714285714285714,0.0,47.5,Medium,Excess inventory,stockout|excess_inventory|potential_spoilage|forecast_uncertainty_proxy,normalized holdout MAE proxy; no predictive interval
369,802,2024-07-02,ml_optimized,AI forecast + cost-aware replenishment,xgb_stockout_aware,0.23734506964683533,0.617857,3.9,16.43177170607808,2,1,3,0.0,0.0,40.0,True,3.6626549303531646,100.0,3.9,100.0,0.0,50.0,0.3879293799400329,0.14285714285714285,0.0,0.0,47.5,Medium,Excess inventory,stockout|excess_inventory|potential_spoilage|forecast_uncertainty_proxy,normalized holdout MAE proxy; no predictive interval
651,253,2024-07-02,ml_optimized,AI forecast + cost-aware replenishment,xgb_stockout_aware,0.3347598612308502,0.387857,1.8,5.376988726730057,2,1,3,0.0,0.0,40.0,True,1.4652401387691498,100.0,0.4,50.0,0.0,100.0,1.2401535828908283,0.14285714285714285,0.5714285714285714,0.0,47.5,Medium,Excess inventory,stockout|excess_inventory|potential_spoilage|forecast_uncertainty_proxy,normalized holdout MAE proxy; no predictive interval
64,474,2024-07-02,ml_optimized,AI forecast + cost-aware replenishment,xgb_stockout_aware,0.8346943259239197,0.653571,2.7,3.2347170888113816,2,1,3,1.7,0.0,75.0,True,1.8653056740760805,75.0,0.0,0.0,50.0,25.0,0.23322369654973343,0.2857142857142857,0.5714285714285714,40.0,46.75,Medium,Stockout risk,stockout|excess_inventory|demand_spike|forecast_uncertainty_proxy|replenishment_urgency,normalized holdout MAE proxy; no predictive interval
14,92,2024-07-02,ml_optimized,AI forecast + cost-aware replenishment,xgb_stockout_aware,1.2606523036956787,0.946429,7.2,5.711328951601296,2,1,3,0.0,0.0,75.0,True,5.9393476963043215,100.0,0.0,0.0,50.0,50.0,0.4613549278842078,0.2857142857142857,0.42857142857142855,0.0,46.25,Medium,Stockout risk,stockout|excess_inventory|demand_spike|forecast_uncertainty_proxy,normalized holdout MAE proxy; no predictive interval
70,92,2024-07-02,ml_optimized,AI forecast + cost-aware replenishment,xgb_stockout_aware,1.62307608127594,0.653571,8.799999999999999,5.421803759859552,2,1,3,0.0,0.0,40.0,True,7.176923918724059,100.0,0.0,0.0,100.0,75.0,0.6854805627207118,0.14285714285714285,0.7142857142857143,0.0,46.25,Medium,Excess inventory,stockout|excess_inventory|demand_spike|forecast_uncertainty_proxy,normalized holdout MAE proxy; no predictive interval
21,422,2024-07-02,ml_optimized,AI forecast + cost-aware replenishment,xgb_stockout_aware,0.3862249553203583,0.403571,1.2999999999999998,3.3659140407478367,2,1,3,0.7,0.0,75.0,True,0.9137750446796415,75.0,0.0,0.0,0.0,50.0,0.4015438783736456,0.2857142857142857,0.2857142857142857,40.0,45.5,Medium,Stockout risk,stockout|excess_inventory|forecast_uncertainty_proxy|replenishment_urgency,normalized holdout MAE proxy; no predictive interval
25,210,2024-07-02,ml_optimized,AI forecast + cost-aware replenishment,xgb_stockout_aware,0.44235578179359436,0.361786,1.5,3.390935671549351,2,1,3,0.7,0.0,75.0,True,1.0576442182064056,75.0,0.0,0.0,0.0,50.0,0.3502531112768711,0.2857142857142857,0.5714285714285714,40.0,45.5,Medium,Stockout risk,stockout|excess_inventory|forecast_uncertainty_proxy|replenishment_urgency,normalized holdout MAE proxy; no predictive interval
72,83,2024-07-02,ml_optimized,AI forecast + cost-aware replenishment,xgb_stockout_aware,0.6919333934783936,0.537857,2.7,3.902109690684138,2,1,3,0.0,0.0,40.0,True,2.0080666065216066,75.0,0.0,0.0,50.0,75.0,0.574370351102617,0.14285714285714285,0.2857142857142857,40.0,45.5,Medium,Excess inventory,stockout|excess_inventory|demand_spike|forecast_uncertainty_proxy|replenishment_urgency,normalized holdout MAE proxy; no predictive interval
0,21,2024-07-02,ml_optimized,AI forecast + cost-aware replenishment,xgb_stockout_aware,0.8624840974807739,0.8,1.9000000000000004,2.2029391678637347,2,1,3,0.0,0.0,75.0,True,1.0375159025192264,50.0,0.0,0.0,0.0,25.0,0.10691850113146231,0.14285714285714285,0.5714285714285714,75.0,45.0,High,Stockout risk,stockout|excess_inventory|forecast_uncertainty_proxy|replenishment_urgency,normalized holdout MAE proxy; no predictive interval
3,4,2024-07-02,ml_optimized,AI forecast + cost-aware replenishment,xgb_stockout_aware,0.6571406126022339,2.364286,4.0,6.086977312451077,2,1,3,0.0,0.0,75.0,True,3.342859387397766,100.0,0.0,0.0,0.0,75.0,0.5458985108595628,0.2857142857142857,0.14285714285714285,0.0,45.0,Medium,Stockout risk,stockout|excess_inventory|forecast_uncertainty_proxy,normalized holdout MAE proxy; no predictive interval
5,267,2024-07-02,ml_optimized,AI forecast + cost-aware replenishment,xgb_stockout_aware,21.787891387939453,23.553571,54.8,2.515158489835973,2,1,3,20.5,0.0,75.0,True,33.012108612060544,50.0,0.0,0.0,0.0,25.0,0.12198525442092821,0.14285714285714285,0.14285714285714285,75.0,45.0,High,Stockout risk,stockout|excess_inventory|forecast_uncertainty_proxy|replenishment_urgency,normalized holdout MAE proxy; no predictive interval
7,835,2024-07-02,ml_optimized,AI forecast + cost-aware replenishment,xgb_stockout_aware,2.149930715560913,2.035714,6.1,2.8373007352511452,2,1,3,2.3,0.0,75.0,True,3.9500692844390866,50.0,0.0,0.0,0.0,25.0,0.14784352562644262,0.14285714285714285,0.0,75.0,45.0,High,Stockout risk,stockout|excess_inventory|forecast_uncertainty_proxy|replenishment_urgency,normalized holdout MAE proxy; no predictive interval
9,226,2024-07-02,ml_optimized,AI forecast + cost-aware replenishment,xgb_stockout_aware,0.8706992864608765,0.730357,1.7999999999999998,2.0673038648239204,2,1,3,1.2,0.0,75.0,True,0.9293007135391234,50.0,0.0,0.0,0.0,25.0,0.17130636251889744,0.14285714285714285,0.8571428571428571,75.0,45.0,High,Stockout risk,stockout|excess_inventory|forecast_uncertainty_proxy|replenishment_urgency,normalized holdout MAE proxy; no predictive interval
9,296,2024-07-02,ml_optimized,AI forecast + cost-aware replenishment,xgb_stockout_aware,0.4209202826023102,0.559643,0.8999999999999999,2.1381720891086857,2,1,3,1.2,0.0,75.0,True,0.47907971739768973,50.0,0.0,0.0,0.0,25.0,0.23678229718158642,0.14285714285714285,0.5714285714285714,75.0,45.0,High,Stockout risk,stockout|excess_inventory|forecast_uncertainty_proxy|replenishment_urgency,normalized holdout MAE proxy; no predictive interval
10,4,2024-07-02,ml_optimized,AI forecast + cost-aware replenishment,xgb_stockout_aware,0.3164609372615814,1.207143,1.7999999999999998,5.687905798345498,2,1,3,0.0,0.0,75.0,True,1.4835390627384184,100.0,0.0,0.0,0.0,75.0,0.6656770186221346,0.42857142857142855,0.14285714285714285,0.0,45.0,Medium,Stockout risk,stockout|excess_inventory|forecast_uncertainty_proxy,normalized holdout MAE proxy; no predictive interval
10,267,2024-07-02,ml_optimized,AI forecast + cost-aware replenishment,xgb_stockout_aware,19.5938663482666,19.060714,42.099999999999994,2.1486315794801993,2,1,3,22.7,0.0,75.0,True,22.506133651733393,50.0,0.0,0.0,0.0,25.0,0.12058523865496835,0.14285714285714285,0.42857142857142855,75.0,45.0,High,Stockout risk,stockout|excess_inventory|forecast_uncertainty_proxy|replenishment_urgency,normalized holdout MAE proxy; no predictive interval
12,802,2024-07-02,ml_optimized,AI forecast + cost-aware replenishment,xgb_stockout_aware,0.39360347390174866,1.753571,6.1,15.497830696287712,2,1,3,0.0,0.0,0.0,True,5.706396526098251,100.0,6.1,100.0,0.0,100.0,1.3230609643843865,0.0,0.0,0.0,45.0,Medium,Excess inventory,excess_inventory|potential_spoilage|forecast_uncertainty_proxy,normalized holdout MAE proxy; no predictive interval
13,169,2024-07-02,ml_optimized,AI forecast + cost-aware replenishment,xgb_stockout_aware,0.5677822828292847,0.631036,1.6,2.8179815545267246,2,1,3,0.8,0.0,75.0,True,1.0322177171707154,50.0,0.0,0.0,0.0,25.0,0.18376505639817978,0.0,0.42857142857142855,75.0,45.0,High,Stockout risk,stockout|excess_inventory|forecast_uncertainty_proxy|replenishment_urgency,normalized holdout MAE proxy; no predictive interval
13,171,2024-07-02,ml_optimized,AI forecast + cost-aware replenishment,xgb_stockout_aware,1.400890588760376,1.246786,3.3,2.355644349727635,2,1,3,3.7,0.0,75.0,True,1.8991094112396238,50.0,0.0,0.0,0.0,25.0,0.22026048070293366,0.14285714285714285,0.0,75.0,45.0,High,Stockout risk,stockout|excess_inventory|forecast_uncertainty_proxy|replenishment_urgency,normalized holdout MAE proxy; no predictive interval
13,665,2024-07-02,ml_optimized,AI forecast + cost-aware replenishment,xgb_stockout_aware,0.4517638087272644,0.496429,1.3,2.877609881283843,2,1,3,0.9,0.0,75.0,True,0.8482361912727356,50.0,0.0,0.0,0.0,25.0,0.21147609915998247,0.14285714285714285,0.14285714285714285,75.0,45.0,High,Stockout risk,stockout|excess_inventory|forecast_uncertainty_proxy|replenishment_urgency,normalized holdout MAE proxy; no predictive interval
17,776,2024-07-02,ml_optimized,AI forecast + cost-aware replenishment,xgb_stockout_aware,0.16792556643486023,0.217857,0.7,4.168513555507559,2,1,3,0.4,0.0,75.0,True,0.5320744335651397,100.0,0.0,0.0,0.0,75.0,0.6399284154176712,0.42857142857142855,0.2857142857142857,0.0,45.0,Medium,Stockout risk,stockout|excess_inventory|forecast_uncertainty_proxy,normalized holdout MAE proxy; no predictive interval
20,145,2024-07-02,ml_optimized,AI forecast + cost-aware replenishment,xgb_stockout_aware,1.0058804750442505,0.896786,2.3,2.286553976404422,2,1,3,1.6,0.0,75.0,True,1.2941195249557493,50.0,0.0,0.0,0.0,25.0,0.24698551853051337,0.14285714285714285,0.0,75.0,45.0,High,Stockout risk,stockout|excess_inventory|forecast_uncertainty_proxy|replenishment_urgency,normalized holdout MAE proxy; no predictive interval
20,240,2024-07-02,ml_optimized,AI forecast + cost-aware replenishment,xgb_stockout_aware,1.3439942598342896,1.167857,3.7,2.7529879483683204,2,1,3,1.5,0.0,75.0,True,2.3560057401657106,50.0,0.0,0.0,0.0,25.0,0.18506047902283843,0.14285714285714285,0.0,75.0,45.0,High,Stockout risk,stockout|excess_inventory|forecast_uncertainty_proxy|replenishment_urgency,normalized holdout MAE proxy; no predictive interval
20,273,2024-07-02,ml_optimized,AI forecast + cost-aware replenishment,xgb_stockout_aware,0.5227579474449158,0.851786,1.5,2.8693968352495656,2,1,3,0.5,0.0,75.0,True,0.9772420525550842,50.0,0.0,0.0,0.0,25.0,0.2272106482058155,0.0,0.5714285714285714,75.0,45.0,High,Stockout risk,stockout|excess_inventory|forecast_uncertainty_proxy|replenishment_urgency,normalized holdout MAE proxy; no predictive interval
21,70,2024-07-02,ml_optimized,AI forecast + cost-aware replenishment,xgb_stockout_aware,4.8829522132873535,3.653571,23.6,4.833141707956989,2,1,3,4.6,0.0,40.0,True,18.717047786712648,100.0,1.2999999999999994,50.0,50.0,50.0,0.3147303581237793,0.14285714285714285,0.14285714285714285,0.0,45.0,Medium,Excess inventory,stockout|excess_inventory|potential_spoilage|demand_spike|forecast_uncertainty_proxy,normalized holdout MAE proxy; no predictive interval
21,267,2024-07-02,ml_optimized,AI forecast + cost-aware replenishment,xgb_stockout_aware,24.40882110595703,24.960714,52.800000000000004,2.163152401781258,2,1,3,35.3,0.0,75.0,True,28.391178894042973,50.0,0.0,0.0,0.0,25.0,0.11355123861136858,0.14285714285714285,0.14285714285714285,75.0,45.0,High,Stockout risk,stockout|excess_inventory|forecast_uncertainty_proxy|replenishment_urgency,normalized holdout MAE proxy; no predictive interval
25,309,2024-07-02,ml_optimized,AI forecast + cost-aware replenishment,xgb_stockout_aware,1.7259057760238647,1.456786,8.0,4.635247248798466,2,1,3,2.4,0.0,75.0,True,6.274094223976135,100.0,0.0,0.0,0.0,75.0,0.7590635956310833,0.2857142857142857,0.7142857142857143,0.0,45.0,Medium,Stockout risk,stockout|excess_inventory|forecast_uncertainty_proxy,normalized holdout MAE proxy; no predictive interval
25,317,2024-07-02,ml_optimized,AI forecast + cost-aware replenishment,xgb_stockout_aware,2.242431402206421,2.471429,6.5,2.8986393936529704,2,1,3,2.2,0.0,75.0,True,4.257568597793579,50.0,0.0,0.0,0.0,25.0,0.1361597572242357,0.0,0.2857142857142857,75.0,45.0,High,Stockout risk,stockout|excess_inventory|forecast_uncertainty_proxy|replenishment_urgency,normalized holdout MAE proxy; no predictive interval
36,269,2024-07-02,ml_optimized,AI forecast + cost-aware replenishment,xgb_stockout_aware,0.39893725514411926,0.428571,3.1999999999999997,8.02131151888528,2,1,3,0.0,0.0,75.0,True,2.8010627448558805,100.0,0.0,0.0,0.0,75.0,0.5434784348620926,0.2857142857142857,0.2857142857142857,0.0,45.0,Medium,Stockout risk,stockout|excess_inventory|forecast_uncertainty_proxy,normalized holdout MAE proxy; no predictive interval
36,458,2024-07-02,ml_optimized,AI forecast + cost-aware replenishment,xgb_stockout_aware,1.1705846786499023,1.296429,2.692857,2.3004375925249727,2,1,3,1.8,0.0,75.0,True,1.5222723213500977,50.0,0.0,0.0,0.0,25.0,0.23363518040135223,0.0,0.7142857142857143,75.0,45.0,High,Stockout risk,stockout|excess_inventory|forecast_uncertainty_proxy|replenishment_urgency,normalized holdout MAE proxy; no predictive interval
36,522,2024-07-02,ml_optimized,AI forecast + cost-aware replenishment,xgb_stockout_aware,1.3289932012557983,1.632143,3.4000000000000004,2.55832760979308,2,1,3,1.3,0.0,75.0,True,2.071006798744202,50.0,0.0,0.0,0.0,25.0,0.11908398900437453,0.0,0.7142857142857143,75.0,45.0,High,Stockout risk,stockout|excess_inventory|forecast_uncertainty_proxy|replenishment_urgency,normalized holdout MAE proxy; no predictive interval
36,535,2024-07-02,ml_optimized,AI forecast + cost-aware replenishment,xgb_stockout_aware,0.9949638843536377,1.416429,2.4000000000000004,2.4121478555567086,2,1,3,0.0,0.0,75.0,True,1.4050361156463627,50.0,0.0,0.0,0.0,25.0,0.207393164788523,0.0,0.14285714285714285,75.0,45.0,High,Stockout risk,stockout|excess_inventory|forecast_uncertainty_proxy|replenishment_urgency,normalized holdout MAE proxy; no predictive interval
42,320,2024-07-02,ml_optimized,AI forecast + cost-aware replenishment,xgb_stockout_aware,0.6299442648887634,0.923571,1.7000000000000002,2.6986514438704967,2,1,3,0.3,0.0,75.0,True,1.0700557351112367,50.0,0.0,0.0,0.0,25.0,0.21630944635557095,0.0,0.2857142857142857,75.0,45.0,High,Stockout risk,stockout|excess_inventory|forecast_uncertainty_proxy|replenishment_urgency,normalized holdout MAE proxy; no predictive interval
42,402,2024-07-02,ml_optimized,AI forecast + cost-aware replenishment,xgb_stockout_aware,0.6104530692100525,0.752857,1.4999999999999998,2.4571913479623455,2,1,3,0.9,0.0,75.0,True,0.8895469307899473,50.0,0.0,0.0,0.0,25.0,0.23295275109713193,0.14285714285714285,0.5714285714285714,75.0,45.0,High,Stockout risk,stockout|excess_inventory|forecast_uncertainty_proxy|replenishment_urgency,normalized holdout MAE proxy; no predictive interval
64,201,2024-07-02,ml_optimized,AI forecast + cost-aware replenishment,xgb_stockout_aware,0.46193721890449524,0.55,1.1999999999999997,2.5977556059367837,2,1,3,0.4,0.0,75.0,True,0.7380627810955045,50.0,0.0,0.0,0.0,25.0,0.2336006821730198,0.14285714285714285,0.42857142857142855,75.0,45.0,High,Stockout risk,stockout|excess_inventory|forecast_uncertainty_proxy|replenishment_urgency,normalized holdout MAE proxy; no predictive interval
68,4,2024-07-02,ml_optimized,AI forecast + cost-aware replenishment,xgb_stockout_aware,0.5952777862548828,2.421429,3.6,6.04759674075688,2,1,3,0.0,0.0,75.0,True,3.0047222137451173,100.0,0.0,0.0,0.0,75.0,0.5365927477917041,0.2857142857142857,0.42857142857142855,0.0,45.0,Medium,Stockout risk,stockout|excess_inventory|forecast_uncertainty_proxy,normalized holdout MAE proxy; no predictive interval
68,104,2024-07-02,ml_optimized,AI forecast + cost-aware replenishment,xgb_stockout_aware,1.610127568244934,1.353571,3.4,2.111633927059616,2,1,3,3.0,0.0,75.0,True,1.7898724317550658,50.0,0.0,0.0,0.0,25.0,0.20667476145947566,0.14285714285714285,0.0,75.0,45.0,High,Stockout risk,stockout|excess_inventory|forecast_uncertainty_proxy|replenishment_urgency,normalized holdout MAE proxy; no predictive interval
68,252,2024-07-02,ml_optimized,AI forecast + cost-aware replenishment,xgb_stockout_aware,0.47356116771698,0.59,1.2,2.5339915554840644,2,1,3,0.6,0.0,75.0,True,0.72643883228302,50.0,0.0,0.0,0.0,25.0,0.23307595641485282,0.0,0.8571428571428571,75.0,45.0,High,Stockout risk,stockout|excess_inventory|forecast_uncertainty_proxy|replenishment_urgency,normalized holdout MAE proxy; no predictive interval
68,267,2024-07-02,ml_optimized,AI forecast + cost-aware replenishment,xgb_stockout_aware,17.389204025268555,17.157143,49.5,2.846593778994754,2,1,3,17.3,0.0,75.0,True,32.110795974731445,50.0,0.0,0.0,0.0,25.0,0.10812789447667093,0.14285714285714285,0.0,75.0,45.0,High,Stockout risk,stockout|excess_inventory|forecast_uncertainty_proxy|replenishment_urgency,normalized holdout MAE proxy; no predictive interval
89,267,2024-07-02,ml_optimized,AI forecast + cost-aware replenishment,xgb_stockout_aware,21.953432083129883,23.921429,52.5,2.3914256231645727,2,1,3,23.2,0.0,75.0,True,30.546567916870117,50.0,0.0,0.0,0.0,25.0,0.18673693988735082,0.14285714285714285,0.2857142857142857,75.0,45.0,High,Stockout risk,stockout|excess_inventory|forecast_uncertainty_proxy|replenishment_urgency,normalized holdout MAE proxy; no predictive interval
103,4,2024-07-02,ml_optimized,AI forecast + cost-aware replenishment,xgb_stockout_aware,0.5864875316619873,2.382143,6.800000000000001,11.594449383655562,2,1,3,0.0,0.0,75.0,True,6.213512468338013,100.0,0.0,0.0,0.0,75.0,0.8407295958636558,0.2857142857142857,0.42857142857142855,0.0,45.0,Medium,Stockout risk,stockout|excess_inventory|forecast_uncertainty_proxy,normalized holdout MAE proxy; no predictive interval
285,835,2024-07-02,ml_optimized,AI forecast + cost-aware replenishment,xgb_stockout_aware,2.2787322998046875,2.457143,6.1,2.6769269916096934,2,1,3,1.8,0.0,75.0,True,3.821267700195312,50.0,0.0,0.0,0.0,25.0,0.18086577378786525,0.0,0.0,75.0,45.0,High,Stockout risk,stockout|excess_inventory|forecast_uncertainty_proxy|replenishment_urgency,normalized holdout MAE proxy; no predictive interval
310,272,2024-07-02,ml_optimized,AI forecast + cost-aware replenishment,xgb_stockout_aware,1.7642498016357422,1.882143,5.264286,2.9838665676023677,2,1,3,0.9,0.0,75.0,True,3.500036198364258,50.0,0.0,0.0,0.0,25.0,0.21022427004147198,0.0,0.14285714285714285,75.0,45.0,High,Stockout risk,stockout|excess_inventory|forecast_uncertainty_proxy|replenishment_urgency,normalized holdout MAE proxy; no predictive interval
352,562,2024-07-02,ml_optimized,AI forecast + cost-aware replenishment,xgb_stockout_aware,0.21956351399421692,0.642857,3.8999999999999995,17.76251404002726,2,1,3,0.0,0.0,0.0,True,3.6804364860057825,100.0,2.1999999999999997,100.0,0.0,100.0,2.390088265140851,0.0,0.14285714285714285,0.0,45.0,Medium,Excess inventory,excess_inventory|potential_spoilage|forecast_uncertainty_proxy,normalized holdout MAE proxy; no predictive interval
469,307,2024-07-02,ml_optimized,AI forecast + cost-aware replenishment,xgb_stockout_aware,0.7127655744552612,0.492857,3.4,4.770151816883814,2,1,3,0.3,0.0,40.0,True,2.6872344255447387,100.0,0.20000000000000007,50.0,50.0,50.0,0.3920482294312839,0.14285714285714285,0.2857142857142857,0.0,45.0,Medium,Excess inventory,stockout|excess_inventory|potential_spoilage|demand_spike|forecast_uncertainty_proxy,normalized holdout MAE proxy; no predictive interval
477,231,2024-07-02,ml_optimized,AI forecast + cost-aware replenishment,xgb_stockout_aware,0.5283570289611816,0.653571,3.3,6.245776660695188,2,1,3,0.0,0.0,0.0,True,2.771642971038818,100.0,3.3,100.0,0.0,100.0,4.128849260509014,0.0,0.5714285714285714,0.0,45.0,Medium,Excess inventory,excess_inventory|potential_spoilage|forecast_uncertainty_proxy,normalized holdout MAE proxy; no predictive interval
617,835,2024-07-02,ml_optimized,AI forecast + cost-aware replenishment,xgb_stockout_aware,1.569365382194519,1.367857,4.0,2.54880096463362,2,1,3,2.7,0.0,75.0,True,2.430634617805481,50.0,0.0,0.0,0.0,25.0,0.11214241764762183,0.14285714285714285,0.14285714285714285,75.0,45.0,High,Stockout risk,stockout|excess_inventory|forecast_uncertainty_proxy|replenishment_urgency,normalized holdout MAE proxy; no predictive interval
702,755,2024-07-02,ml_optimized,AI forecast + cost-aware replenishment,xgb_stockout_aware,0.8463894724845886,0.989286,2.2,2.5992761861059877,2,1,3,0.4,0.0,75.0,True,1.3536105275154116,50.0,0.0,0.0,0.0,25.0,0.19345520602332222,0.14285714285714285,0.0,75.0,45.0,High,Stockout risk,stockout|excess_inventory|forecast_uncertainty_proxy|replenishment_urgency,normalized holdout MAE proxy; no predictive interval
9,100,2024-07-02,ml_optimized,AI forecast + cost-aware replenishment,xgb_stockout_aware,0.2547100782394409,0.389643,0.8,3.140825857891488,2,1,3,0.2,0.0,40.0,True,0.5452899217605591,75.0,0.0,0.0,0.0,100.0,1.0377174814542134,0.14285714285714285,0.42857142857142855,40.0,44.25,Medium,Forecast uncertainty,stockout|excess_inventory|forecast_uncertainty_proxy|replenishment_urgency,normalized holdout MAE proxy; no predictive interval
9,140,2024-07-02,ml_optimized,AI forecast + cost-aware replenishment,xgb_stockout_aware,0.9399312138557434,0.842857,3.4,3.6172859778245616,2,1,3,1.2,0.0,40.0,True,2.4600687861442565,75.0,0.5,50.0,0.0,50.0,0.34992842925222295,0.14285714285714285,0.8571428571428571,40.0,44.25,Medium,Excess inventory,stockout|excess_inventory|potential_spoilage|forecast_uncertainty_proxy|replenishment_urgency,normalized holdout MAE proxy; no predictive interval
20,70,2024-07-02,ml_optimized,AI forecast + cost-aware replenishment,xgb_stockout_aware,5.560473442077637,5.014286,21.799999999999997,3.9205294705723044,2,1,3,0.0,0.0,40.0,True,16.23952655792236,75.0,2.0999999999999996,50.0,0.0,50.0,0.4314515250069754,0.0,0.7142857142857143,40.0,44.25,Medium,Excess inventory,stockout|excess_inventory|potential_spoilage|forecast_uncertainty_proxy|replenishment_urgency,normalized holdout MAE proxy; no predictive interval
21,117,2024-07-02,ml_optimized,AI forecast + cost-aware replenishment,xgb_stockout_aware,1.4649091958999634,1.75,5.3,3.617971690555166,2,1,3,0.0,0.0,40.0,True,3.8350908041000364,75.0,0.6,50.0,0.0,50.0,0.3042460409533076,0.0,0.2857142857142857,40.0,44.25,Medium,Excess inventory,stockout|excess_inventory|potential_spoilage|forecast_uncertainty_proxy|replenishment_urgency,normalized holdout MAE proxy; no predictive interval
25,503,2024-07-02,ml_optimized,AI forecast + cost-aware replenishment,xgb_stockout_aware,0.7774515748023987,0.889286,2.6,3.344259738184761,2,1,3,0.4,0.0,40.0,True,1.8225484251976014,75.0,0.5,50.0,0.0,50.0,0.35337342747620176,0.14285714285714285,0.14285714285714285,40.0,44.25,Medium,Excess inventory,stockout|excess_inventory|potential_spoilage|forecast_uncertainty_proxy|replenishment_urgency,normalized holdout MAE proxy; no predictive interval
29,27,2024-07-02,ml_optimized,AI forecast + cost-aware replenishment,xgb_stockout_aware,0.3175547122955322,0.339286,1.0,3.1490636456666725,2,1,3,0.0,0.0,40.0,True,0.6824452877044678,75.0,0.0,0.0,0.0,100.0,1.4277135133743286,0.0,0.42857142857142855,40.0,44.25,Medium,Forecast uncertainty,stockout|excess_inventory|forecast_uncertainty_proxy|replenishment_urgency,normalized holdout MAE proxy; no predictive interval
36,393,2024-07-02,ml_optimized,AI forecast + cost-aware replenishment,xgb_stockout_aware,0.426166296005249,0.708214,1.37,3.2147075281221347,2,1,3,0.3,0.0,40.0,True,0.9438337039947511,75.0,0.27,50.0,0.0,50.0,0.3478622290865784,0.0,0.0,40.0,44.25,Medium,Excess inventory,stockout|excess_inventory|potential_spoilage|forecast_uncertainty_proxy|replenishment_urgency,normalized holdout MAE proxy; no predictive interval
42,254,2024-07-02,ml_optimized,AI forecast + cost-aware replenishment,xgb_stockout_aware,0.4143255650997162,0.488214,1.2999999999999998,3.137629220845031,2,1,3,0.0,0.0,40.0,True,0.8856744349002836,75.0,0.0,0.0,0.0,100.0,1.041218476636069,0.0,0.5714285714285714,40.0,44.25,Medium,Forecast uncertainty,stockout|excess_inventory|forecast_uncertainty_proxy|replenishment_urgency,normalized holdout MAE proxy; no predictive interval
52,71,2024-07-02,ml_optimized,AI forecast + cost-aware replenishment,xgb_stockout_aware,1.0222563743591309,1.064286,3.9000000000000004,3.815089930297548,2,1,3,0.0,0.0,40.0,True,2.8777436256408695,75.0,0.30000000000000004,50.0,0.0,50.0,0.35223154723644257,0.0,0.7142857142857143,40.0,44.25,Medium,Excess inventory,stockout|excess_inventory|potential_spoilage|forecast_uncertainty_proxy|replenishment_urgency,normalized holdout MAE proxy; no predictive interval
52,441,2024-07-02,ml_optimized,AI forecast + cost-aware replenishment,xgb_stockout_aware,0.7695661783218384,0.978571,2.7,3.50847019536095,2,1,3,0.0,0.0,40.0,True,1.9304338216781618,75.0,0.6,50.0,0.0,50.0,0.31836843490600586,0.14285714285714285,0.0,40.0,44.25,Medium,Excess inventory,stockout|excess_inventory|potential_spoilage|forecast_uncertainty_proxy|replenishment_urgency,normalized holdout MAE proxy; no predictive interval
64,207,2024-07-02,ml_optimized,AI forecast + cost-aware replenishment,xgb_stockout_aware,1.1955007314682007,0.678571,3.7,3.09493746227659,2,1,3,2.6,0.0,40.0,True,2.5044992685317995,75.0,0.0,0.0,75.0,50.0,0.4155520406770118,0.14285714285714285,0.7142857142857143,40.0,44.25,Medium,Excess inventory,stockout|excess_inventory|demand_spike|forecast_uncertainty_proxy|replenishment_urgency,normalized holdout MAE proxy; no predictive interval
68,117,2024-07-02,ml_optimized,AI forecast + cost-aware replenishment,xgb_stockout_aware,1.8508245944976807,2.417857,6.1,3.295828258460958,2,1,3,0.0,0.0,40.0,True,4.249175405502319,75.0,0.0,0.0,0.0,100.0,1.5322716143224144,0.0,0.8571428571428571,40.0,44.25,Medium,Forecast uncertainty,stockout|excess_inventory|forecast_uncertainty_proxy|replenishment_urgency,normalized holdout MAE proxy; no predictive interval
89,554,2024-07-02,ml_optimized,AI forecast + cost-aware replenishment,xgb_stockout_aware,0.44025492668151855,0.440714,1.5,3.4071168977175432,2,1,3,0.3,0.0,40.0,True,1.0597450733184814,75.0,0.2,50.0,0.0,50.0,0.31821268604647734,0.14285714285714285,0.5714285714285714,40.0,44.25,Medium,Excess inventory,stockout|excess_inventory|potential_spoilage|forecast_uncertainty_proxy|replenishment_urgency,normalized holdout MAE proxy; no predictive interval
292,467,2024-07-02,ml_optimized,AI forecast + cost-aware replenishment,xgb_stockout_aware,0.9730710387229919,0.996429,3.392857,3.486751598786261,2,1,3,0.4,0.0,40.0,True,2.419785961277008,75.0,0.09285699999999997,50.0,0.0,50.0,0.3528634866078695,0.0,0.0,40.0,44.25,Medium,Excess inventory,stockout|excess_inventory|potential_spoilage|forecast_uncertainty_proxy|replenishment_urgency,normalized holdout MAE proxy; no predictive interval
362,441,2024-07-02,ml_optimized,AI forecast + cost-aware replenishment,xgb_stockout_aware,0.6434874534606934,1.007143,2.0,3.108063706982855,2,1,3,1.7,0.0,40.0,True,1.3565125465393066,75.0,0.0,0.0,0.0,100.0,1.098386080176742,0.0,0.42857142857142855,40.0,44.25,Medium,Forecast uncertainty,stockout|excess_inventory|forecast_uncertainty_proxy|replenishment_urgency,normalized holdout MAE proxy; no predictive interval
419,167,2024-07-02,ml_optimized,AI forecast + cost-aware replenishment,xgb_stockout_aware,0.5106863379478455,0.620357,1.7,3.3288534931858993,2,1,3,0.4,0.0,40.0,True,1.1893136620521545,75.0,0.0,0.0,0.0,100.0,4.6988177469798496,0.0,0.8571428571428571,40.0,44.25,Medium,Forecast uncertainty,stockout|excess_inventory|forecast_uncertainty_proxy|replenishment_urgency,normalized holdout MAE proxy; no predictive interval
897,223,2024-07-02,ml_optimized,AI forecast + cost-aware replenishment,xgb_stockout_aware,0.3469001054763794,0.55,1.3,3.747476519832069,2,1,3,0.4,0.0,40.0,True,0.9530998945236206,75.0,0.3,50.0,0.0,50.0,0.3641040523846944,0.0,0.5714285714285714,40.0,44.25,Medium,Excess inventory,stockout|excess_inventory|potential_spoilage|forecast_uncertainty_proxy|replenishment_urgency,normalized holdout MAE proxy; no predictive interval
5,6,2024-07-02,ml_optimized,AI forecast + cost-aware replenishment,xgb_stockout_aware,0.5028996467590332,0.653571,2.92,5.8063274031272725,2,1,3,0.0,0.0,40.0,True,2.4171003532409667,100.0,0.32000000000000006,50.0,0.0,75.0,0.5944247477310749,0.14285714285714285,0.0,0.0,43.75,Medium,Excess inventory,stockout|excess_inventory|potential_spoilage|forecast_uncertainty_proxy,normalized holdout MAE proxy; no predictive interval
5,194,2024-07-02,ml_optimized,AI forecast + cost-aware replenishment,xgb_stockout_aware,0.7709742784500122,0.923571,4.4,5.707064584367044,2,1,3,0.0,0.0,40.0,True,3.629025721549988,100.0,0.9,50.0,0.0,75.0,0.7161230836815902,0.14285714285714285,0.14285714285714285,0.0,43.75,Medium,Excess inventory,stockout|excess_inventory|potential_spoilage|forecast_uncertainty_proxy,normalized holdout MAE proxy; no predictive interval
9,11,2024-07-02,ml_optimized,AI forecast + cost-aware replenishment,xgb_stockout_aware,0.4751390218734741,0.696429,3.2,6.734870959203464,2,1,3,0.0,0.0,40.0,True,2.724860978126526,100.0,0.8,75.0,0.0,50.0,0.31285911917686465,0.14285714285714285,0.42857142857142855,0.0,43.75,Medium,Excess inventory,stockout|excess_inventory|potential_spoilage|forecast_uncertainty_proxy,normalized holdout MAE proxy; no predictive interval
11,115,2024-07-02,ml_optimized,AI forecast + cost-aware replenishment,xgb_stockout_aware,0.5207762122154236,0.462857,4.1000000000000005,7.87286343698049,2,1,3,0.0,0.0,40.0,True,3.579223787784577,100.0,0.6,50.0,0.0,75.0,0.918865118965958,0.14285714285714285,0.42857142857142855,0.0,43.75,Medium,Excess inventory,stockout|excess_inventory|potential_spoilage|forecast_uncertainty_proxy,normalized holdout MAE proxy; no predictive interval
13,209,2024-07-02,ml_optimized,AI forecast + cost-aware replenishment,xgb_stockout_aware,0.4670295715332031,0.469286,2.1,4.496503279451764,2,1,3,0.3,0.0,40.0,True,1.632970428466797,100.0,0.5,50.0,0.0,75.0,0.5355033693891583,0.14285714285714285,0.2857142857142857,0.0,43.75,Medium,Excess inventory,stockout|excess_inventory|potential_spoilage|forecast_uncertainty_proxy,normalized holdout MAE proxy; no predictive interval
113,550,2024-07-02,ml_optimized,AI forecast + cost-aware replenishment,xgb_stockout_aware,1.0464303493499756,0.917857,5.2,4.969274833466126,2,1,3,1.1,0.0,40.0,True,4.153569650650025,100.0,0.5,50.0,0.0,75.0,0.5590217422555995,0.14285714285714285,0.0,0.0,43.75,Medium,Excess inventory,stockout|excess_inventory|potential_spoilage|forecast_uncertainty_proxy,normalized holdout MAE proxy; no predictive interval
250,182,2024-07-02,ml_optimized,AI forecast + cost-aware replenishment,xgb_stockout_aware,0.46352332830429077,0.442857,2.2,4.746255184282243,2,1,3,0.2,0.0,40.0,True,1.7364766716957094,100.0,1.0000000000000002,75.0,0.0,50.0,0.45370840364032317,0.14285714285714285,0.0,0.0,43.75,Medium,Excess inventory,stockout|excess_inventory|potential_spoilage|forecast_uncertainty_proxy,normalized holdout MAE proxy; no predictive interval
533,802,2024-07-02,ml_optimized,AI forecast + cost-aware replenishment,xgb_stockout_aware,0.064632348716259,0.875,6.4,99.0216219450185,2,1,3,0.0,0.0,40.0,True,6.335367651283741,100.0,1.4,50.0,0.0,75.0,0.7751715569554465,0.14285714285714285,0.5714285714285714,0.0,43.75,Medium,Excess inventory,stockout|excess_inventory|potential_spoilage|forecast_uncertainty_proxy,normalized holdout MAE proxy; no predictive interval
849,37,2024-07-02,ml_optimized,AI forecast + cost-aware replenishment,xgb_stockout_aware,0.7648942470550537,0.821429,5.4,7.059799470045344,2,1,3,0.0,0.0,40.0,True,4.635105752944947,100.0,0.7000000000000001,50.0,0.0,75.0,0.5064677868360354,0.14285714285714285,0.14285714285714285,0.0,43.75,Medium,Excess inventory,stockout|excess_inventory|potential_spoilage|forecast_uncertainty_proxy,normalized holdout MAE proxy; no predictive interval
5,694,2024-07-02,ml_optimized,AI forecast + cost-aware replenishment,xgb_stockout_aware,1.0663256645202637,0.725,3.6,3.3760792971438307,2,1,3,2.2,0.0,40.0,True,2.5336743354797364,75.0,0.0,0.0,50.0,50.0,0.4811296072499506,0.14285714285714285,0.2857142857142857,40.0,41.75,Medium,Excess inventory,stockout|excess_inventory|demand_spike|forecast_uncertainty_proxy|replenishment_urgency,normalized holdout MAE proxy; no predictive interval
20,122,2024-07-02,ml_optimized,AI forecast + cost-aware replenishment,xgb_stockout_aware,2.4116461277008057,1.846429,8.099999999999998,3.3587017211858963,2,1,3,2.7,0.0,40.0,True,5.688353872299192,75.0,0.0,0.0,50.0,50.0,0.2779960632324219,0.0,0.2857142857142857,40.0,41.75,Medium,Excess inventory,stockout|excess_inventory|demand_spike|forecast_uncertainty_proxy|replenishment_urgency,normalized holdout MAE proxy; no predictive interval
428,343,2024-07-02,ml_optimized,AI forecast + cost-aware replenishment,xgb_stockout_aware,1.0364323854446411,0.789286,3.4,3.2804841374590605,2,1,3,2.0,0.0,40.0,True,2.363567614555359,75.0,0.0,0.0,50.0,50.0,0.3415802396753783,0.14285714285714285,0.8571428571428571,40.0,41.75,Medium,Excess inventory,stockout|excess_inventory|demand_spike|forecast_uncertainty_proxy|replenishment_urgency,normalized holdout MAE proxy; no predictive interval
2,802,2024-07-02,ml_optimized,AI forecast + cost-aware replenishment,xgb_stockout_aware,0.38682565093040466,1.189286,2.6999999999999997,6.97988872637034,2,1,3,0.0,0.0,0.0,True,2.313174349069595,100.0,2.6999999999999997,100.0,0.0,75.0,0.7424787844930376,0.0,0.2857142857142857,0.0,41.25,Medium,Excess inventory,excess_inventory|potential_spoilage|forecast_uncertainty_proxy,normalized holdout MAE proxy; no predictive interval
3,253,2024-07-02,ml_optimized,AI forecast + cost-aware replenishment,xgb_stockout_aware,0.3766390383243561,0.364286,1.6,4.248099206917853,2,1,3,0.0,0.0,0.0,True,1.223360961675644,100.0,0.5,75.0,0.0,100.0,1.7171247452497482,0.0,0.7142857142857143,0.0,41.25,Medium,Excess inventory,excess_inventory|potential_spoilage|forecast_uncertainty_proxy,normalized holdout MAE proxy; no predictive interval
5,802,2024-07-02,ml_optimized,AI forecast + cost-aware replenishment,xgb_stockout_aware,0.019644413143396378,0.660714,1.9000000000000001,96.71961112458582,2,1,3,0.0,0.0,0.0,True,1.8803555868566038,100.0,1.9000000000000001,100.0,0.0,75.0,0.7526900249843795,0.0,0.0,0.0,41.25,Medium,Excess inventory,excess_inventory|potential_spoilage|forecast_uncertainty_proxy,normalized holdout MAE proxy; no predictive interval
20,115,2024-07-02,ml_optimized,AI forecast + cost-aware replenishment,xgb_stockout_aware,0.47643229365348816,0.418571,2.1,4.407761665138807,2,1,3,0.4,0.0,75.0,True,1.623567706346512,100.0,0.0,0.0,0.0,50.0,0.499838568104638,0.2857142857142857,0.0,0.0,41.25,Medium,Stockout risk,stockout|excess_inventory|forecast_uncertainty_proxy,normalized holdout MAE proxy; no predictive interval
20,121,2024-07-02,ml_optimized,AI forecast + cost-aware replenishment,xgb_stockout_aware,0.34978559613227844,0.496429,2.7,7.719014247170261,2,1,3,0.0,0.0,75.0,True,2.3502144038677217,100.0,0.0,0.0,0.0,50.0,0.38525045401341207,0.2857142857142857,0.5714285714285714,0.0,41.25,Medium,Stockout risk,stockout|excess_inventory|forecast_uncertainty_proxy,normalized holdout MAE proxy; no predictive interval
21,802,2024-07-02,ml_optimized,AI forecast + cost-aware replenishment,xgb_stockout_aware,0.0,0.596429,5.6,0.0,2,1,3,0.0,0.0,0.0,True,5.6,100.0,3.1,100.0,0.0,75.0,0.7326161878950455,0.0,0.42857142857142855,0.0,41.25,Medium,Excess inventory,excess_inventory|potential_spoilage|forecast_uncertainty_proxy,normalized holdout MAE proxy; no predictive interval
29,802,2024-07-02,ml_optimized,AI forecast + cost-aware replenishment,xgb_stockout_aware,0.6825880408287048,1.775,7.100000000000001,10.401588623469223,2,1,3,0.0,0.0,0.0,True,6.417411959171297,100.0,7.100000000000001,100.0,0.0,75.0,0.9094848147893357,0.0,0.0,0.0,41.25,Medium,Excess inventory,excess_inventory|potential_spoilage|forecast_uncertainty_proxy,normalized holdout MAE proxy; no predictive interval
36,4,2024-07-02,ml_optimized,AI forecast + cost-aware replenishment,xgb_stockout_aware,0.5284602046012878,2.185714,4.5,8.515305335801314,2,1,3,0.0,0.0,75.0,True,3.971539795398712,100.0,0.0,0.0,0.0,50.0,0.3985337882625814,0.2857142857142857,0.5714285714285714,0.0,41.25,Medium,Stockout risk,stockout|excess_inventory|forecast_uncertainty_proxy,normalized holdout MAE proxy; no predictive interval
36,305,2024-07-02,ml_optimized,AI forecast + cost-aware replenishment,xgb_stockout_aware,0.5808286666870117,0.528571,2.8,4.820698702718856,2,1,3,0.0,0.0,75.0,True,2.219171333312988,100.0,0.0,0.0,0.0,50.0,0.4386559154676355,0.42857142857142855,0.7142857142857143,0.0,41.25,Medium,Stockout risk,stockout|excess_inventory|forecast_uncertainty_proxy,normalized holdout MAE proxy; no predictive interval
42,791,2024-07-02,ml_optimized,AI forecast + cost-aware replenishment,xgb_stockout_aware,0.18741828203201294,0.338929,1.6600000000000001,8.857193556584065,2,1,3,0.0,0.0,0.0,True,1.4725817179679872,100.0,1.6600000000000001,100.0,0.0,75.0,0.5846669425566992,0.0,0.42857142857142855,0.0,41.25,Medium,Excess inventory,excess_inventory|potential_spoilage|forecast_uncertainty_proxy,normalized holdout MAE proxy; no predictive interval
46,802,2024-07-02,ml_optimized,AI forecast + cost-aware replenishment,xgb_stockout_aware,1.1355841159820557,2.660714,7.3999999999999995,6.516470154745395,2,1,3,0.0,0.0,0.0,True,6.264415884017944,100.0,7.3999999999999995,100.0,0.0,75.0,0.7237375533744079,0.0,0.0,0.0,41.25,Medium,Excess inventory,excess_inventory|potential_spoilage|forecast_uncertainty_proxy,normalized holdout MAE proxy; no predictive interval
50,802,2024-07-02,ml_optimized,AI forecast + cost-aware replenishment,xgb_stockout_aware,0.019873185083270073,0.485714,2.5999999999999996,130.82955696863954,2,1,3,0.0,0.0,0.0,True,2.5801268149167296,100.0,2.5999999999999996,100.0,0.0,75.0,0.652537755238322,0.0,0.0,0.0,41.25,Medium,Excess inventory,excess_inventory|potential_spoilage|forecast_uncertainty_proxy,normalized holdout MAE proxy; no predictive interval
52,267,2024-07-02,ml_optimized,AI forecast + cost-aware replenishment,xgb_stockout_aware,21.38946533203125,21.757143,48.2,2.2534457618171184,2,1,3,24.5,0.0,75.0,True,26.810534667968753,50.0,0.0,0.0,0.0,0.0,0.06836499677640255,0.14285714285714285,0.0,75.0,41.25,High,Stockout risk,stockout|excess_inventory|replenishment_urgency,normalized holdout MAE proxy; no predictive interval
64,802,2024-07-02,ml_optimized,AI forecast + cost-aware replenishment,xgb_stockout_aware,0.06326297670602798,1.0,3.5,55.324617686959144,2,1,3,0.0,0.0,0.0,True,3.436737023293972,100.0,3.5,100.0,0.0,75.0,0.7985708985258552,0.0,0.0,0.0,41.25,Medium,Excess inventory,excess_inventory|potential_spoilage|forecast_uncertainty_proxy,normalized holdout MAE proxy; no predictive interval
68,1,2024-07-02,ml_optimized,AI forecast + cost-aware replenishment,xgb_stockout_aware,1.6272484064102173,1.471429,7.5,4.609007432703735,2,1,3,1.6,0.0,75.0,True,5.872751593589783,100.0,0.0,0.0,0.0,50.0,0.4474668895656412,0.2857142857142857,0.2857142857142857,0.0,41.25,Medium,Stockout risk,stockout|excess_inventory|forecast_uncertainty_proxy,normalized holdout MAE proxy; no predictive interval
70,607,2024-07-02,ml_optimized,AI forecast + cost-aware replenishment,xgb_stockout_aware,0.573153555393219,0.535714,3.4000000000000004,5.932092661742958,2,1,3,0.0,0.0,75.0,True,2.8268464446067814,100.0,0.0,0.0,0.0,50.0,0.3719601660239988,0.2857142857142857,0.14285714285714285,0.0,41.25,Medium,Stockout risk,stockout|excess_inventory|forecast_uncertainty_proxy,normalized holdout MAE proxy; no predictive interval
79,835,2024-07-02,ml_optimized,AI forecast + cost-aware replenishment,xgb_stockout_aware,0.6308730244636536,0.546429,4.800000000000001,7.608504110761107,2,1,3,0.0,0.0,75.0,True,4.169126975536347,100.0,0.0,0.0,0.0,50.0,0.48170165559078776,0.42857142857142855,0.0,0.0,41.25,Medium,Stockout risk,stockout|excess_inventory|forecast_uncertainty_proxy,normalized holdout MAE proxy; no predictive interval
103,802,2024-07-02,ml_optimized,AI forecast + cost-aware replenishment,xgb_stockout_aware,0.2875789999961853,0.942857,4.2,14.604682539600294,2,1,3,0.0,0.0,0.0,True,3.912421000003815,100.0,4.2,100.0,0.0,75.0,0.9016607316101298,0.0,0.0,0.0,41.25,Medium,Excess inventory,excess_inventory|potential_spoilage|forecast_uncertainty_proxy,normalized holdout MAE proxy; no predictive interval
163,802,2024-07-02,ml_optimized,AI forecast + cost-aware replenishment,xgb_stockout_aware,0.26050838828086853,1.085714,1.4000000000000001,5.374107180343777,2,1,3,0.0,0.0,0.0,True,1.1394916117191316,100.0,1.4000000000000001,100.0,0.0,75.0,0.5911141786281232,0.0,0.0,0.0,41.25,Medium,Excess inventory,excess_inventory|potential_spoilage|forecast_uncertainty_proxy,normalized holdout MAE proxy; no predictive interval
222,802,2024-07-02,ml_optimized,AI forecast + cost-aware replenishment,xgb_stockout_aware,0.297096848487854,0.842857,1.7,5.72203982860323,2,1,3,0.0,0.0,0.0,True,1.402903151512146,100.0,1.2,100.0,0.0,75.0,0.5446386583149433,0.0,0.2857142857142857,0.0,41.25,Medium,Excess inventory,excess_inventory|potential_spoilage|forecast_uncertainty_proxy,normalized holdout MAE proxy; no predictive interval
227,802,2024-07-02,ml_optimized,AI forecast + cost-aware replenishment,xgb_stockout_aware,0.292773962020874,0.817857,1.2999999999999998,4.440285573985959,2,1,3,0.0,0.0,0.0,True,1.0072260379791258,100.0,1.2999999999999998,100.0,0.0,75.0,0.7351061653898796,0.0,0.2857142857142857,0.0,41.25,Medium,Excess inventory,excess_inventory|potential_spoilage|forecast_uncertainty_proxy,normalized holdout MAE proxy; no predictive interval
249,802,2024-07-02,ml_optimized,AI forecast + cost-aware replenishment,xgb_stockout_aware,0.0,0.732143,4.2,0.0,2,1,3,0.0,0.0,0.0,True,4.2,100.0,4.2,100.0,0.0,75.0,0.7584733963012694,0.0,0.14285714285714285,0.0,41.25,Medium,Excess inventory,excess_inventory|potential_spoilage|forecast_uncertainty_proxy,normalized holdout MAE proxy; no predictive interval
266,802,2024-07-02,ml_optimized,AI forecast + cost-aware replenishment,xgb_stockout_aware,0.0,0.5,4.5,0.0,2,1,3,0.0,0.0,0.0,True,4.5,100.0,1.3,75.0,0.0,100.0,1.2724952052036922,0.0,0.42857142857142855,0.0,41.25,Medium,Excess inventory,excess_inventory|potential_spoilage|forecast_uncertainty_proxy,normalized holdout MAE proxy; no predictive interval
279,802,2024-07-02,ml_optimized,AI forecast + cost-aware replenishment,xgb_stockout_aware,0.0,0.721429,1.6,0.0,2,1,3,0.0,0.0,0.0,True,1.6,100.0,0.6,75.0,0.0,100.0,1.0850828858939083,0.0,0.0,0.0,41.25,Medium,Excess inventory,excess_inventory|potential_spoilage|forecast_uncertainty_proxy,normalized holdout MAE proxy; no predictive interval
296,802,2024-07-02,ml_optimized,AI forecast + cost-aware replenishment,xgb_stockout_aware,0.0,0.560714,1.9,0.0,2,1,3,0.0,0.0,0.0,True,1.9,100.0,1.4,100.0,0.0,75.0,0.6064315179983776,0.0,0.42857142857142855,0.0,41.25,Medium,Excess inventory,excess_inventory|potential_spoilage|forecast_uncertainty_proxy,normalized holdout MAE proxy; no predictive interval
310,503,2024-07-02,ml_optimized,AI forecast + cost-aware replenishment,xgb_stockout_aware,0.6912562251091003,0.717857,1.6,2.314626533377654,2,1,3,1.0,0.0,75.0,True,0.9087437748908997,50.0,0.0,0.0,0.0,0.0,0.08212773158000068,0.14285714285714285,0.2857142857142857,75.0,41.25,High,Stockout risk,stockout|excess_inventory|replenishment_urgency,normalized holdout MAE proxy; no predictive interval
323,802,2024-07-02,ml_optimized,AI forecast + cost-aware replenishment,xgb_stockout_aware,0.04811038076877594,0.696429,2.3,47.80673034067359,2,1,3,0.0,0.0,0.0,True,2.251889619231224,100.0,2.3,100.0,0.0,75.0,0.9540842489028969,0.0,0.7142857142857143,0.0,41.25,Medium,Excess inventory,excess_inventory|potential_spoilage|forecast_uncertainty_proxy,normalized holdout MAE proxy; no predictive interval
355,802,2024-07-02,ml_optimized,AI forecast + cost-aware replenishment,xgb_stockout_aware,0.0,0.717857,5.1,0.0,2,1,3,0.0,0.0,0.0,True,5.1,100.0,1.9,75.0,0.0,100.0,1.1262380637447622,0.0,0.42857142857142855,0.0,41.25,Medium,Excess inventory,excess_inventory|potential_spoilage|forecast_uncertainty_proxy,normalized holdout MAE proxy; no predictive interval
493,802,2024-07-02,ml_optimized,AI forecast + cost-aware replenishment,xgb_stockout_aware,0.3008466958999634,0.953571,1.8000000000000003,5.9831137404232315,2,1,3,0.0,0.0,0.0,True,1.4991533041000369,100.0,1.8000000000000003,100.0,0.0,75.0,0.5569540812419012,0.0,0.2857142857142857,0.0,41.25,Medium,Excess inventory,excess_inventory|potential_spoilage|forecast_uncertainty_proxy,normalized holdout MAE proxy; no predictive interval
602,253,2024-07-02,ml_optimized,AI forecast + cost-aware replenishment,xgb_stockout_aware,0.4323823153972626,0.7,1.9,4.394259275507892,2,1,3,0.0,0.0,0.0,True,1.4676176846027373,100.0,0.5,75.0,0.0,100.0,1.1614538379337476,0.0,0.5714285714285714,0.0,41.25,Medium,Excess inventory,excess_inventory|potential_spoilage|forecast_uncertainty_proxy,normalized holdout MAE proxy; no predictive interval
634,802,2024-07-02,ml_optimized,AI forecast + cost-aware replenishment,xgb_stockout_aware,0.0,0.407143,4.300000000000001,0.0,2,1,3,0.0,0.0,0.0,True,4.300000000000001,100.0,1.1,75.0,0.0,100.0,2.157251898731504,0.0,0.0,0.0,41.25,Medium,Excess inventory,excess_inventory|potential_spoilage|forecast_uncertainty_proxy,normalized holdout MAE proxy; no predictive interval
643,83,2024-07-02,ml_optimized,AI forecast + cost-aware replenishment,xgb_stockout_aware,0.6650097370147705,0.592857,3.0,4.511212141745478,2,1,3,0.3,0.0,75.0,True,2.3349902629852295,100.0,0.0,0.0,0.0,50.0,0.3954172399308946,0.2857142857142857,0.42857142857142855,0.0,41.25,Medium,Stockout risk,stockout|excess_inventory|forecast_uncertainty_proxy,normalized holdout MAE proxy; no predictive interval
3,6,2024-07-02,ml_optimized,AI forecast + cost-aware replenishment,xgb_stockout_aware,0.6108152270317078,0.625,2.4,3.9291751315089836,2,1,3,1.3,0.0,40.0,True,1.7891847729682921,75.0,0.0,0.0,0.0,75.0,0.5126164326300987,0.14285714285714285,0.5714285714285714,40.0,40.5,Medium,Excess inventory,stockout|excess_inventory|forecast_uncertainty_proxy|replenishment_urgency,normalized holdout MAE proxy; no predictive interval
3,26,2024-07-02,ml_optimized,AI forecast + cost-aware replenishment,xgb_stockout_aware,0.8015688061714172,0.690357,2.9000000000000004,3.6179052598758803,2,1,3,1.0,0.0,40.0,True,2.098431193828583,75.0,0.30000000000000004,50.0,0.0,25.0,0.24312991755349297,0.0,0.14285714285714285,40.0,40.5,Medium,Excess inventory,stockout|excess_inventory|potential_spoilage|forecast_uncertainty_proxy|replenishment_urgency,normalized holdout MAE proxy; no predictive interval
9,469,2024-07-02,ml_optimized,AI forecast + cost-aware replenishment,xgb_stockout_aware,0.33435794711112976,0.41,1.2,3.5889680815666654,2,1,3,0.6,0.0,40.0,True,0.8656420528888702,75.0,0.0,0.0,0.0,75.0,0.5846886294228691,0.0,0.14285714285714285,40.0,40.5,Medium,Excess inventory,stockout|excess_inventory|forecast_uncertainty_proxy|replenishment_urgency,normalized holdout MAE proxy; no predictive interval
10,775,2024-07-02,ml_optimized,AI forecast + cost-aware replenishment,xgb_stockout_aware,1.004544973373413,0.888214,4.0,3.981902359799182,2,1,3,0.7,0.0,40.0,True,2.995455026626587,75.0,0.0,0.0,0.0,75.0,0.6354468128897928,0.0,0.8571428571428571,40.0,40.5,Medium,Excess inventory,stockout|excess_inventory|forecast_uncertainty_proxy|replenishment_urgency,normalized holdout MAE proxy; no predictive interval
13,318,2024-07-02,ml_optimized,AI forecast + cost-aware replenishment,xgb_stockout_aware,1.2528127431869507,1.225,4.9,3.9111990412351663,2,1,3,1.7,0.0,40.0,True,3.6471872568130497,75.0,1.0,50.0,0.0,25.0,0.20860034942626954,0.14285714285714285,0.0,40.0,40.5,Medium,Excess inventory,stockout|excess_inventory|potential_spoilage|forecast_uncertainty_proxy|replenishment_urgency,normalized holdout MAE proxy; no predictive interval
13,834,2024-07-02,ml_optimized,AI forecast + cost-aware replenishment,xgb_stockout_aware,0.7861608862876892,1.314286,2.5,3.1800106614374926,2,1,3,0.4,0.0,40.0,True,1.7138391137123108,75.0,0.0,0.0,0.0,75.0,0.6892905926704406,0.0,0.0,40.0,40.5,Medium,Excess inventory,stockout|excess_inventory|forecast_uncertainty_proxy|replenishment_urgency,normalized holdout MAE proxy; no predictive interval
20,6,2024-07-02,ml_optimized,AI forecast + cost-aware replenishment,xgb_stockout_aware,0.262053906917572,0.5425,0.7999999999999999,3.052806994599156,2,1,3,0.0,0.0,40.0,True,0.5379460930824279,75.0,0.0,0.0,0.0,75.0,0.5297600531578063,0.0,0.2857142857142857,40.0,40.5,Medium,Excess inventory,stockout|excess_inventory|forecast_uncertainty_proxy|replenishment_urgency,normalized holdout MAE proxy; no predictive interval
21,4,2024-07-02,ml_optimized,AI forecast + cost-aware replenishment,xgb_stockout_aware,0.7413485646247864,1.567857,2.7999999999999994,3.77690081779162,2,1,3,0.0,0.0,40.0,True,2.058651435375213,75.0,0.0,0.0,0.0,75.0,0.5245358242708095,0.14285714285714285,0.5714285714285714,40.0,40.5,Medium,Excess inventory,stockout|excess_inventory|forecast_uncertainty_proxy|replenishment_urgency,normalized holdout MAE proxy; no predictive interval
21,190,2024-07-02,ml_optimized,AI forecast + cost-aware replenishment,xgb_stockout_aware,0.3475187122821808,0.420357,1.3,3.740805758236168,2,1,3,0.0,0.0,40.0,True,0.9524812877178193,75.0,0.0,0.0,0.0,75.0,0.5133069292508035,0.0,0.7142857142857143,40.0,40.5,Medium,Excess inventory,stockout|excess_inventory|forecast_uncertainty_proxy|replenishment_urgency,normalized holdout MAE proxy; no predictive interval
36,50,2024-07-02,ml_optimized,AI forecast + cost-aware replenishment,xgb_stockout_aware,0.48635703325271606,0.820714,1.7000000000000002,3.4953745577205684,2,1,3,0.5,0.0,40.0,True,1.2136429667472841,75.0,0.0,0.0,0.0,75.0,0.6652795110430036,0.0,0.7142857142857143,40.0,40.5,Medium,Excess inventory,stockout|excess_inventory|forecast_uncertainty_proxy|replenishment_urgency,normalized holdout MAE proxy; no predictive interval
36,184,2024-07-02,ml_optimized,AI forecast + cost-aware replenishment,xgb_stockout_aware,0.32550033926963806,0.777143,1.2,3.68663210211263,2,1,3,0.3,0.0,40.0,True,0.8744996607303619,75.0,0.0,0.0,0.0,75.0,0.7372474532860975,0.14285714285714285,0.42857142857142855,40.0,40.5,Medium,Excess inventory,stockout|excess_inventory|forecast_uncertainty_proxy|replenishment_urgency,normalized holdout MAE proxy; no predictive interval
51,694,2024-07-02,ml_optimized,AI forecast + cost-aware replenishment,xgb_stockout_aware,0.273012638092041,0.475,0.8499999999999999,3.1134089833359235,2,1,3,0.0,0.0,40.0,True,0.5769873619079589,75.0,0.0,0.0,0.0,75.0,0.5485186648779902,0.0,0.42857142857142855,40.0,40.5,Medium,Excess inventory,stockout|excess_inventory|forecast_uncertainty_proxy|replenishment_urgency,normalized holdout MAE proxy; no predictive interval
51,835,2024-07-02,ml_optimized,AI forecast + cost-aware replenishment,xgb_stockout_aware,0.4076923727989197,0.353571,1.4000000000000001,3.433961715762836,2,1,3,0.3,0.0,40.0,True,0.9923076272010805,75.0,0.0,0.0,0.0,75.0,0.5376067348888942,0.14285714285714285,0.0,40.0,40.5,Medium,Excess inventory,stockout|excess_inventory|forecast_uncertainty_proxy|replenishment_urgency,normalized holdout MAE proxy; no predictive interval
52,404,2024-07-02,ml_optimized,AI forecast + cost-aware replenishment,xgb_stockout_aware,0.4701220393180847,0.620714,1.5399999999999998,3.2757451708364504,2,1,3,0.9,0.0,40.0,True,1.069877960681915,75.0,0.0,0.0,0.0,75.0,0.5668256238325318,0.14285714285714285,0.42857142857142855,40.0,40.5,Medium,Excess inventory,stockout|excess_inventory|forecast_uncertainty_proxy|replenishment_urgency,normalized holdout MAE proxy; no predictive interval
64,4,2024-07-02,ml_optimized,AI forecast + cost-aware replenishment,xgb_stockout_aware,0.9506222009658813,2.453571,3.4000000000000004,3.5766048768326937,2,1,3,0.0,0.0,40.0,True,2.449377799034119,75.0,0.0,0.0,0.0,75.0,0.5226174580153597,0.14285714285714285,0.7142857142857143,40.0,40.5,Medium,Excess inventory,stockout|excess_inventory|forecast_uncertainty_proxy|replenishment_urgency,normalized holdout MAE proxy; no predictive interval
70,157,2024-07-02,ml_optimized,AI forecast + cost-aware replenishment,xgb_stockout_aware,1.257081389427185,1.429214,4.3100000000000005,3.4285767303928827,2,1,3,0.0,0.0,40.0,True,3.0529186105728154,75.0,0.20999999999999996,50.0,0.0,25.0,0.155776379753258,0.14285714285714285,0.8571428571428571,40.0,40.5,Medium,Excess inventory,stockout|excess_inventory|potential_spoilage|forecast_uncertainty_proxy|replenishment_urgency,normalized holdout MAE proxy; no predictive interval
71,102,2024-07-02,ml_optimized,AI forecast + cost-aware replenishment,xgb_stockout_aware,1.4837826490402222,1.375,5.3999999999999995,3.639347045534576,2,1,3,0.7,0.0,40.0,True,3.9162173509597773,75.0,0.09999999999999987,50.0,0.0,25.0,0.1700412004935641,0.14285714285714285,0.42857142857142855,40.0,40.5,Medium,Excess inventory,stockout|excess_inventory|potential_spoilage|forecast_uncertainty_proxy|replenishment_urgency,normalized holdout MAE proxy; no predictive interval
71,512,2024-07-02,ml_optimized,AI forecast + cost-aware replenishment,xgb_stockout_aware,0.9617390036582947,1.082143,3.5,3.639240986053996,2,1,3,0.9,0.0,40.0,True,2.5382609963417053,75.0,0.5,50.0,0.0,25.0,0.18993840962648392,0.14285714285714285,0.0,40.0,40.5,Medium,Excess inventory,stockout|excess_inventory|potential_spoilage|forecast_uncertainty_proxy|replenishment_urgency,normalized holdout MAE proxy; no predictive interval
86,836,2024-07-02,ml_optimized,AI forecast + cost-aware replenishment,xgb_stockout_aware,0.47348925471305847,0.382143,1.8000000000000003,3.8015646228145705,2,1,3,0.5,0.0,40.0,True,1.3265107452869418,75.0,0.0,0.0,0.0,75.0,0.5571145936846733,0.0,0.0,40.0,40.5,Medium,Excess inventory,stockout|excess_inventory|forecast_uncertainty_proxy|replenishment_urgency,normalized holdout MAE proxy; no predictive interval
113,696,2024-07-02,ml_optimized,AI forecast + cost-aware replenishment,xgb_stockout_aware,0.8390716314315796,0.678571,3.3,3.9329180923084177,2,1,3,0.9,0.0,40.0,True,2.4609283685684202,75.0,0.0,0.0,0.0,75.0,0.7622588085678387,0.0,0.2857142857142857,40.0,40.5,Medium,Excess inventory,stockout|excess_inventory|forecast_uncertainty_proxy|replenishment_urgency,normalized holdout MAE proxy; no predictive interval
222,694,2024-07-02,ml_optimized,AI forecast + cost-aware replenishment,xgb_stockout_aware,1.4600577354431152,1.821429,4.400000000000001,3.013579458667529,2,1,3,0.6,0.0,40.0,True,2.939942264556886,75.0,0.0,0.0,0.0,75.0,0.6609355425223327,0.14285714285714285,0.7142857142857143,40.0,40.5,Medium,Excess inventory,stockout|excess_inventory|forecast_uncertainty_proxy|replenishment_urgency,normalized holdout MAE proxy; no predictive interval
290,834,2024-07-02,ml_optimized,AI forecast + cost-aware replenishment,xgb_stockout_aware,1.541055679321289,2.560714,4.999999999999999,3.244529102415103,2,1,3,2.5,0.0,40.0,True,3.45894432067871,75.0,0.0,0.0,0.0,75.0,0.7617353007600114,0.0,0.0,40.0,40.5,Medium,Excess inventory,stockout|excess_inventory|forecast_uncertainty_proxy|replenishment_urgency,normalized holdout MAE proxy; no predictive interval
317,615,2024-07-02,ml_optimized,AI forecast + cost-aware replenishment,xgb_stockout_aware,0.6228072047233582,0.682143,2.3,3.6929566365912967,2,1,3,0.8,0.0,40.0,True,1.6771927952766417,75.0,0.0,0.0,0.0,75.0,0.5414185298455728,0.14285714285714285,0.0,40.0,40.5,Medium,Excess inventory,stockout|excess_inventory|forecast_uncertainty_proxy|replenishment_urgency,normalized holdout MAE proxy; no predictive interval
476,776,2024-07-02,ml_optimized,AI forecast + cost-aware replenishment,xgb_stockout_aware,0.1537257432937622,0.271429,0.6,3.9030547983978843,2,1,3,0.4,0.0,40.0,True,0.44627425670623777,75.0,0.0,0.0,0.0,75.0,0.7213286831974982,0.14285714285714285,0.2857142857142857,40.0,40.5,Medium,Excess inventory,stockout|excess_inventory|forecast_uncertainty_proxy|replenishment_urgency,normalized holdout MAE proxy; no predictive interval
875,776,2024-07-02,ml_optimized,AI forecast + cost-aware replenishment,xgb_stockout_aware,0.1853713095188141,0.242857,0.7,3.7762046447050324,2,1,3,0.5,0.0,40.0,True,0.5146286904811859,75.0,0.0,0.0,0.0,75.0,0.6984521808723609,0.14285714285714285,0.42857142857142855,40.0,40.5,Medium,Excess inventory,stockout|excess_inventory|forecast_uncertainty_proxy|replenishment_urgency,normalized holdout MAE proxy; no predictive interval
894,381,2024-07-02,ml_optimized,AI forecast + cost-aware replenishment,xgb_stockout_aware,0.41997823119163513,0.414286,1.6,3.8097212692672247,2,1,3,0.6,0.0,40.0,True,1.180021768808365,75.0,0.0,0.0,0.0,75.0,0.6733064452807109,0.0,0.42857142857142855,40.0,40.5,Medium,Excess inventory,stockout|excess_inventory|forecast_uncertainty_proxy|replenishment_urgency,normalized holdout MAE proxy; no predictive interval
3,201,2024-07-02,ml_optimized,AI forecast + cost-aware replenishment,xgb_stockout_aware,0.7242177724838257,0.580714,3.5,4.832800482092791,2,1,3,0.9,0.0,40.0,True,2.7757822275161743,100.0,0.4,50.0,0.0,50.0,0.4639856090732649,0.14285714285714285,0.8571428571428571,0.0,40.0,Medium,Excess inventory,stockout|excess_inventory|potential_spoilage|forecast_uncertainty_proxy,normalized holdout MAE proxy; no predictive interval
5,335,2024-07-02,ml_optimized,AI forecast + cost-aware replenishment,xgb_stockout_aware,0.8983011245727539,0.771429,4.8,5.343419782851719,2,1,3,0.0,0.0,40.0,True,3.901698875427246,100.0,1.2,75.0,0.0,25.0,0.23546774557658606,0.14285714285714285,0.14285714285714285,0.0,40.0,Medium,Excess inventory,stockout|excess_inventory|potential_spoilage|forecast_uncertainty_proxy,normalized holdout MAE proxy; no predictive interval
5,381,2024-07-02,ml_optimized,AI forecast + cost-aware replenishment,xgb_stockout_aware,0.40338149666786194,0.467857,2.5,6.197607031188298,2,1,3,0.0,0.0,40.0,True,2.096618503332138,100.0,0.09999999999999998,50.0,0.0,50.0,0.46790484871183124,0.14285714285714285,0.0,0.0,40.0,Medium,Excess inventory,stockout|excess_inventory|potential_spoilage|forecast_uncertainty_proxy,normalized holdout MAE proxy; no predictive interval
5,740,2024-07-02,ml_optimized,AI forecast + cost-aware replenishment,xgb_stockout_aware,0.7665444016456604,0.85,4.3,5.609590247829766,2,1,3,0.0,0.0,40.0,True,3.5334555983543394,100.0,0.7,50.0,0.0,50.0,0.2834192601645865,0.14285714285714285,0.7142857142857143,0.0,40.0,Medium,Excess inventory,stockout|excess_inventory|potential_spoilage|forecast_uncertainty_proxy,normalized holdout MAE proxy; no predictive interval
9,76,2024-07-02,ml_optimized,AI forecast + cost-aware replenishment,xgb_stockout_aware,1.6575934886932373,1.682143,7.4,4.464303250752864,2,1,3,0.0,0.0,40.0,True,5.742406511306763,100.0,0.09999999999999998,50.0,0.0,50.0,0.26582189336899786,0.14285714285714285,0.7142857142857143,0.0,40.0,Medium,Excess inventory,stockout|excess_inventory|potential_spoilage|forecast_uncertainty_proxy,normalized holdout MAE proxy; no predictive interval
9,194,2024-07-02,ml_optimized,AI forecast + cost-aware replenishment,xgb_stockout_aware,0.5617709159851074,0.671429,3.0999999999999996,5.518263604949924,2,1,3,0.0,0.0,40.0,True,2.5382290840148922,100.0,0.5999999999999996,50.0,0.0,50.0,0.2894788430287288,0.14285714285714285,0.0,0.0,40.0,Medium,Excess inventory,stockout|excess_inventory|potential_spoilage|forecast_uncertainty_proxy,normalized holdout MAE proxy; no predictive interval
9,344,2024-07-02,ml_optimized,AI forecast + cost-aware replenishment,xgb_stockout_aware,0.38694268465042114,0.416429,1.92,4.961975186931371,2,1,3,0.0,0.0,40.0,True,1.5330573153495788,100.0,0.020000000000000018,50.0,0.0,50.0,0.3811630051602763,0.14285714285714285,0.8571428571428571,0.0,40.0,Medium,Excess inventory,stockout|excess_inventory|potential_spoilage|forecast_uncertainty_proxy,normalized holdout MAE proxy; no predictive interval
21,122,2024-07-02,ml_optimized,AI forecast + cost-aware replenishment,xgb_stockout_aware,1.7012953758239746,1.426429,8.3,4.8786354903128615,2,1,3,0.0,0.0,40.0,True,6.598704624176026,100.0,0.20000000000000018,50.0,0.0,50.0,0.25816524823506676,0.14285714285714285,0.14285714285714285,0.0,40.0,Medium,Excess inventory,stockout|excess_inventory|potential_spoilage|forecast_uncertainty_proxy,normalized holdout MAE proxy; no predictive interval
52,4,2024-07-02,ml_optimized,AI forecast + cost-aware replenishment,xgb_stockout_aware,0.73534095287323,2.635714,6.6,8.975428301948273,2,1,3,0.0,0.0,40.0,True,5.86465904712677,100.0,0.09999999999999998,50.0,0.0,50.0,0.25599673661318695,0.14285714285714285,0.7142857142857143,0.0,40.0,Medium,Excess inventory,stockout|excess_inventory|potential_spoilage|forecast_uncertainty_proxy,normalized holdout MAE proxy; no predictive interval
64,304,2024-07-02,ml_optimized,AI forecast + cost-aware replenishment,xgb_stockout_aware,0.4613173305988312,0.457143,3.7,8.0205094293706,2,1,3,0.0,0.0,40.0,True,3.238682669401169,100.0,0.5999999999999999,50.0,0.0,50.0,0.3281062259906676,0.14285714285714285,0.2857142857142857,0.0,40.0,Medium,Excess inventory,stockout|excess_inventory|potential_spoilage|forecast_uncertainty_proxy,normalized holdout MAE proxy; no predictive interval
71,272,2024-07-02,ml_optimized,AI forecast + cost-aware replenishment,xgb_stockout_aware,0.7074756026268005,0.746429,3.0,4.240428912122537,2,1,3,0.4,0.0,40.0,True,2.2925243973731995,100.0,0.09999999999999998,50.0,0.0,50.0,0.31153133298669555,0.14285714285714285,0.5714285714285714,0.0,40.0,Medium,Excess inventory,stockout|excess_inventory|potential_spoilage|forecast_uncertainty_proxy,normalized holdout MAE proxy; no predictive interval
106,861,2024-07-02,ml_optimized,AI forecast + cost-aware replenishment,xgb_stockout_aware,0.12819373607635498,0.392857,0.8,6.240554526966143,2,1,3,0.0,0.0,40.0,True,0.6718062639236451,100.0,0.0,0.0,0.0,100.0,1.7026111405828723,0.14285714285714285,0.7142857142857143,0.0,40.0,Medium,Excess inventory,stockout|excess_inventory|forecast_uncertainty_proxy,normalized holdout MAE proxy; no predictive interval
107,860,2024-07-02,ml_optimized,AI forecast + cost-aware replenishment,xgb_stockout_aware,0.15311674773693085,0.228571,1.2,7.837157056533843,2,1,3,0.0,0.0,40.0,True,1.046883252263069,100.0,0.0,0.0,0.0,100.0,1.6872629441063978,0.14285714285714285,0.8571428571428571,0.0,40.0,Medium,Excess inventory,stockout|excess_inventory|forecast_uncertainty_proxy,normalized holdout MAE proxy; no predictive interval
270,601,2024-07-02,ml_optimized,AI forecast + cost-aware replenishment,xgb_stockout_aware,1.908535361289978,1.164286,8.100000000000001,4.244092178897443,2,1,3,2.1,0.0,40.0,True,6.191464638710023,100.0,0.0,0.0,75.0,50.0,0.2653485552469889,0.14285714285714285,0.2857142857142857,0.0,40.0,Medium,Excess inventory,stockout|excess_inventory|demand_spike|forecast_uncertainty_proxy,normalized holdout MAE proxy; no predictive interval
276,91,2024-07-02,ml_optimized,AI forecast + cost-aware replenishment,xgb_stockout_aware,0.30083322525024414,0.496429,1.7,5.650971559361096,2,1,3,0.2,0.0,40.0,True,1.3991667747497558,100.0,0.2,50.0,0.0,50.0,0.3703935274056026,0.14285714285714285,0.42857142857142855,0.0,40.0,Medium,Excess inventory,stockout|excess_inventory|potential_spoilage|forecast_uncertainty_proxy,normalized holdout MAE proxy; no predictive interval
287,860,2024-07-02,ml_optimized,AI forecast + cost-aware replenishment,xgb_stockout_aware,0.1010572537779808,0.103571,1.9000000000000001,18.80122335576457,2,1,3,0.0,0.0,40.0,True,1.7989427462220193,100.0,0.0,0.0,0.0,100.0,4.194816719740629,0.14285714285714285,0.7142857142857143,0.0,40.0,Medium,Excess inventory,stockout|excess_inventory|forecast_uncertainty_proxy,normalized holdout MAE proxy; no predictive interval
310,309,2024-07-02,ml_optimized,AI forecast + cost-aware replenishment,xgb_stockout_aware,1.4948865175247192,1.196429,6.8,4.54884027669181,2,1,3,2.2,0.0,40.0,True,5.305113482475281,100.0,0.0,0.0,0.0,100.0,1.925170625339855,0.14285714285714285,0.8571428571428571,0.0,40.0,Medium,Excess inventory,stockout|excess_inventory|forecast_uncertainty_proxy,normalized holdout MAE proxy; no predictive interval
352,861,2024-07-02,ml_optimized,AI forecast + cost-aware replenishment,xgb_stockout_aware,0.11812356114387512,0.35,1.7,14.391709693965211,2,1,3,0.0,0.0,40.0,True,1.5818764388561248,100.0,0.0,0.0,0.0,100.0,1.9807771652936936,0.14285714285714285,0.8571428571428571,0.0,40.0,Medium,Excess inventory,stockout|excess_inventory|forecast_uncertainty_proxy,normalized holdout MAE proxy; no predictive interval
478,694,2024-07-02,ml_optimized,AI forecast + cost-aware replenishment,xgb_stockout_aware,0.36155274510383606,0.975,3.5,9.680468610450788,2,1,3,0.0,0.0,40.0,True,3.138447254896164,100.0,0.49999999999999994,50.0,0.0,50.0,0.3778602193141805,0.14285714285714285,0.14285714285714285,0.0,40.0,Medium,Excess inventory,stockout|excess_inventory|potential_spoilage|forecast_uncertainty_proxy,normalized holdout MAE proxy; no predictive interval
89,600,2024-07-02,ml_optimized,AI forecast + cost-aware replenishment,xgb_stockout_aware,1.0426671504974365,0.714286,3.6,3.452683819838871,2,1,3,0.5,0.0,40.0,True,2.5573328495025636,75.0,0.0,0.0,50.0,25.0,0.21116089820861816,0.14285714285714285,0.42857142857142855,40.0,38.0,Medium,Excess inventory,stockout|excess_inventory|demand_spike|forecast_uncertainty_proxy|replenishment_urgency,normalized holdout MAE proxy; no predictive interval
9,4,2024-07-02,ml_optimized,AI forecast + cost-aware replenishment,xgb_stockout_aware,1.2100225687026978,3.646429,12.700000000000001,10.495672005205705,2,1,3,0.0,0.0,75.0,True,11.489977431297303,100.0,0.0,0.0,0.0,25.0,0.19693848514556883,0.2857142857142857,0.8571428571428571,0.0,37.5,Medium,Stockout risk,stockout|excess_inventory|forecast_uncertainty_proxy,normalized holdout MAE proxy; no predictive interval
9,802,2024-07-02,ml_optimized,AI forecast + cost-aware replenishment,xgb_stockout_aware,0.0,0.585714,4.800000000000001,0.0,2,1,3,0.0,0.0,0.0,True,4.800000000000001,100.0,1.1,50.0,0.0,100.0,1.3413310324152308,0.0,0.42857142857142855,0.0,37.5,Medium,Excess inventory,excess_inventory|potential_spoilage|forecast_uncertainty_proxy,normalized holdout MAE proxy; no predictive interval
10,300,2024-07-02,ml_optimized,AI forecast + cost-aware replenishment,xgb_stockout_aware,1.9115574359893799,1.728214,12.0,6.2776036827735,2,1,3,0.0,0.0,0.0,True,10.08844256401062,100.0,1.9,50.0,0.0,100.0,1.7540862598116431,0.0,0.7142857142857143,0.0,37.5,Medium,Excess inventory,excess_inventory|potential_spoilage|forecast_uncertainty_proxy,normalized holdout MAE proxy; no predictive interval
11,122,2024-07-02,ml_optimized,AI forecast + cost-aware replenishment,xgb_stockout_aware,1.9189754724502563,1.385,10.73,5.591525349878146,2,1,3,0.0,0.0,40.0,True,8.811024527549744,100.0,0.0,0.0,50.0,50.0,0.2700399021905994,0.14285714285714285,0.2857142857142857,0.0,37.5,Medium,Excess inventory,stockout|excess_inventory|demand_spike|forecast_uncertainty_proxy,normalized holdout MAE proxy; no predictive interval
42,66,2024-07-02,ml_optimized,AI forecast + cost-aware replenishment,xgb_stockout_aware,0.9798948168754578,0.695714,4.4,4.490277858627789,2,1,3,0.8,0.0,40.0,True,3.4201051831245426,100.0,0.0,0.0,50.0,50.0,0.2660666053945368,0.14285714285714285,0.7142857142857143,0.0,37.5,Medium,Excess inventory,stockout|excess_inventory|demand_spike|forecast_uncertainty_proxy,normalized holdout MAE proxy; no predictive interval
52,311,2024-07-02,ml_optimized,AI forecast + cost-aware replenishment,xgb_stockout_aware,0.22565849125385284,0.746429,2.0999999999999996,9.306097848707232,2,1,3,0.0,0.0,0.0,True,1.8743415087461468,100.0,0.7,75.0,0.0,75.0,0.8811554289781129,0.0,0.0,0.0,37.5,Medium,Excess inventory,excess_inventory|potential_spoilage|forecast_uncertainty_proxy,normalized holdout MAE proxy; no predictive interval
64,291,2024-07-02,ml_optimized,AI forecast + cost-aware replenishment,xgb_stockout_aware,1.098257064819336,1.16,4.6,4.188454731913518,2,1,3,0.7,2.220446049250313e-16,75.0,True,3.5017429351806637,100.0,0.0,0.0,0.0,25.0,0.24638679448296047,0.2857142857142857,0.14285714285714285,0.0,37.5,Medium,Stockout risk,stockout|excess_inventory|forecast_uncertainty_proxy,normalized holdout MAE proxy; no predictive interval
218,802,2024-07-02,ml_optimized,AI forecast + cost-aware replenishment,xgb_stockout_aware,0.2306998074054718,0.496429,4.6,19.939331773758973,2,1,3,0.0,0.0,0.0,True,4.369300192594528,100.0,2.4,100.0,0.0,50.0,0.46032707131545963,0.0,0.0,0.0,37.5,Medium,Excess inventory,excess_inventory|potential_spoilage|forecast_uncertainty_proxy,normalized holdout MAE proxy; no predictive interval
297,115,2024-07-02,ml_optimized,AI forecast + cost-aware replenishment,xgb_stockout_aware,0.5290979146957397,0.565,4.1,7.749038289742124,2,1,3,0.0,0.0,0.0,True,3.57090208530426,100.0,0.19999999999999998,50.0,0.0,100.0,1.2889408667882285,0.0,0.7142857142857143,0.0,37.5,Medium,Excess inventory,excess_inventory|potential_spoilage|forecast_uncertainty_proxy,normalized holdout MAE proxy; no predictive interval
315,802,2024-07-02,ml_optimized,AI forecast + cost-aware replenishment,xgb_stockout_aware,0.0,0.62,3.4,0.0,2,1,3,0.0,0.0,0.0,True,3.4,100.0,3.4,100.0,0.0,50.0,0.39307553569475806,0.0,0.42857142857142855,0.0,37.5,Medium,Excess inventory,excess_inventory|potential_spoilage|forecast_uncertainty_proxy,normalized holdout MAE proxy; no predictive interval
332,309,2024-07-02,ml_optimized,AI forecast + cost-aware replenishment,xgb_stockout_aware,0.8507989645004272,1.044643,5.4,6.346975284779262,2,1,3,0.0,0.0,0.0,True,4.549201035499573,100.0,0.4,50.0,0.0,100.0,1.5400997361829203,0.0,0.8571428571428571,0.0,37.5,Medium,Excess inventory,excess_inventory|potential_spoilage|forecast_uncertainty_proxy,normalized holdout MAE proxy; no predictive interval
332,317,2024-07-02,ml_optimized,AI forecast + cost-aware replenishment,xgb_stockout_aware,1.0806140899658203,1.085714,5.971429,5.525958855662224,2,1,3,0.0,0.0,0.0,True,4.890814910034179,100.0,1.8714289999999998,75.0,0.0,75.0,0.540651353437509,0.0,0.5714285714285714,0.0,37.5,Medium,Excess inventory,excess_inventory|potential_spoilage|forecast_uncertainty_proxy,normalized holdout MAE proxy; no predictive interval
632,802,2024-07-02,ml_optimized,AI forecast + cost-aware replenishment,xgb_stockout_aware,0.0,0.789286,5.0,0.0,2,1,3,0.0,0.0,0.0,True,5.0,100.0,1.0,50.0,0.0,100.0,3.049367494881153,0.0,0.42857142857142855,0.0,37.5,Medium,Excess inventory,excess_inventory|potential_spoilage|forecast_uncertainty_proxy,normalized holdout MAE proxy; no predictive interval
0,201,2024-07-02,ml_optimized,AI forecast + cost-aware replenishment,xgb_stockout_aware,0.4597257077693939,0.613214,1.4,3.045294131565649,2,1,3,0.7,0.0,40.0,True,0.940274292230606,75.0,0.0,0.0,0.0,50.0,0.36074817180633545,0.14285714285714285,0.42857142857142855,40.0,36.75,Medium,Excess inventory,stockout|excess_inventory|forecast_uncertainty_proxy|replenishment_urgency,normalized holdout MAE proxy; no predictive interval
3,14,2024-07-02,ml_optimized,AI forecast + cost-aware replenishment,xgb_stockout_aware,0.524662971496582,0.735714,2.0,3.811970938782039,2,1,3,0.0,0.0,40.0,True,1.475337028503418,75.0,0.0,0.0,0.0,50.0,0.3146169041765148,0.14285714285714285,0.5714285714285714,40.0,36.75,Medium,Excess inventory,stockout|excess_inventory|forecast_uncertainty_proxy|replenishment_urgency,normalized holdout MAE proxy; no predictive interval
3,100,2024-07-02,ml_optimized,AI forecast + cost-aware replenishment,xgb_stockout_aware,0.18919552862644196,0.325,0.7,3.6998760228742955,2,1,3,0.3,0.0,40.0,True,0.510804471373558,75.0,0.0,0.0,0.0,50.0,0.49258892787130254,0.0,0.2857142857142857,40.0,36.75,Medium,Excess inventory,stockout|excess_inventory|forecast_uncertainty_proxy|replenishment_urgency,normalized holdout MAE proxy; no predictive interval
3,117,2024-07-02,ml_optimized,AI forecast + cost-aware replenishment,xgb_stockout_aware,1.9243367910385132,2.485714,5.9,3.06599137296332,2,1,3,0.0,0.0,40.0,True,3.975663208961487,75.0,0.0,0.0,0.0,50.0,0.4413658784440726,0.0,0.42857142857142855,40.0,36.75,Medium,Excess inventory,stockout|excess_inventory|forecast_uncertainty_proxy|replenishment_urgency,normalized holdout MAE proxy; no predictive interval
3,118,2024-07-02,ml_optimized,AI forecast + cost-aware replenishment,xgb_stockout_aware,1.2338331937789917,1.110714,4.6814290000000005,3.7942154771032635,2,1,3,1.4,0.0,40.0,True,3.447595806221009,75.0,0.0,0.0,0.0,50.0,0.3121338361187985,0.0,0.0,40.0,36.75,Medium,Excess inventory,stockout|excess_inventory|forecast_uncertainty_proxy|replenishment_urgency,normalized holdout MAE proxy; no predictive interval
3,145,2024-07-02,ml_optimized,AI forecast + cost-aware replenishment,xgb_stockout_aware,0.5339770317077637,0.628929,2.0,3.745479451810139,2,1,3,0.6,0.0,40.0,True,1.4660229682922363,75.0,0.0,0.0,0.0,50.0,0.3375735490018336,0.14285714285714285,0.2857142857142857,40.0,36.75,Medium,Excess inventory,stockout|excess_inventory|forecast_uncertainty_proxy|replenishment_urgency,normalized holdout MAE proxy; no predictive interval
3,235,2024-07-02,ml_optimized,AI forecast + cost-aware replenishment,xgb_stockout_aware,0.5265129804611206,0.65,2.0,3.7985768142855623,2,1,3,0.5,0.0,40.0,True,1.4734870195388794,75.0,0.0,0.0,0.0,50.0,0.3424832891015446,0.0,0.42857142857142855,40.0,36.75,Medium,Excess inventory,stockout|excess_inventory|forecast_uncertainty_proxy|replenishment_urgency,normalized holdout MAE proxy; no predictive interval
3,259,2024-07-02,ml_optimized,AI forecast + cost-aware replenishment,xgb_stockout_aware,0.709026575088501,0.639286,2.678571,3.777814674528468,2,1,3,0.3,0.0,40.0,True,1.9695444249114988,75.0,0.0,0.0,0.0,50.0,0.4913314985016646,0.0,0.5714285714285714,40.0,36.75,Medium,Excess inventory,stockout|excess_inventory|forecast_uncertainty_proxy|replenishment_urgency,normalized holdout MAE proxy; no predictive interval
6,115,2024-07-02,ml_optimized,AI forecast + cost-aware replenishment,xgb_stockout_aware,0.4910227656364441,0.466786,1.6,3.258504721112358,2,1,3,0.0,0.0,40.0,True,1.108977234363556,75.0,0.0,0.0,0.0,50.0,0.342990058059452,0.14285714285714285,0.0,40.0,36.75,Medium,Excess inventory,stockout|excess_inventory|forecast_uncertainty_proxy|replenishment_urgency,normalized holdout MAE proxy; no predictive interval
9,93,2024-07-02,ml_optimized,AI forecast + cost-aware replenishment,xgb_stockout_aware,0.4271477162837982,0.535714,1.4,3.277554688059799,2,1,3,0.5,0.0,40.0,True,0.9728522837162017,75.0,0.0,0.0,0.0,50.0,0.2867240091649498,0.0,0.42857142857142855,40.0,36.75,Medium,Excess inventory,stockout|excess_inventory|forecast_uncertainty_proxy|replenishment_urgency,normalized holdout MAE proxy; no predictive interval
9,228,2024-07-02,ml_optimized,AI forecast + cost-aware replenishment,xgb_stockout_aware,0.4077376425266266,0.52,1.44,3.53168275334295,2,1,3,0.5,0.0,40.0,True,1.0322623574733734,75.0,0.0,0.0,0.0,50.0,0.34237498044967646,0.14285714285714285,0.8571428571428571,40.0,36.75,Medium,Excess inventory,stockout|excess_inventory|forecast_uncertainty_proxy|replenishment_urgency,normalized holdout MAE proxy; no predictive interval
10,343,2024-07-02,ml_optimized,AI forecast + cost-aware replenishment,xgb_stockout_aware,0.6637844443321228,0.56,2.6,3.9169342129070697,2,1,3,0.5,0.0,40.0,True,1.9362155556678773,75.0,0.0,0.0,0.0,50.0,0.29287180683829567,0.14285714285714285,0.42857142857142855,40.0,36.75,Medium,Excess inventory,stockout|excess_inventory|forecast_uncertainty_proxy|replenishment_urgency,normalized holdout MAE proxy; no predictive interval
10,441,2024-07-02,ml_optimized,AI forecast + cost-aware replenishment,xgb_stockout_aware,0.4250025749206543,0.720714,1.3,3.0588049972231417,2,1,3,0.2,0.0,40.0,True,0.8749974250793457,75.0,0.0,0.0,0.0,50.0,0.33593153847115376,0.0,0.0,40.0,36.75,Medium,Excess inventory,stockout|excess_inventory|forecast_uncertainty_proxy|replenishment_urgency,normalized holdout MAE proxy; no predictive interval
18,676,2024-07-02,ml_optimized,AI forecast + cost-aware replenishment,xgb_stockout_aware,0.4442322254180908,0.439286,1.4,3.1515048208904357,2,1,3,0.0,0.0,40.0,True,0.9557677745819091,75.0,0.0,0.0,0.0,50.0,0.4653555628580924,0.14285714285714285,0.0,40.0,36.75,Medium,Excess inventory,stockout|excess_inventory|forecast_uncertainty_proxy|replenishment_urgency,normalized holdout MAE proxy; no predictive interval
20,11,2024-07-02,ml_optimized,AI forecast + cost-aware replenishment,xgb_stockout_aware,0.4829450249671936,0.646429,1.5,3.105943580435257,2,1,3,0.0,0.0,40.0,True,1.0170549750328064,75.0,0.0,0.0,0.0,50.0,0.3411722242832184,0.0,0.14285714285714285,40.0,36.75,Medium,Excess inventory,stockout|excess_inventory|forecast_uncertainty_proxy|replenishment_urgency,normalized holdout MAE proxy; no predictive interval
20,150,2024-07-02,ml_optimized,AI forecast + cost-aware replenishment,xgb_stockout_aware,0.36728861927986145,0.424286,1.3,3.5394508072395356,2,1,3,0.7,0.0,40.0,True,0.9327113807201386,75.0,0.0,0.0,0.0,50.0,0.2832738243300339,0.14285714285714285,0.2857142857142857,40.0,36.75,Medium,Excess inventory,stockout|excess_inventory|forecast_uncertainty_proxy|replenishment_urgency,normalized holdout MAE proxy; no predictive interval
20,194,2024-07-02,ml_optimized,AI forecast + cost-aware replenishment,xgb_stockout_aware,1.2709530591964722,1.116786,4.5,3.540650040092756,2,1,3,0.9,0.0,40.0,True,3.229046940803528,75.0,0.0,0.0,0.0,50.0,0.29633118573901723,0.14285714285714285,0.42857142857142855,40.0,36.75,Medium,Excess inventory,stockout|excess_inventory|forecast_uncertainty_proxy|replenishment_urgency,normalized holdout MAE proxy; no predictive interval
20,247,2024-07-02,ml_optimized,AI forecast + cost-aware replenishment,xgb_stockout_aware,0.49780744314193726,0.557143,1.9142860000000002,3.845434668308464,2,1,3,0.0,0.0,40.0,True,1.416478556858063,75.0,0.0,0.0,0.0,50.0,0.46763835999430436,0.0,0.42857142857142855,40.0,36.75,Medium,Excess inventory,stockout|excess_inventory|forecast_uncertainty_proxy|replenishment_urgency,normalized holdout MAE proxy; no predictive interval
20,258,2024-07-02,ml_optimized,AI forecast + cost-aware replenishment,xgb_stockout_aware,0.5926266312599182,0.507143,1.9,3.2060658427729094,2,1,3,0.0,0.0,40.0,True,1.3073733687400817,75.0,0.0,0.0,0.0,50.0,0.2823660724303302,0.14285714285714285,0.7142857142857143,40.0,36.75,Medium,Excess inventory,stockout|excess_inventory|forecast_uncertainty_proxy|replenishment_urgency,normalized holdout MAE proxy; no predictive interval
21,118,2024-07-02,ml_optimized,AI forecast + cost-aware replenishment,xgb_stockout_aware,0.7245291471481323,0.817857,2.5300000000000002,3.4919230095276395,2,1,3,0.7,0.0,40.0,True,1.805470852851868,75.0,0.0,0.0,0.0,50.0,0.43513457105738884,0.0,0.14285714285714285,40.0,36.75,Medium,Excess inventory,stockout|excess_inventory|forecast_uncertainty_proxy|replenishment_urgency,normalized holdout MAE proxy; no predictive interval
21,215,2024-07-02,ml_optimized,AI forecast + cost-aware replenishment,xgb_stockout_aware,4.0448527336120605,3.685714,14.600000000000003,3.609525726036057,2,1,3,4.2,0.0,40.0,True,10.555147266387943,75.0,0.0,0.0,0.0,50.0,0.2786878906520067,0.14285714285714285,0.5714285714285714,40.0,36.75,Medium,Excess inventory,stockout|excess_inventory|forecast_uncertainty_proxy|replenishment_urgency,normalized holdout MAE proxy; no predictive interval
21,291,2024-07-02,ml_optimized,AI forecast + cost-aware replenishment,xgb_stockout_aware,1.0524030923843384,1.0175,3.2,3.0406600124578103,2,1,3,0.8,0.0,40.0,True,2.147596907615662,75.0,0.0,0.0,0.0,50.0,0.2783525242255284,0.14285714285714285,0.5714285714285714,40.0,36.75,Medium,Excess inventory,stockout|excess_inventory|forecast_uncertainty_proxy|replenishment_urgency,normalized holdout MAE proxy; no predictive interval
21,292,2024-07-02,ml_optimized,AI forecast + cost-aware replenishment,xgb_stockout_aware,1.4310919046401978,1.421429,4.782857,3.3421033160008657,2,1,3,2.0,0.0,40.0,True,3.351765095359802,75.0,0.0,0.0,0.0,50.0,0.263496200993376,0.14285714285714285,0.7142857142857143,40.0,36.75,Medium,Excess inventory,stockout|excess_inventory|forecast_uncertainty_proxy|replenishment_urgency,normalized holdout MAE proxy; no predictive interval
21,293,2024-07-02,ml_optimized,AI forecast + cost-aware replenishment,xgb_stockout_aware,0.4187949597835541,0.492857,1.2857139999999998,3.070032171983387,2,1,3,0.6,0.0,40.0,True,0.8669190402164457,75.0,0.0,0.0,0.0,50.0,0.3324760576573815,0.0,0.2857142857142857,40.0,36.75,Medium,Excess inventory,stockout|excess_inventory|forecast_uncertainty_proxy|replenishment_urgency,normalized holdout MAE proxy; no predictive interval
21,295,2024-07-02,ml_optimized,AI forecast + cost-aware replenishment,xgb_stockout_aware,0.6884581446647644,0.703214,2.3000000000000003,3.3407985914960086,2,1,3,0.8,0.0,40.0,True,1.6115418553352359,75.0,0.0,0.0,0.0,50.0,0.3061654428641002,0.14285714285714285,0.42857142857142855,40.0,36.75,Medium,Excess inventory,stockout|excess_inventory|forecast_uncertainty_proxy|replenishment_urgency,normalized holdout MAE proxy; no predictive interval
21,426,2024-07-02,ml_optimized,AI forecast + cost-aware replenishment,xgb_stockout_aware,0.36590564250946045,0.45,1.1,3.006239511519858,2,1,3,0.4,0.0,40.0,True,0.7340943574905396,75.0,0.0,0.0,0.0,50.0,0.26493815837367884,0.0,0.7142857142857143,40.0,36.75,Medium,Excess inventory,stockout|excess_inventory|forecast_uncertainty_proxy|replenishment_urgency,normalized holdout MAE proxy; no predictive interval
25,0,2024-07-02,ml_optimized,AI forecast + cost-aware replenishment,xgb_stockout_aware,0.5042632222175598,0.575,1.7000000000000002,3.371255180030858,2,1,3,0.0,0.0,40.0,True,1.1957367777824404,75.0,0.0,0.0,0.0,50.0,0.33801118938290337,0.14285714285714285,0.7142857142857143,40.0,36.75,Medium,Excess inventory,stockout|excess_inventory|forecast_uncertainty_proxy|replenishment_urgency,normalized holdout MAE proxy; no predictive interval
25,83,2024-07-02,ml_optimized,AI forecast + cost-aware replenishment,xgb_stockout_aware,0.6109026074409485,0.611071,1.9,3.110152055102595,2,1,3,0.8,0.0,40.0,True,1.2890973925590514,75.0,0.0,0.0,0.0,50.0,0.4121477833160987,0.14285714285714285,0.0,40.0,36.75,Medium,Excess inventory,stockout|excess_inventory|forecast_uncertainty_proxy|replenishment_urgency,normalized holdout MAE proxy; no predictive interval
25,275,2024-07-02,ml_optimized,AI forecast + cost-aware replenishment,xgb_stockout_aware,0.5447428226470947,0.4525,1.9,3.487884412624731,2,1,3,0.5,0.0,40.0,True,1.3552571773529052,75.0,0.0,0.0,0.0,50.0,0.35786941591298804,0.14285714285714285,0.5714285714285714,40.0,36.75,Medium,Excess inventory,stockout|excess_inventory|forecast_uncertainty_proxy|replenishment_urgency,normalized holdout MAE proxy; no predictive interval
25,381,2024-07-02,ml_optimized,AI forecast + cost-aware replenishment,xgb_stockout_aware,0.7073147892951965,1.25,2.5,3.53449417124605,2,1,3,0.9,0.0,40.0,True,1.7926852107048035,75.0,0.0,0.0,0.0,50.0,0.301942817748539,0.0,0.0,40.0,36.75,Medium,Excess inventory,stockout|excess_inventory|forecast_uncertainty_proxy|replenishment_urgency,normalized holdout MAE proxy; no predictive interval
36,457,2024-07-02,ml_optimized,AI forecast + cost-aware replenishment,xgb_stockout_aware,0.241665318608284,0.333571,0.9,3.724158705034596,2,1,3,0.3,0.0,40.0,True,0.658334681391716,75.0,0.0,0.0,0.0,50.0,0.4317607581615448,0.0,0.5714285714285714,40.0,36.75,Medium,Excess inventory,stockout|excess_inventory|forecast_uncertainty_proxy|replenishment_urgency,normalized holdout MAE proxy; no predictive interval
36,462,2024-07-02,ml_optimized,AI forecast + cost-aware replenishment,xgb_stockout_aware,0.32472458481788635,0.4575,1.1,3.3874860464196375,2,1,3,0.3,0.0,40.0,True,0.7752754151821137,75.0,0.0,0.0,0.0,50.0,0.3594816974231175,0.14285714285714285,0.8571428571428571,40.0,36.75,Medium,Excess inventory,stockout|excess_inventory|forecast_uncertainty_proxy|replenishment_urgency,normalized holdout MAE proxy; no predictive interval
42,64,2024-07-02,ml_optimized,AI forecast + cost-aware replenishment,xgb_stockout_aware,0.34301263093948364,0.363214,1.1,3.206878991561301,2,1,3,0.2,0.0,40.0,True,0.7569873690605164,75.0,0.0,0.0,0.0,50.0,0.2857546712222852,0.14285714285714285,0.2857142857142857,40.0,36.75,Medium,Excess inventory,stockout|excess_inventory|forecast_uncertainty_proxy|replenishment_urgency,normalized holdout MAE proxy; no predictive interval
42,512,2024-07-02,ml_optimized,AI forecast + cost-aware replenishment,xgb_stockout_aware,3.0214619636535645,2.571429,10.600000000000001,3.5082354593610163,2,1,3,2.7,0.0,40.0,True,7.578538036346437,75.0,0.0,0.0,0.0,50.0,0.3251618314380489,0.14285714285714285,0.42857142857142855,40.0,36.75,Medium,Excess inventory,stockout|excess_inventory|forecast_uncertainty_proxy|replenishment_urgency,normalized holdout MAE proxy; no predictive interval
42,599,2024-07-02,ml_optimized,AI forecast + cost-aware replenishment,xgb_stockout_aware,0.6308294534683228,1.228571,2.4,3.8045148126878265,2,1,3,0.8,0.0,40.0,True,1.7691705465316772,75.0,0.0,0.0,0.0,50.0,0.2703283290068309,0.0,0.42857142857142855,40.0,36.75,Medium,Excess inventory,stockout|excess_inventory|forecast_uncertainty_proxy|replenishment_urgency,normalized holdout MAE proxy; no predictive interval
49,467,2024-07-02,ml_optimized,AI forecast + cost-aware replenishment,xgb_stockout_aware,1.6228913068771362,1.8,5.6,3.4506315834397143,2,1,3,2.2,0.0,40.0,True,3.9771086931228634,75.0,0.0,0.0,0.0,50.0,0.46081237983703616,0.0,0.0,40.0,36.75,Medium,Excess inventory,stockout|excess_inventory|forecast_uncertainty_proxy|replenishment_urgency,normalized holdout MAE proxy; no predictive interval
52,218,2024-07-02,ml_optimized,AI forecast + cost-aware replenishment,xgb_stockout_aware,0.5054500699043274,0.511786,1.9,3.759026090073814,2,1,3,0.6,0.0,40.0,True,1.3945499300956725,75.0,0.0,0.0,0.0,50.0,0.25406884125300816,0.0,0.2857142857142857,40.0,36.75,Medium,Excess inventory,stockout|excess_inventory|forecast_uncertainty_proxy|replenishment_urgency,normalized holdout MAE proxy; no predictive interval
52,287,2024-07-02,ml_optimized,AI forecast + cost-aware replenishment,xgb_stockout_aware,0.9702885746955872,0.889286,3.4785709999999996,3.585089107218795,2,1,3,0.7,0.0,40.0,True,2.5082824253044125,75.0,0.0,0.0,0.0,50.0,0.4644308514790992,0.0,0.0,40.0,36.75,Medium,Excess inventory,stockout|excess_inventory|forecast_uncertainty_proxy|replenishment_urgency,normalized holdout MAE proxy; no predictive interval
52,541,2024-07-02,ml_optimized,AI forecast + cost-aware replenishment,xgb_stockout_aware,1.0733553171157837,1.441429,3.8000000000000003,3.5403001591411423,2,1,3,1.2,0.0,40.0,True,2.7266446828842166,75.0,0.0,0.0,0.0,50.0,0.338934525530389,0.14285714285714285,0.14285714285714285,40.0,36.75,Medium,Excess inventory,stockout|excess_inventory|forecast_uncertainty_proxy|replenishment_urgency,normalized holdout MAE proxy; no predictive interval
64,11,2024-07-02,ml_optimized,AI forecast + cost-aware replenishment,xgb_stockout_aware,0.5153651833534241,0.675,1.7,3.2986318341070087,2,1,3,0.0,0.0,40.0,True,1.1846348166465759,75.0,0.0,0.0,0.0,50.0,0.34761767089366913,0.0,0.14285714285714285,40.0,36.75,Medium,Excess inventory,stockout|excess_inventory|forecast_uncertainty_proxy|replenishment_urgency,normalized holdout MAE proxy; no predictive interval
64,190,2024-07-02,ml_optimized,AI forecast + cost-aware replenishment,xgb_stockout_aware,0.9157435297966003,0.803571,3.6071429999999998,3.9390319261127593,2,1,3,0.5,0.0,40.0,True,2.6913994702033994,75.0,0.0,0.0,0.0,50.0,0.27541076791459235,0.0,0.7142857142857143,40.0,36.75,Medium,Excess inventory,stockout|excess_inventory|forecast_uncertainty_proxy|replenishment_urgency,normalized holdout MAE proxy; no predictive interval
64,422,2024-07-02,ml_optimized,AI forecast + cost-aware replenishment,xgb_stockout_aware,0.2573773264884949,0.392857,0.8,3.1082769057971436,2,1,3,0.4,0.0,40.0,True,0.5426226735115052,75.0,0.0,0.0,0.0,50.0,0.32328221889642567,0.0,0.0,40.0,36.75,Medium,Excess inventory,stockout|excess_inventory|forecast_uncertainty_proxy|replenishment_urgency,normalized holdout MAE proxy; no predictive interval
68,26,2024-07-02,ml_optimized,AI forecast + cost-aware replenishment,xgb_stockout_aware,0.5507737994194031,0.653571,2.2,3.994380274296136,2,1,3,0.7,0.0,40.0,True,1.649226200580597,75.0,0.0,0.0,0.0,50.0,0.39147903124491373,0.0,0.5714285714285714,40.0,36.75,Medium,Excess inventory,stockout|excess_inventory|forecast_uncertainty_proxy|replenishment_urgency,normalized holdout MAE proxy; no predictive interval
70,187,2024-07-02,ml_optimized,AI forecast + cost-aware replenishment,xgb_stockout_aware,0.698015034198761,0.560357,2.4207140000000003,3.4679969361672773,2,1,3,0.0,0.0,40.0,True,1.7226989658012393,75.0,0.0,0.0,0.0,50.0,0.3859787138681563,0.0,0.42857142857142855,40.0,36.75,Medium,Excess inventory,stockout|excess_inventory|forecast_uncertainty_proxy|replenishment_urgency,normalized holdout MAE proxy; no predictive interval
70,836,2024-07-02,ml_optimized,AI forecast + cost-aware replenishment,xgb_stockout_aware,0.40186506509780884,0.503571,1.5999999999999999,3.9814359071261403,2,1,3,0.3,0.0,40.0,True,1.198134934902191,75.0,0.0,0.0,0.0,50.0,0.4386438569601845,0.0,0.0,40.0,36.75,Medium,Excess inventory,stockout|excess_inventory|forecast_uncertainty_proxy|replenishment_urgency,normalized holdout MAE proxy; no predictive interval
71,221,2024-07-02,ml_optimized,AI forecast + cost-aware replenishment,xgb_stockout_aware,0.36442920565605164,0.464286,1.3,3.567222329669539,2,1,3,0.5,0.0,40.0,True,0.9355707943439484,75.0,0.0,0.0,0.0,50.0,0.29523209333419803,0.14285714285714285,0.5714285714285714,40.0,36.75,Medium,Excess inventory,stockout|excess_inventory|forecast_uncertainty_proxy|replenishment_urgency,normalized holdout MAE proxy; no predictive interval
89,142,2024-07-02,ml_optimized,AI forecast + cost-aware replenishment,xgb_stockout_aware,1.3326376676559448,1.223571,4.0,3.0015660648673066,2,1,3,1.3,0.0,40.0,True,2.667362332344055,75.0,0.0,0.0,0.0,50.0,0.4610448443159764,0.14285714285714285,0.42857142857142855,40.0,36.75,Medium,Excess inventory,stockout|excess_inventory|forecast_uncertainty_proxy|replenishment_urgency,normalized holdout MAE proxy; no predictive interval
89,215,2024-07-02,ml_optimized,AI forecast + cost-aware replenishment,xgb_stockout_aware,2.143399715423584,2.102143,7.604286,3.5477685031311212,2,1,3,0.0,0.0,40.0,True,5.460886284576416,75.0,0.0,0.0,0.0,50.0,0.27380234712646123,0.0,0.42857142857142855,40.0,36.75,Medium,Excess inventory,stockout|excess_inventory|forecast_uncertainty_proxy|replenishment_urgency,normalized holdout MAE proxy; no predictive interval
89,300,2024-07-02,ml_optimized,AI forecast + cost-aware replenishment,xgb_stockout_aware,1.652961254119873,1.409643,5.200000000000001,3.145869261629345,2,1,3,0.0,0.0,40.0,True,3.547038745880128,75.0,0.0,0.0,0.0,50.0,0.34978257995237444,0.14285714285714285,0.42857142857142855,40.0,36.75,Medium,Excess inventory,stockout|excess_inventory|forecast_uncertainty_proxy|replenishment_urgency,normalized holdout MAE proxy; no predictive interval
89,381,2024-07-02,ml_optimized,AI forecast + cost-aware replenishment,xgb_stockout_aware,0.5172146558761597,0.525,1.85,3.5768514657924904,2,1,3,0.7,0.0,40.0,True,1.3327853441238404,75.0,0.0,0.0,0.0,50.0,0.27084902653823023,0.0,0.0,40.0,36.75,Medium,Excess inventory,stockout|excess_inventory|forecast_uncertainty_proxy|replenishment_urgency,normalized holdout MAE proxy; no predictive interval
89,469,2024-07-02,ml_optimized,AI forecast + cost-aware replenishment,xgb_stockout_aware,0.33416303992271423,0.373571,1.167143,3.492735163858752,2,1,3,0.0,0.0,40.0,True,0.8329799600772858,75.0,0.0,0.0,0.0,50.0,0.4116437895185996,0.0,0.42857142857142855,40.0,36.75,Medium,Excess inventory,stockout|excess_inventory|forecast_uncertainty_proxy|replenishment_urgency,normalized holdout MAE proxy; no predictive interval
102,381,2024-07-02,ml_optimized,AI forecast + cost-aware replenishment,xgb_stockout_aware,0.47376465797424316,0.525,1.5,3.1661289519015776,2,1,3,0.4,0.0,40.0,True,1.0262353420257568,75.0,0.0,0.0,0.0,50.0,0.4622436384359995,0.0,0.0,40.0,36.75,Medium,Excess inventory,stockout|excess_inventory|forecast_uncertainty_proxy|replenishment_urgency,normalized holdout MAE proxy; no predictive interval
103,6,2024-07-02,ml_optimized,AI forecast + cost-aware replenishment,xgb_stockout_aware,0.9366490244865417,0.885714,3.5999999999999996,3.843488762477995,2,1,3,0.0,0.0,40.0,True,2.663350975513458,75.0,0.0,0.0,0.0,50.0,0.3710404906023065,0.14285714285714285,0.42857142857142855,40.0,36.75,Medium,Excess inventory,stockout|excess_inventory|forecast_uncertainty_proxy|replenishment_urgency,normalized holdout MAE proxy; no predictive interval
103,835,2024-07-02,ml_optimized,AI forecast + cost-aware replenishment,xgb_stockout_aware,1.503330945968628,1.582143,4.799999999999999,3.1929097268115223,2,1,3,0.0,0.0,40.0,True,3.296669054031371,75.0,0.0,0.0,0.0,50.0,0.4757247198195685,0.14285714285714285,0.2857142857142857,40.0,36.75,Medium,Excess inventory,stockout|excess_inventory|forecast_uncertainty_proxy|replenishment_urgency,normalized holdout MAE proxy; no predictive interval
117,316,2024-07-02,ml_optimized,AI forecast + cost-aware replenishment,xgb_stockout_aware,1.1317447423934937,0.957857,3.7,3.269288437050725,2,1,3,1.5,0.0,40.0,True,2.5682552576065065,75.0,0.0,0.0,0.0,50.0,0.3248135689850692,0.14285714285714285,0.14285714285714285,40.0,36.75,Medium,Excess inventory,stockout|excess_inventory|forecast_uncertainty_proxy|replenishment_urgency,normalized holdout MAE proxy; no predictive interval
224,694,2024-07-02,ml_optimized,AI forecast + cost-aware replenishment,xgb_stockout_aware,1.3140227794647217,1.228571,4.5,3.4245981655151465,2,1,3,1.2,0.0,40.0,True,3.1859772205352783,75.0,0.0,0.0,0.0,50.0,0.33015886490995233,0.0,0.14285714285714285,40.0,36.75,Medium,Excess inventory,stockout|excess_inventory|forecast_uncertainty_proxy|replenishment_urgency,normalized holdout MAE proxy; no predictive interval
244,381,2024-07-02,ml_optimized,AI forecast + cost-aware replenishment,xgb_stockout_aware,0.6393266320228577,1.060714,1.9999999999999998,3.1282913925733262,2,1,3,0.8,0.0,40.0,True,1.3606733679771421,75.0,0.0,0.0,0.0,50.0,0.3461164261983789,0.0,0.0,40.0,36.75,Medium,Excess inventory,stockout|excess_inventory|forecast_uncertainty_proxy|replenishment_urgency,normalized holdout MAE proxy; no predictive interval
310,221,2024-07-02,ml_optimized,AI forecast + cost-aware replenishment,xgb_stockout_aware,0.7039732933044434,0.810714,2.3999999999999995,3.409220240066813,2,1,3,0.0,0.0,40.0,True,1.696026706695556,75.0,0.0,0.0,0.0,50.0,0.40152411894364787,0.0,0.7142857142857143,40.0,36.75,Medium,Excess inventory,stockout|excess_inventory|forecast_uncertainty_proxy|replenishment_urgency,normalized holdout MAE proxy; no predictive interval
310,322,2024-07-02,ml_optimized,AI forecast + cost-aware replenishment,xgb_stockout_aware,0.395704984664917,0.465714,1.3,3.285275774579489,2,1,3,0.4,0.0,40.0,True,0.904295015335083,75.0,0.0,0.0,0.0,50.0,0.4607658391481979,0.0,0.14285714285714285,40.0,36.75,Medium,Excess inventory,stockout|excess_inventory|forecast_uncertainty_proxy|replenishment_urgency,normalized holdout MAE proxy; no predictive interval
310,447,2024-07-02,ml_optimized,AI forecast + cost-aware replenishment,xgb_stockout_aware,0.9513818025588989,1.142857,3.0857139999999994,3.243402377153379,2,1,3,0.0,0.0,40.0,True,2.1343321974411005,75.0,0.0,0.0,0.0,50.0,0.2949262857437134,0.0,0.14285714285714285,40.0,36.75,Medium,Excess inventory,stockout|excess_inventory|forecast_uncertainty_proxy|replenishment_urgency,normalized holdout MAE proxy; no predictive interval
310,654,2024-07-02,ml_optimized,AI forecast + cost-aware replenishment,xgb_stockout_aware,0.8419804573059082,1.039286,3.0,3.563028065519626,2,1,3,0.9,0.0,40.0,True,2.158019542694092,75.0,0.0,0.0,0.0,50.0,0.28958699739340577,0.0,0.2857142857142857,40.0,36.75,Medium,Excess inventory,stockout|excess_inventory|forecast_uncertainty_proxy|replenishment_urgency,normalized holdout MAE proxy; no predictive interval
473,307,2024-07-02,ml_optimized,AI forecast + cost-aware replenishment,xgb_stockout_aware,0.48171329498291016,0.421429,1.5,3.1138854078196365,2,1,3,0.2,0.0,40.0,True,1.0182867050170898,75.0,0.0,0.0,0.0,50.0,0.4269499695578287,0.0,0.14285714285714285,40.0,36.75,Medium,Excess inventory,stockout|excess_inventory|forecast_uncertainty_proxy|replenishment_urgency,normalized holdout MAE proxy; no predictive interval
476,37,2024-07-02,ml_optimized,AI forecast + cost-aware replenishment,xgb_stockout_aware,0.9022033214569092,0.764286,2.8000000000000003,3.103513291747212,2,1,3,0.7,0.0,40.0,True,1.897796678543091,75.0,0.0,0.0,0.0,50.0,0.4115402902044902,0.14285714285714285,0.14285714285714285,40.0,36.75,Medium,Excess inventory,stockout|excess_inventory|forecast_uncertainty_proxy|replenishment_urgency,normalized holdout MAE proxy; no predictive interval
615,381,2024-07-02,ml_optimized,AI forecast + cost-aware replenishment,xgb_stockout_aware,0.42724141478538513,0.421429,1.3,3.04277617995677,2,1,3,0.3,0.0,40.0,True,0.8727585852146149,75.0,0.0,0.0,0.0,50.0,0.42824352128165105,0.0,0.0,40.0,36.75,Medium,Excess inventory,stockout|excess_inventory|forecast_uncertainty_proxy|replenishment_urgency,normalized holdout MAE proxy; no predictive interval
643,50,2024-07-02,ml_optimized,AI forecast + cost-aware replenishment,xgb_stockout_aware,0.8409412503242493,1.017857,2.9000000000000004,3.448516764853456,2,1,3,0.7,0.0,40.0,True,2.059058749675751,75.0,0.0,0.0,0.0,50.0,0.3207151532173157,0.0,0.7142857142857143,40.0,36.75,Medium,Excess inventory,stockout|excess_inventory|forecast_uncertainty_proxy|replenishment_urgency,normalized holdout MAE proxy; no predictive interval
897,215,2024-07-02,ml_optimized,AI forecast + cost-aware replenishment,xgb_stockout_aware,4.194031715393066,3.675,14.75,3.516902350991789,2,1,3,4.7,0.0,40.0,True,10.555968284606934,75.0,0.0,0.0,0.0,50.0,0.29849644909855905,0.0,0.14285714285714285,40.0,36.75,Medium,Excess inventory,stockout|excess_inventory|forecast_uncertainty_proxy|replenishment_urgency,normalized holdout MAE proxy; no predictive interval
897,441,2024-07-02,ml_optimized,AI forecast + cost-aware replenishment,xgb_stockout_aware,0.8759771585464478,0.817857,3.235714,3.6938337585984327,2,1,3,0.8,0.0,40.0,True,2.3597368414535524,75.0,0.0,0.0,0.0,50.0,0.4224390395930116,0.0,0.0,40.0,36.75,Medium,Excess inventory,stockout|excess_inventory|forecast_uncertainty_proxy|replenishment_urgency,normalized holdout MAE proxy; no predictive interval
0,38,2024-07-02,ml_optimized,AI forecast + cost-aware replenishment,xgb_stockout_aware,0.3949888348579407,0.689286,6.0,15.190302789591316,2,1,3,0.0,0.0,40.0,True,5.605011165142059,100.0,0.0,0.0,0.0,75.0,0.8089921282310236,0.14285714285714285,0.14285714285714285,0.0,36.25,Medium,Excess inventory,stockout|excess_inventory|forecast_uncertainty_proxy,normalized holdout MAE proxy; no predictive interval
5,4,2024-07-02,ml_optimized,AI forecast + cost-aware replenishment,xgb_stockout_aware,0.44096407294273376,1.371429,3.8999999999999995,8.84425793233835,2,1,3,0.0,0.0,40.0,True,3.4590359270572657,100.0,0.0,0.0,0.0,75.0,0.5049616106682354,0.14285714285714285,0.42857142857142855,0.0,36.25,Medium,Excess inventory,stockout|excess_inventory|forecast_uncertainty_proxy,normalized holdout MAE proxy; no predictive interval
6,694,2024-07-02,ml_optimized,AI forecast + cost-aware replenishment,xgb_stockout_aware,0.9971307516098022,0.982143,4.3,4.31237327006306,2,1,3,0.0,0.0,40.0,True,3.3028692483901976,100.0,0.0,0.0,0.0,75.0,0.5823833728904155,0.14285714285714285,0.2857142857142857,0.0,36.25,Medium,Excess inventory,stockout|excess_inventory|forecast_uncertainty_proxy,normalized holdout MAE proxy; no predictive interval
9,235,2024-07-02,ml_optimized,AI forecast + cost-aware replenishment,xgb_stockout_aware,0.8141286373138428,1.142857,4.4,5.404551318225919,2,1,3,0.0,0.0,40.0,True,3.5858713626861576,100.0,0.5,50.0,0.0,25.0,0.19407009776634507,0.14285714285714285,0.14285714285714285,0.0,36.25,Medium,Excess inventory,stockout|excess_inventory|potential_spoilage|forecast_uncertainty_proxy,normalized holdout MAE proxy; no predictive interval
41,114,2024-07-02,ml_optimized,AI forecast + cost-aware replenishment,xgb_stockout_aware,2.361095666885376,2.432143,11.2,4.743560439791246,2,1,3,0.0,0.0,40.0,True,8.838904333114623,100.0,1.7999999999999998,50.0,0.0,25.0,0.24190858629014758,0.14285714285714285,0.0,0.0,36.25,Medium,Excess inventory,stockout|excess_inventory|potential_spoilage|forecast_uncertainty_proxy,normalized holdout MAE proxy; no predictive interval
64,363,2024-07-02,ml_optimized,AI forecast + cost-aware replenishment,xgb_stockout_aware,1.3574841022491455,0.732143,5.699999999999999,4.198944201671285,2,1,3,1.4,0.0,40.0,True,4.342515897750854,100.0,0.0,0.0,75.0,25.0,0.1756451597696618,0.14285714285714285,0.8571428571428571,0.0,36.25,Medium,Excess inventory,stockout|excess_inventory|demand_spike|forecast_uncertainty_proxy,normalized holdout MAE proxy; no predictive interval
64,396,2024-07-02,ml_optimized,AI forecast + cost-aware replenishment,xgb_stockout_aware,0.3411310017108917,0.485714,2.8400000000000003,8.325247443816021,2,1,3,0.0,0.0,40.0,True,2.4988689982891086,100.0,0.0,0.0,0.0,75.0,0.6088863086830721,0.14285714285714285,0.2857142857142857,0.0,36.25,Medium,Excess inventory,stockout|excess_inventory|forecast_uncertainty_proxy,normalized holdout MAE proxy; no predictive interval
70,587,2024-07-02,ml_optimized,AI forecast + cost-aware replenishment,xgb_stockout_aware,0.2634330987930298,0.478571,2.8000000000000003,10.62888457383961,2,1,3,0.0,0.0,40.0,True,2.5365669012069705,100.0,0.0,0.0,0.0,75.0,0.584851989823003,0.14285714285714285,0.5714285714285714,0.0,36.25,Medium,Excess inventory,stockout|excess_inventory|forecast_uncertainty_proxy,normalized holdout MAE proxy; no predictive interval
72,73,2024-07-02,ml_optimized,AI forecast + cost-aware replenishment,xgb_stockout_aware,1.9972834587097168,1.253571,8.1,4.055508478116949,2,1,3,1.9,0.0,40.0,True,6.102716541290283,100.0,0.0,0.0,75.0,25.0,0.13095679899462226,0.14285714285714285,0.7142857142857143,0.0,36.25,Medium,Excess inventory,stockout|excess_inventory|demand_spike|forecast_uncertainty_proxy,normalized holdout MAE proxy; no predictive interval
72,610,2024-07-02,ml_optimized,AI forecast + cost-aware replenishment,xgb_stockout_aware,0.6365313529968262,0.695,2.6,4.0846377601968085,2,1,3,0.9,0.0,40.0,True,1.963468647003174,100.0,0.19999999999999996,50.0,0.0,25.0,0.21862167578477126,0.14285714285714285,0.0,0.0,36.25,Medium,Excess inventory,stockout|excess_inventory|potential_spoilage|forecast_uncertainty_proxy,normalized holdout MAE proxy; no predictive interval
268,467,2024-07-02,ml_optimized,AI forecast + cost-aware replenishment,xgb_stockout_aware,0.29590365290641785,0.664286,3.3,11.152278681208623,2,1,3,0.0,0.0,40.0,True,3.004096347093582,100.0,0.0,0.0,0.0,75.0,0.9637926836167612,0.14285714285714285,0.42857142857142855,0.0,36.25,Medium,Excess inventory,stockout|excess_inventory|forecast_uncertainty_proxy,normalized holdout MAE proxy; no predictive interval
283,856,2024-07-02,ml_optimized,AI forecast + cost-aware replenishment,xgb_stockout_aware,0.15548473596572876,0.614286,0.7000000000000002,4.502049642701204,2,1,3,0.0,0.0,40.0,True,0.5445152640342714,100.0,0.0,0.0,0.0,75.0,0.5132661788236528,0.14285714285714285,0.0,0.0,36.25,Medium,Excess inventory,stockout|excess_inventory|forecast_uncertainty_proxy,normalized holdout MAE proxy; no predictive interval
328,820,2024-07-02,ml_optimized,AI forecast + cost-aware replenishment,xgb_stockout_aware,0.14229819178581238,0.560714,2.0999999999999996,14.757741989869592,2,1,3,0.0,0.0,40.0,True,1.9577018082141873,100.0,0.0,0.0,0.0,75.0,0.6228424659589442,0.14285714285714285,0.42857142857142855,0.0,36.25,Medium,Excess inventory,stockout|excess_inventory|forecast_uncertainty_proxy,normalized holdout MAE proxy; no predictive interval
665,856,2024-07-02,ml_optimized,AI forecast + cost-aware replenishment,xgb_stockout_aware,0.30319270491600037,0.607143,3.1999999999999997,10.554343650473255,2,1,3,0.0,0.0,40.0,True,2.8968072950839994,100.0,0.0,0.0,0.0,75.0,0.6167949014239842,0.14285714285714285,0.0,0.0,36.25,Medium,Excess inventory,stockout|excess_inventory|forecast_uncertainty_proxy,normalized holdout MAE proxy; no predictive interval
